Gym has been unmaintained since 2022 and does not support NumPy 2.0 amongst other critical functionality.
Please upgrade to Gymnasium, the maintained drop-in replacement of Gym, or contact the authors of your software and request that they upgrade.
See the migration guide at https://gymnasium.farama.org/introduction/migration_guide/ for additional information.
/home/johny.tarbouch/miniconda3/envs/acac/lib/python3.9/site-packages/gym/envs/registration.py:505: UserWarning: [33mWARN: The environment Overcooked-MA-v0 is out of date. You should consider upgrading to version `v1` with the environment ID `Overcooked-MA-v1`.[0m
  logger.warn(
/home/johny.tarbouch/projects/acac/scripts/params/alg/acac.json is successfully loaded
/home/johny.tarbouch/projects/acac/scripts/params/env/ovcCR11_N6.json is successfully loaded
{'grid_dim': [11, 11], 'map_type': 'C', 'n_agent': 6, 'task': 'lettuce-onion-tomato salad', 'rewardList': {'subtask finished': 10, 'correct delivery': 200, 'wrong delivery': -5, 'step penalty': -0.1}, 'debug': False, 'rand_start': True, 'n_knife': 4, 'n_plate': 4, 'obj': ['A', 'B', 'C', 'D', 'E', 'F']}
===========================
args: 
alg_name: acac
env_name: ovcCR11_N6
exp_name: acac_ovcCR11_N6_seed1_t8
env_id: Overcooked-MA-v0
env_terminate_step: 400
n_env: 8
n_agent: 6
c_mode: 0
l_mode: 1
seed: 1
resume: False
device: cuda
share_encoder: False
parallel: True
state: False
total_epi: 500000
gamma: 0.995
a_lr: 0.0003
c_lr: 0.0003
c_train_iteration: 1
eps_start: 1.0
eps_end: 0.05
eps_stable_at: 20000
c_hys_start: 1.0
c_hys_end: 1.0
adv_hys_start: 1.0
adv_hys_end: 1.0
hys_stable_at: 4000
critic_hys: False
adv_hys: False
etrpy_w_start: 0.0
etrpy_w_end: 0.0
etrpy_w_stable_at: 4000
train_freq: 8
c_target_update_freq: 32
c_target_soft_update: False
tau: 0.01
n_step_TD: 5
TD_lambda: 0.0
GAE_lambda: 0.95
a_mlp_layer_size: [128, 64]
a_rnn_layer_size: 64
c_mlp_layer_size: [128, 64]
c_mid_layer_size: 32
c_rnn_layer_size: 64
grad_clip_value: 0.0
grad_clip_norm: 0
obs_last_action: False
eval_policy: True
eval_freq: 200
eval_num_epi: 20
sample_epi: True
trace_len: 20
n_train_repeat: 5
clip_ratio: 0.01
n_minibatch: 8
grid_dim: [11, 11]
big_box_reward: 300.0
small_box_reward: 20.0
penalty: -10.0
task: 6
map_type: C
step_penalty: -0.1
rand_start: True
observation_type: partial
num_agvs: 5
num_pickers: 2
use_attention: True
cc_n_head: 2
value_head: mean_linear
enc_n_head: 4
n_layer: 1
time_emb: True
time_emb_actor: True
time_emb_alg: sinu
time_emb_dim: 2
n_knife: 4
n_plate: 4
obj: ['A', 'B', 'C', 'D', 'E', 'F']
use_actor_ln: True
vf_coef: 1.0
use_popart: True
duplicate: False
wandb: False
wandb_project: acac_marl
===========================
rand_start: True
exp_name:  acac_ovcCR11_N6_seed1_t8
env_name:  ovcCR11_N6
save_dir:  acac_ovcCR11_N6_seed1_t8/ovcCR11_N6
===========================
2026-04-17 09:22:08.136481 UTC | Variant:
2026-04-17 09:22:08.136690 UTC | {
  "alg_name": "acac",
  "env_name": "ovcCR11_N6",
  "exp_name": "acac_ovcCR11_N6_seed1_t8",
  "env_id": "Overcooked-MA-v0",
  "env_terminate_step": 400,
  "n_env": 8,
  "n_agent": 6,
  "c_mode": 0,
  "l_mode": 1,
  "seed": 1,
  "resume": false,
  "device": "cuda",
  "share_encoder": false,
  "parallel": true,
  "state": false,
  "total_epi": 500000,
  "gamma": 0.995,
  "a_lr": 0.0003,
  "c_lr": 0.0003,
  "c_train_iteration": 1,
  "eps_start": 1.0,
  "eps_end": 0.05,
  "eps_stable_at": 20000,
  "c_hys_start": 1.0,
  "c_hys_end": 1.0,
  "adv_hys_start": 1.0,
  "adv_hys_end": 1.0,
  "hys_stable_at": 4000,
  "critic_hys": false,
  "adv_hys": false,
  "etrpy_w_start": 0.0,
  "etrpy_w_end": 0.0,
  "etrpy_w_stable_at": 4000,
  "train_freq": 8,
  "c_target_update_freq": 32,
  "c_target_soft_update": false,
  "tau": 0.01,
  "n_step_TD": 5,
  "TD_lambda": 0.0,
  "GAE_lambda": 0.95,
  "a_mlp_layer_size": [
    128,
    64
  ],
  "a_rnn_layer_size": 64,
  "c_mlp_layer_size": [
    128,
    64
  ],
  "c_mid_layer_size": 32,
  "c_rnn_layer_size": 64,
  "grad_clip_value": 0.0,
  "grad_clip_norm": 0,
  "obs_last_action": false,
  "eval_policy": true,
  "eval_freq": 200,
  "eval_num_epi": 20,
  "sample_epi": true,
  "trace_len": 20,
  "n_train_repeat": 5,
  "clip_ratio": 0.01,
  "n_minibatch": 8,
  "grid_dim": [
    11,
    11
  ],
  "big_box_reward": 300.0,
  "small_box_reward": 20.0,
  "penalty": -10.0,
  "task": 6,
  "map_type": "C",
  "step_penalty": -0.1,
  "rand_start": true,
  "observation_type": "partial",
  "num_agvs": 5,
  "num_pickers": 2,
  "use_attention": true,
  "cc_n_head": 2,
  "value_head": "mean_linear",
  "enc_n_head": 4,
  "n_layer": 1,
  "time_emb": true,
  "time_emb_actor": true,
  "time_emb_alg": "sinu",
  "time_emb_dim": 2,
  "n_knife": 4,
  "n_plate": 4,
  "obj": "['A', 'B', 'C', 'D', 'E', 'F']",
  "use_actor_ln": true,
  "vf_coef": 1.0,
  "use_popart": true,
  "duplicate": false,
  "wandb": false,
  "wandb_project": "acac_marl",
  "save_dir": "acac_ovcCR11_N6_seed1_t8/ovcCR11_N6"
}
scripts.logging_utils.py | setup_logger | log_dir: /home/johny.tarbouch/projects/acac/data/log/acac_ovcCR11_N6_seed1_t8/ovcCR11_N6/s1_260417_18:22:08
scripts.logging_utils.py | setup_logger | snapshot_dir: /home/johny.tarbouch/projects/acac/data/snapshot/acac_ovcCR11_N6_seed1_t8/ovcCR11_N6/s1_260417_18:22:08
scripts.logging_utils.py | setup_logger | snapshot_mode: gap_and_last
scripts.logging_utils.py | setup_logger | snapshot_gap: 100
/home/johny.tarbouch/projects/acac/acac/acac_marl/cores/acac/models.py:103: RuntimeWarning: divide by zero encountered in log
  logits_1 = action_logits + np.log(1-eps)
Agent Centric Actor Critic ====================================================
    with PopArt
2026-04-17 09:26:32.488777 UTC | [s1_260417_18:22:08] Episode 200 | Eval Finished
------------------------  ---------------
Train/ReturnAverage         -75.275
Train/ReturnStd              19.4563
Train/ReturnMedian          -75
Train/ReturnMin            -125
Train/ReturnMax             -30
Train/DiscReturnAverage     -33.2916
Train/DiscReturnStd           8.03402
Train/DiscReturnMedian      -32.5665
Train/DiscReturnMin         -56.5657
Train/DiscReturnMax         -16.6182
Train/EpiLenAverage         400
Train/EpiLenStd               0
Train/EpiLenMedian          400
Train/EpiLenMin             400
Train/EpiLenMax             400
Train/NumDeliveryAverage      0
Train/NumDeliveryStd          0
Train/NumDeliveryMedian       0
Train/NumDeliveryMin          0
Train/NumDeliveryMax          0
Train/PickRateAverage         0
Train/PickRateStd             0
Train/PickRateMedian          0
Train/PickRateMin             0
Train/PickRateMax             0
Eval/ReturnAverage          -40.625
Eval/ReturnStd                1.65359
Eval/ReturnMedian           -40
Eval/ReturnMin              -45
Eval/ReturnMax              -40
Eval/DiscReturnAverage      -17.453
Eval/DiscReturnStd            0.426804
Eval/DiscReturnMedian       -17.3068
Eval/DiscReturnMin          -19.1882
Eval/DiscReturnMax          -17.3068
Eval/EpiLenAverage          400
Eval/EpiLenStd                0
Eval/EpiLenMedian           400
Eval/EpiLenMin              400
Eval/EpiLenMax              400
Eval/NumDeliveryAverage       0
Eval/NumDeliveryStd           0
Eval/NumDeliveryMedian        0
Eval/NumDeliveryMin           0
Eval/NumDeliveryMax           0
Eval/PickRateAverage          0
Eval/PickRateStd              0
Eval/PickRateMedian           0
Eval/PickRateMin              0
Eval/PickRateMax              0
Agent0/NMacroActions         96.47
Agent1/NMacroActions         93.815
Agent2/NMacroActions         92.37
Agent3/NMacroActions         92.88
Agent4/NMacroActions         92.615
Agent5/NMacroActions         92.26
Joint/Value                   0.635934
Joint/Advantage              -0.93519
Joint/CriticLoss              1.86115
Joint/VfCoef                  1
Agent0/ActorLoss              3.49832
Agent0/Entropy                3.09078
Agent0/ISRatio                0.999992
Agent0/ClipRate               0.000287548
Agent1/ActorLoss              3.5348
Agent1/Entropy                3.09088
Agent1/ISRatio                0.999925
Agent1/ClipRate               0.0105919
Agent2/ActorLoss              3.533
Agent2/Entropy                3.09077
Agent2/ISRatio                0.999985
Agent2/ClipRate               0.000755873
Agent3/ActorLoss              3.53596
Agent3/Entropy                3.09087
Agent3/ISRatio                0.999961
Agent3/ClipRate               0.00361755
Agent4/ActorLoss              3.5447
Agent4/Entropy                3.09089
Agent4/ISRatio                0.999939
Agent4/ClipRate               0.00597369
Agent5/ActorLoss              3.55262
Agent5/Entropy                3.09083
Agent5/ISRatio                0.999974
Agent5/ClipRate               0.00174195
Eps                           0.99088
Episodes                    200
Timesteps                 80000
SamplingTime                210.293
TrainingTime                 30.9044
EpochTime                   263.642
TotalTime                   263.642
------------------------  ---------------
2026-04-17 09:30:58.125840 UTC | [s1_260417_18:22:08] Episode 400 | Eval Finished
------------------------  ---------------
Train/ReturnAverage          -71.35
Train/ReturnStd               19.188
Train/ReturnMedian           -70
Train/ReturnMin             -130
Train/ReturnMax              -25
Train/DiscReturnAverage      -31.9699
Train/DiscReturnStd            7.62063
Train/DiscReturnMedian       -30.5385
Train/DiscReturnMin          -55.2745
Train/DiscReturnMax          -16.8999
Train/EpiLenAverage          400
Train/EpiLenStd                0
Train/EpiLenMedian           400
Train/EpiLenMin              400
Train/EpiLenMax              400
Train/NumDeliveryAverage       0
Train/NumDeliveryStd           0
Train/NumDeliveryMedian        0
Train/NumDeliveryMin           0
Train/NumDeliveryMax           0
Train/PickRateAverage          0
Train/PickRateStd              0
Train/PickRateMedian           0
Train/PickRateMin              0
Train/PickRateMax              0
Eval/ReturnAverage           -40.2083
Eval/ReturnStd                 0.999132
Eval/ReturnMedian            -40
Eval/ReturnMin               -45
Eval/ReturnMax               -40
Eval/DiscReturnAverage       -17.3369
Eval/DiscReturnStd             0.144322
Eval/DiscReturnMedian        -17.3068
Eval/DiscReturnMin           -18.0291
Eval/DiscReturnMax           -17.3068
Eval/EpiLenAverage           400
Eval/EpiLenStd                 0
Eval/EpiLenMedian            400
Eval/EpiLenMin               400
Eval/EpiLenMax               400
Eval/NumDeliveryAverage        0
Eval/NumDeliveryStd            0
Eval/NumDeliveryMedian         0
Eval/NumDeliveryMin            0
Eval/NumDeliveryMax            0
Eval/PickRateAverage           0
Eval/PickRateStd               0
Eval/PickRateMedian            0
Eval/PickRateMin               0
Eval/PickRateMax               0
Agent0/NMacroActions          96.805
Agent1/NMacroActions          94.565
Agent2/NMacroActions          95.17
Agent3/NMacroActions          94.05
Agent4/NMacroActions          95.045
Agent5/NMacroActions          91.41
Joint/Value                   -0.733968
Joint/Advantage               -0.434663
Joint/CriticLoss               0.760513
Joint/VfCoef                   1
Agent0/ActorLoss               2.36667
Agent0/Entropy                 3.0891
Agent0/ISRatio                 1
Agent0/ClipRate                0
Agent1/ActorLoss               2.38635
Agent1/Entropy                 3.08955
Agent1/ISRatio                 0.999868
Agent1/ClipRate                0.0125452
Agent2/ActorLoss               2.41196
Agent2/Entropy                 3.08909
Agent2/ISRatio                 1
Agent2/ClipRate                0
Agent3/ActorLoss               2.41411
Agent3/Entropy                 3.08915
Agent3/ISRatio                 0.999999
Agent3/ClipRate                0
Agent4/ActorLoss               2.393
Agent4/Entropy                 3.08952
Agent4/ISRatio                 0.99992
Agent4/ClipRate                0.0108286
Agent5/ActorLoss               2.4153
Agent5/Entropy                 3.08931
Agent5/ISRatio                 0.999977
Agent5/ClipRate                0.00224918
Eps                            0.98138
Episodes                     400
Timesteps                 160000
SamplingTime                 212.432
TrainingTime                  31.3956
EpochTime                    265.594
TotalTime                    529.236
------------------------  ---------------
2026-04-17 09:35:24.290873 UTC | [s1_260417_18:22:08] Episode 600 | Eval Finished
------------------------  ----------------
Train/ReturnAverage          -70.275
Train/ReturnStd               17.3364
Train/ReturnMedian           -70
Train/ReturnMin             -115
Train/ReturnMax              -35
Train/DiscReturnAverage      -32.0911
Train/DiscReturnStd            6.99852
Train/DiscReturnMedian       -31.5041
Train/DiscReturnMin          -50.082
Train/DiscReturnMax          -17.9375
Train/EpiLenAverage          400
Train/EpiLenStd                0
Train/EpiLenMedian           400
Train/EpiLenMin              400
Train/EpiLenMax              400
Train/NumDeliveryAverage       0
Train/NumDeliveryStd           0
Train/NumDeliveryMedian        0
Train/NumDeliveryMin           0
Train/NumDeliveryMax           0
Train/PickRateAverage          0
Train/PickRateStd              0
Train/PickRateMedian           0
Train/PickRateMin              0
Train/PickRateMax              0
Eval/ReturnAverage           -40
Eval/ReturnStd                 0
Eval/ReturnMedian            -40
Eval/ReturnMin               -40
Eval/ReturnMax               -40
Eval/DiscReturnAverage       -17.3068
Eval/DiscReturnStd             0
Eval/DiscReturnMedian        -17.3068
Eval/DiscReturnMin           -17.3068
Eval/DiscReturnMax           -17.3068
Eval/EpiLenAverage           400
Eval/EpiLenStd                 0
Eval/EpiLenMedian            400
Eval/EpiLenMin               400
Eval/EpiLenMax               400
Eval/NumDeliveryAverage        0
Eval/NumDeliveryStd            0
Eval/NumDeliveryMedian         0
Eval/NumDeliveryMin            0
Eval/NumDeliveryMax            0
Eval/PickRateAverage           0
Eval/PickRateStd               0
Eval/PickRateMedian            0
Eval/PickRateMin               0
Eval/PickRateMax               0
Agent0/NMacroActions          96.66
Agent1/NMacroActions          93.78
Agent2/NMacroActions          98.065
Agent3/NMacroActions          98.905
Agent4/NMacroActions          93.645
Agent5/NMacroActions          91.895
Joint/Value                   -1.22798
Joint/Advantage               -0.186184
Joint/CriticLoss               0.362401
Joint/VfCoef                   1
Agent0/ActorLoss               1.4205
Agent0/Entropy                 3.08592
Agent0/ISRatio                 1
Agent0/ClipRate                0
Agent1/ActorLoss               1.43487
Agent1/Entropy                 3.08706
Agent1/ISRatio                 0.999837
Agent1/ClipRate                0.0211602
Agent2/ActorLoss               1.40127
Agent2/Entropy                 3.08591
Agent2/ISRatio                 1
Agent2/ClipRate                0
Agent3/ActorLoss               1.40296
Agent3/Entropy                 3.08598
Agent3/ISRatio                 1
Agent3/ClipRate                4.01003e-05
Agent4/ActorLoss               1.42312
Agent4/Entropy                 3.08718
Agent4/ISRatio                 0.999888
Agent4/ClipRate                0.0163277
Agent5/ActorLoss               1.43804
Agent5/Entropy                 3.08721
Agent5/ISRatio                 0.999972
Agent5/ClipRate                0.0256364
Eps                            0.97188
Episodes                     600
Timesteps                 240000
SamplingTime                 213.581
TrainingTime                  30.8625
EpochTime                    266.109
TotalTime                    795.344
------------------------  ----------------
2026-04-17 09:39:49.429613 UTC | [s1_260417_18:22:08] Episode 800 | Eval Finished
------------------------  --------------
Train/ReturnAverage          -70.2
Train/ReturnStd               17.4774
Train/ReturnMedian           -70
Train/ReturnMin             -120
Train/ReturnMax              -15
Train/DiscReturnAverage      -31.8568
Train/DiscReturnStd            7.05876
Train/DiscReturnMedian       -31.3316
Train/DiscReturnMin          -55.0002
Train/DiscReturnMax          -13.5391
Train/EpiLenAverage          400
Train/EpiLenStd                0
Train/EpiLenMedian           400
Train/EpiLenMin              400
Train/EpiLenMax              400
Train/NumDeliveryAverage       0
Train/NumDeliveryStd           0
Train/NumDeliveryMedian        0
Train/NumDeliveryMin           0
Train/NumDeliveryMax           0
Train/PickRateAverage          0
Train/PickRateStd              0
Train/PickRateMedian           0
Train/PickRateMin              0
Train/PickRateMax              0
Eval/ReturnAverage           -40
Eval/ReturnStd                 0
Eval/ReturnMedian            -40
Eval/ReturnMin               -40
Eval/ReturnMax               -40
Eval/DiscReturnAverage       -17.3068
Eval/DiscReturnStd             0
Eval/DiscReturnMedian        -17.3068
Eval/DiscReturnMin           -17.3068
Eval/DiscReturnMax           -17.3068
Eval/EpiLenAverage           400
Eval/EpiLenStd                 0
Eval/EpiLenMedian            400
Eval/EpiLenMin               400
Eval/EpiLenMax               400
Eval/NumDeliveryAverage        0
Eval/NumDeliveryStd            0
Eval/NumDeliveryMedian         0
Eval/NumDeliveryMin            0
Eval/NumDeliveryMax            0
Eval/PickRateAverage           0
Eval/PickRateStd               0
Eval/PickRateMedian            0
Eval/PickRateMin               0
Eval/PickRateMax               0
Agent0/NMacroActions         101.27
Agent1/NMacroActions          94.17
Agent2/NMacroActions          97.215
Agent3/NMacroActions          94.24
Agent4/NMacroActions          93.155
Agent5/NMacroActions          91.52
Joint/Value                   -1.33028
Joint/Advantage               -0.0791563
Joint/CriticLoss               0.221999
Joint/VfCoef                   1
Agent0/ActorLoss               0.798338
Agent0/Entropy                 3.08144
Agent0/ISRatio                 1
Agent0/ClipRate                0
Agent1/ActorLoss               0.807727
Agent1/Entropy                 3.0837
Agent1/ISRatio                 0.99992
Agent1/ClipRate                0.0240563
Agent2/ActorLoss               0.770258
Agent2/Entropy                 3.08143
Agent2/ISRatio                 1
Agent2/ClipRate                0
Agent3/ActorLoss               0.752718
Agent3/Entropy                 3.08149
Agent3/ISRatio                 1
Agent3/ClipRate                0
Agent4/ActorLoss               0.749383
Agent4/Entropy                 3.08476
Agent4/ISRatio                 0.999929
Agent4/ClipRate                0.029404
Agent5/ActorLoss               0.786782
Agent5/Entropy                 3.0844
Agent5/ISRatio                 0.999994
Agent5/ClipRate                0.0295031
Eps                            0.96238
Episodes                     800
Timesteps                 320000
SamplingTime                 212.064
TrainingTime                  31.6462
EpochTime                    265.089
TotalTime                   1060.43
------------------------  --------------
2026-04-17 09:44:16.565697 UTC | [s1_260417_18:22:08] Episode 1000 | Eval Finished
------------------------  --------------
Train/ReturnAverage          -69.05
Train/ReturnStd               20.2755
Train/ReturnMedian           -65
Train/ReturnMin             -135
Train/ReturnMax              -15
Train/DiscReturnAverage      -31.5359
Train/DiscReturnStd            7.95145
Train/DiscReturnMedian       -30.8837
Train/DiscReturnMin          -58.4771
Train/DiscReturnMax          -15.1111
Train/EpiLenAverage          400
Train/EpiLenStd                0
Train/EpiLenMedian           400
Train/EpiLenMin              400
Train/EpiLenMax              400
Train/NumDeliveryAverage       0
Train/NumDeliveryStd           0
Train/NumDeliveryMedian        0
Train/NumDeliveryMin           0
Train/NumDeliveryMax           0
Train/PickRateAverage          0
Train/PickRateStd              0
Train/PickRateMedian           0
Train/PickRateMin              0
Train/PickRateMax              0
Eval/ReturnAverage           -40
Eval/ReturnStd                 0
Eval/ReturnMedian            -40
Eval/ReturnMin               -40
Eval/ReturnMax               -40
Eval/DiscReturnAverage       -17.3068
Eval/DiscReturnStd             0
Eval/DiscReturnMedian        -17.3068
Eval/DiscReturnMin           -17.3068
Eval/DiscReturnMax           -17.3068
Eval/EpiLenAverage           400
Eval/EpiLenStd                 0
Eval/EpiLenMedian            400
Eval/EpiLenMin               400
Eval/EpiLenMax               400
Eval/NumDeliveryAverage        0
Eval/NumDeliveryStd            0
Eval/NumDeliveryMedian         0
Eval/NumDeliveryMin            0
Eval/NumDeliveryMax            0
Eval/PickRateAverage           0
Eval/PickRateStd               0
Eval/PickRateMedian            0
Eval/PickRateMin               0
Eval/PickRateMax               0
Agent0/NMacroActions          96.185
Agent1/NMacroActions          91.75
Agent2/NMacroActions          97.39
Agent3/NMacroActions          95.09
Agent4/NMacroActions          91.8
Agent5/NMacroActions          90.36
Joint/Value                   -1.24016
Joint/Advantage               -0.026678
Joint/CriticLoss               0.17987
Joint/VfCoef                   1
Agent0/ActorLoss               0.300758
Agent0/Entropy                 3.07581
Agent0/ISRatio                 1
Agent0/ClipRate                0
Agent1/ActorLoss               0.361412
Agent1/Entropy                 3.07896
Agent1/ISRatio                 0.999938
Agent1/ClipRate                0.0262026
Agent2/ActorLoss               0.292314
Agent2/Entropy                 3.07579
Agent2/ISRatio                 1
Agent2/ClipRate                0
Agent3/ActorLoss               0.282485
Agent3/Entropy                 3.07586
Agent3/ISRatio                 0.999999
Agent3/ClipRate                0
Agent4/ActorLoss               0.254231
Agent4/Entropy                 3.08292
Agent4/ISRatio                 0.99999
Agent4/ClipRate                0.0356466
Agent5/ActorLoss               0.280731
Agent5/Entropy                 3.0813
Agent5/ISRatio                 0.999987
Agent5/ClipRate                0.0256561
Eps                            0.95288
Episodes                    1000
Timesteps                 400000
SamplingTime                 213.459
TrainingTime                  31.5689
EpochTime                    267.065
TotalTime                   1327.5
------------------------  --------------
2026-04-17 09:48:43.833643 UTC | [s1_260417_18:22:08] Episode 1200 | Eval Finished
------------------------  ----------------
Train/ReturnAverage          -65.5385
Train/ReturnStd               23.7994
Train/ReturnMedian           -65
Train/ReturnMin             -115
Train/ReturnMax              162.3
Train/DiscReturnAverage      -31.0278
Train/DiscReturnStd            8.16375
Train/DiscReturnMedian       -30.588
Train/DiscReturnMin          -50.1913
Train/DiscReturnMax           18.2028
Train/EpiLenAverage          399.635
Train/EpiLenStd                5.14896
Train/EpiLenMedian           400
Train/EpiLenMin              327
Train/EpiLenMax              400
Train/NumDeliveryAverage       0
Train/NumDeliveryStd           0
Train/NumDeliveryMedian        0
Train/NumDeliveryMin           0
Train/NumDeliveryMax           0
Train/PickRateAverage          0
Train/PickRateStd              0
Train/PickRateMedian           0
Train/PickRateMin              0
Train/PickRateMax              0
Eval/ReturnAverage           -40
Eval/ReturnStd                 0
Eval/ReturnMedian            -40
Eval/ReturnMin               -40
Eval/ReturnMax               -40
Eval/DiscReturnAverage       -17.3068
Eval/DiscReturnStd             0
Eval/DiscReturnMedian        -17.3068
Eval/DiscReturnMin           -17.3068
Eval/DiscReturnMax           -17.3068
Eval/EpiLenAverage           400
Eval/EpiLenStd                 0
Eval/EpiLenMedian            400
Eval/EpiLenMin               400
Eval/EpiLenMax               400
Eval/NumDeliveryAverage        0
Eval/NumDeliveryStd            0
Eval/NumDeliveryMedian         0
Eval/NumDeliveryMin            0
Eval/NumDeliveryMax            0
Eval/PickRateAverage           0
Eval/PickRateStd               0
Eval/PickRateMedian            0
Eval/PickRateMin               0
Eval/PickRateMax               0
Agent0/NMacroActions         100.39
Agent1/NMacroActions          93.275
Agent2/NMacroActions          98
Agent3/NMacroActions          95.97
Agent4/NMacroActions          92.285
Agent5/NMacroActions          91.585
Joint/Value                   -1.02766
Joint/Advantage               -0.00353786
Joint/CriticLoss               0.25574
Joint/VfCoef                   1
Agent0/ActorLoss              -0.0201521
Agent0/Entropy                 3.06912
Agent0/ISRatio                 1
Agent0/ClipRate                0
Agent1/ActorLoss              -0.056804
Agent1/Entropy                 3.07546
Agent1/ISRatio                 0.999946
Agent1/ClipRate                0.0482891
Agent2/ActorLoss              -0.0449271
Agent2/Entropy                 3.06911
Agent2/ISRatio                 1
Agent2/ClipRate                0
Agent3/ActorLoss               0.0626203
Agent3/Entropy                 3.06917
Agent3/ISRatio                 1
Agent3/ClipRate                0
Agent4/ActorLoss               0.0394213
Agent4/Entropy                 3.08045
Agent4/ISRatio                 1.00003
Agent4/ClipRate                0.0568997
Agent5/ActorLoss              -0.000497718
Agent5/Entropy                 3.07748
Agent5/ISRatio                 1.00014
Agent5/ClipRate                0.0341665
Eps                            0.94338
Episodes                    1200
Timesteps                 479927
SamplingTime                 213.88
TrainingTime                  31.0137
EpochTime                    267.201
TotalTime                   1594.7
------------------------  ----------------
2026-04-17 09:53:12.626462 UTC | [s1_260417_18:22:08] Episode 1400 | Eval Finished
------------------------  ----------------
Train/ReturnAverage          -65.35
Train/ReturnStd               16.819
Train/ReturnMedian           -65
Train/ReturnMin             -115
Train/ReturnMax              -20
Train/DiscReturnAverage      -31.1017
Train/DiscReturnStd            7.19101
Train/DiscReturnMedian       -30.2351
Train/DiscReturnMin          -48.6081
Train/DiscReturnMax          -16.5933
Train/EpiLenAverage          400
Train/EpiLenStd                0
Train/EpiLenMedian           400
Train/EpiLenMin              400
Train/EpiLenMax              400
Train/NumDeliveryAverage       0
Train/NumDeliveryStd           0
Train/NumDeliveryMedian        0
Train/NumDeliveryMin           0
Train/NumDeliveryMax           0
Train/PickRateAverage          0
Train/PickRateStd              0
Train/PickRateMedian           0
Train/PickRateMin              0
Train/PickRateMax              0
Eval/ReturnAverage           -40
Eval/ReturnStd                 0
Eval/ReturnMedian            -40
Eval/ReturnMin               -40
Eval/ReturnMax               -40
Eval/DiscReturnAverage       -17.3068
Eval/DiscReturnStd             0
Eval/DiscReturnMedian        -17.3068
Eval/DiscReturnMin           -17.3068
Eval/DiscReturnMax           -17.3068
Eval/EpiLenAverage           400
Eval/EpiLenStd                 0
Eval/EpiLenMedian            400
Eval/EpiLenMin               400
Eval/EpiLenMax               400
Eval/NumDeliveryAverage        0
Eval/NumDeliveryStd            0
Eval/NumDeliveryMedian         0
Eval/NumDeliveryMin            0
Eval/NumDeliveryMax            0
Eval/PickRateAverage           0
Eval/PickRateStd               0
Eval/PickRateMedian            0
Eval/PickRateMin               0
Eval/PickRateMax               0
Agent0/NMacroActions         101.985
Agent1/NMacroActions          92.57
Agent2/NMacroActions          99.685
Agent3/NMacroActions          98.27
Agent4/NMacroActions          91.35
Agent5/NMacroActions          88.39
Joint/Value                   -0.832041
Joint/Advantage               -0.011556
Joint/CriticLoss               0.158105
Joint/VfCoef                   1
Agent0/ActorLoss              -0.0584278
Agent0/Entropy                 3.06147
Agent0/ISRatio                 1
Agent0/ClipRate                0
Agent1/ActorLoss              -0.00513694
Agent1/Entropy                 3.07104
Agent1/ISRatio                 1.00011
Agent1/ClipRate                0.0447701
Agent2/ActorLoss              -0.114179
Agent2/Entropy                 3.06152
Agent2/ISRatio                 0.999996
Agent2/ClipRate                0.000808256
Agent3/ActorLoss              -0.0297435
Agent3/Entropy                 3.06158
Agent3/ISRatio                 0.999991
Agent3/ClipRate                0.00160223
Agent4/ActorLoss               0.00522371
Agent4/Entropy                 3.07689
Agent4/ISRatio                 1.00002
Agent4/ClipRate                0.0521271
Agent5/ActorLoss              -0.0446773
Agent5/Entropy                 3.07156
Agent5/ISRatio                 1.00003
Agent5/ClipRate                0.0303141
Eps                            0.93388
Episodes                    1400
Timesteps                 559927
SamplingTime                 214.68
TrainingTime                  31.7161
EpochTime                    268.73
TotalTime                   1863.43
------------------------  ----------------
2026-04-17 09:57:39.258087 UTC | [s1_260417_18:22:08] Episode 1600 | Eval Finished
------------------------  ----------------
Train/ReturnAverage          -64.825
Train/ReturnStd               16.1893
Train/ReturnMedian           -65
Train/ReturnMin             -115
Train/ReturnMax              -20
Train/DiscReturnAverage      -30.213
Train/DiscReturnStd            6.67407
Train/DiscReturnMedian       -29.7761
Train/DiscReturnMin          -52.6143
Train/DiscReturnMax          -12.3354
Train/EpiLenAverage          400
Train/EpiLenStd                0
Train/EpiLenMedian           400
Train/EpiLenMin              400
Train/EpiLenMax              400
Train/NumDeliveryAverage       0
Train/NumDeliveryStd           0
Train/NumDeliveryMedian        0
Train/NumDeliveryMin           0
Train/NumDeliveryMax           0
Train/PickRateAverage          0
Train/PickRateStd              0
Train/PickRateMedian           0
Train/PickRateMin              0
Train/PickRateMax              0
Eval/ReturnAverage           -40
Eval/ReturnStd                 0
Eval/ReturnMedian            -40
Eval/ReturnMin               -40
Eval/ReturnMax               -40
Eval/DiscReturnAverage       -17.3068
Eval/DiscReturnStd             0
Eval/DiscReturnMedian        -17.3068
Eval/DiscReturnMin           -17.3068
Eval/DiscReturnMax           -17.3068
Eval/EpiLenAverage           400
Eval/EpiLenStd                 0
Eval/EpiLenMedian            400
Eval/EpiLenMin               400
Eval/EpiLenMax               400
Eval/NumDeliveryAverage        0
Eval/NumDeliveryStd            0
Eval/NumDeliveryMedian         0
Eval/NumDeliveryMin            0
Eval/NumDeliveryMax            0
Eval/PickRateAverage           0
Eval/PickRateStd               0
Eval/PickRateMedian            0
Eval/PickRateMin               0
Eval/PickRateMax               0
Agent0/NMacroActions         104.45
Agent1/NMacroActions          90.8
Agent2/NMacroActions         101.14
Agent3/NMacroActions          99.115
Agent4/NMacroActions          92.54
Agent5/NMacroActions          89.6
Joint/Value                   -0.450374
Joint/Advantage               -0.000275098
Joint/CriticLoss               0.150122
Joint/VfCoef                   1
Agent0/ActorLoss               0.04543
Agent0/Entropy                 3.05294
Agent0/ISRatio                 1
Agent0/ClipRate                0
Agent1/ActorLoss              -0.0164142
Agent1/Entropy                 3.0661
Agent1/ISRatio                 1.00006
Agent1/ClipRate                0.0478551
Agent2/ActorLoss              -0.0263341
Agent2/Entropy                 3.05293
Agent2/ISRatio                 1
Agent2/ClipRate                0
Agent3/ActorLoss              -0.00418511
Agent3/Entropy                 3.05304
Agent3/ISRatio                 0.999996
Agent3/ClipRate                0.000679471
Agent4/ActorLoss               0.00140147
Agent4/Entropy                 3.07176
Agent4/ISRatio                 0.999989
Agent4/ClipRate                0.0552019
Agent5/ActorLoss               0.0284446
Agent5/Entropy                 3.06416
Agent5/ISRatio                 1.00003
Agent5/ClipRate                0.0318706
Eps                            0.92438
Episodes                    1600
Timesteps                 639927
SamplingTime                 213.595
TrainingTime                  31.8766
EpochTime                    266.568
TotalTime                   2130
------------------------  ----------------
2026-04-17 10:02:07.069298 UTC | [s1_260417_18:22:08] Episode 1800 | Eval Finished
------------------------  ----------------
Train/ReturnAverage          -62.55
Train/ReturnStd               18.1452
Train/ReturnMedian           -60
Train/ReturnMin             -105
Train/ReturnMax              -25
Train/DiscReturnAverage      -29.0297
Train/DiscReturnStd            6.9926
Train/DiscReturnMedian       -28.118
Train/DiscReturnMin          -52.3173
Train/DiscReturnMax          -15.8249
Train/EpiLenAverage          400
Train/EpiLenStd                0
Train/EpiLenMedian           400
Train/EpiLenMin              400
Train/EpiLenMax              400
Train/NumDeliveryAverage       0
Train/NumDeliveryStd           0
Train/NumDeliveryMedian        0
Train/NumDeliveryMin           0
Train/NumDeliveryMax           0
Train/PickRateAverage          0
Train/PickRateStd              0
Train/PickRateMedian           0
Train/PickRateMin              0
Train/PickRateMax              0
Eval/ReturnAverage           -40
Eval/ReturnStd                 0
Eval/ReturnMedian            -40
Eval/ReturnMin               -40
Eval/ReturnMax               -40
Eval/DiscReturnAverage       -17.3068
Eval/DiscReturnStd             0
Eval/DiscReturnMedian        -17.3068
Eval/DiscReturnMin           -17.3068
Eval/DiscReturnMax           -17.3068
Eval/EpiLenAverage           400
Eval/EpiLenStd                 0
Eval/EpiLenMedian            400
Eval/EpiLenMin               400
Eval/EpiLenMax               400
Eval/NumDeliveryAverage        0
Eval/NumDeliveryStd            0
Eval/NumDeliveryMedian         0
Eval/NumDeliveryMin            0
Eval/NumDeliveryMax            0
Eval/PickRateAverage           0
Eval/PickRateStd               0
Eval/PickRateMedian            0
Eval/PickRateMin               0
Eval/PickRateMax               0
Agent0/NMacroActions         103.13
Agent1/NMacroActions          93.615
Agent2/NMacroActions          99.43
Agent3/NMacroActions         100.465
Agent4/NMacroActions          92.465
Agent5/NMacroActions          90.54
Joint/Value                   -0.297289
Joint/Advantage                0.00306956
Joint/CriticLoss               0.163203
Joint/VfCoef                   1
Agent0/ActorLoss              -0.0367265
Agent0/Entropy                 3.04359
Agent0/ISRatio                 1
Agent0/ClipRate                0
Agent1/ActorLoss              -0.0871475
Agent1/Entropy                 3.06071
Agent1/ISRatio                 1.00008
Agent1/ClipRate                0.061499
Agent2/ActorLoss              -0.0825464
Agent2/Entropy                 3.04358
Agent2/ISRatio                 1
Agent2/ClipRate                0
Agent3/ActorLoss              -0.0464137
Agent3/Entropy                 3.04373
Agent3/ISRatio                 1.00001
Agent3/ClipRate                0.000785739
Agent4/ActorLoss              -0.066448
Agent4/Entropy                 3.06587
Agent4/ISRatio                 1.00005
Agent4/ClipRate                0.0553448
Agent5/ActorLoss              -0.10365
Agent5/Entropy                 3.05548
Agent5/ISRatio                 1.00006
Agent5/ClipRate                0.0417113
Eps                            0.91488
Episodes                    1800
Timesteps                 719927
SamplingTime                 214.831
TrainingTime                  30.9632
EpochTime                    267.771
TotalTime                   2397.77
------------------------  ----------------
2026-04-17 10:06:37.393290 UTC | [s1_260417_18:22:08] Episode 2000 | Eval Finished
------------------------  ---------------
Train/ReturnAverage          -58.4
Train/ReturnStd               16.8728
Train/ReturnMedian           -60
Train/ReturnMin             -115
Train/ReturnMax              -10
Train/DiscReturnAverage      -27.8573
Train/DiscReturnStd            6.61301
Train/DiscReturnMedian       -27.6116
Train/DiscReturnMin          -52.6139
Train/DiscReturnMax          -12.1695
Train/EpiLenAverage          400
Train/EpiLenStd                0
Train/EpiLenMedian           400
Train/EpiLenMin              400
Train/EpiLenMax              400
Train/NumDeliveryAverage       0
Train/NumDeliveryStd           0
Train/NumDeliveryMedian        0
Train/NumDeliveryMin           0
Train/NumDeliveryMax           0
Train/PickRateAverage          0
Train/PickRateStd              0
Train/PickRateMedian           0
Train/PickRateMin              0
Train/PickRateMax              0
Eval/ReturnAverage           -40
Eval/ReturnStd                 0
Eval/ReturnMedian            -40
Eval/ReturnMin               -40
Eval/ReturnMax               -40
Eval/DiscReturnAverage       -17.3068
Eval/DiscReturnStd             0
Eval/DiscReturnMedian        -17.3068
Eval/DiscReturnMin           -17.3068
Eval/DiscReturnMax           -17.3068
Eval/EpiLenAverage           400
Eval/EpiLenStd                 0
Eval/EpiLenMedian            400
Eval/EpiLenMin               400
Eval/EpiLenMax               400
Eval/NumDeliveryAverage        0
Eval/NumDeliveryStd            0
Eval/NumDeliveryMedian         0
Eval/NumDeliveryMin            0
Eval/NumDeliveryMax            0
Eval/PickRateAverage           0
Eval/PickRateStd               0
Eval/PickRateMedian            0
Eval/PickRateMin               0
Eval/PickRateMax               0
Agent0/NMacroActions         102.36
Agent1/NMacroActions          92.965
Agent2/NMacroActions         100.995
Agent3/NMacroActions         100.94
Agent4/NMacroActions          92
Agent5/NMacroActions          91.22
Joint/Value                   -0.0847118
Joint/Advantage                0.00268534
Joint/CriticLoss               0.17468
Joint/VfCoef                   1
Agent0/ActorLoss              -0.148502
Agent0/Entropy                 3.03347
Agent0/ISRatio                 1
Agent0/ClipRate                0
Agent1/ActorLoss              -0.115142
Agent1/Entropy                 3.05449
Agent1/ISRatio                 1.00005
Agent1/ClipRate                0.0637028
Agent2/ActorLoss              -0.128292
Agent2/Entropy                 3.03347
Agent2/ISRatio                 1
Agent2/ClipRate                0
Agent3/ActorLoss              -0.119646
Agent3/Entropy                 3.0335
Agent3/ISRatio                 1
Agent3/ClipRate                0
Agent4/ActorLoss              -0.109086
Agent4/Entropy                 3.05972
Agent4/ISRatio                 1.00009
Agent4/ClipRate                0.056627
Agent5/ActorLoss              -0.133205
Agent5/Entropy                 3.05011
Agent5/ISRatio                 1.00006
Agent5/ClipRate                0.0444791
Eps                            0.90538
Episodes                    2000
Timesteps                 799927
SamplingTime                 214.813
TrainingTime                  32.5503
EpochTime                    270.263
TotalTime                   2668.03
------------------------  ---------------
2026-04-17 10:11:04.203017 UTC | [s1_260417_18:22:08] Episode 2200 | Eval Finished
------------------------  ---------------
Train/ReturnAverage          -59.075
Train/ReturnStd               17.4075
Train/ReturnMedian           -60
Train/ReturnMin             -120
Train/ReturnMax              -10
Train/DiscReturnAverage      -28.5813
Train/DiscReturnStd            6.714
Train/DiscReturnMedian       -27.7462
Train/DiscReturnMin          -48.5828
Train/DiscReturnMax           -9.22313
Train/EpiLenAverage          400
Train/EpiLenStd                0
Train/EpiLenMedian           400
Train/EpiLenMin              400
Train/EpiLenMax              400
Train/NumDeliveryAverage       0
Train/NumDeliveryStd           0
Train/NumDeliveryMedian        0
Train/NumDeliveryMin           0
Train/NumDeliveryMax           0
Train/PickRateAverage          0
Train/PickRateStd              0
Train/PickRateMedian           0
Train/PickRateMin              0
Train/PickRateMax              0
Eval/ReturnAverage           -40
Eval/ReturnStd                 0
Eval/ReturnMedian            -40
Eval/ReturnMin               -40
Eval/ReturnMax               -40
Eval/DiscReturnAverage       -17.3068
Eval/DiscReturnStd             0
Eval/DiscReturnMedian        -17.3068
Eval/DiscReturnMin           -17.3068
Eval/DiscReturnMax           -17.3068
Eval/EpiLenAverage           400
Eval/EpiLenStd                 0
Eval/EpiLenMedian            400
Eval/EpiLenMin               400
Eval/EpiLenMax               400
Eval/NumDeliveryAverage        0
Eval/NumDeliveryStd            0
Eval/NumDeliveryMedian         0
Eval/NumDeliveryMin            0
Eval/NumDeliveryMax            0
Eval/PickRateAverage           0
Eval/PickRateStd               0
Eval/PickRateMedian            0
Eval/PickRateMin               0
Eval/PickRateMax               0
Agent0/NMacroActions         102.915
Agent1/NMacroActions          90.95
Agent2/NMacroActions         105.01
Agent3/NMacroActions         102.745
Agent4/NMacroActions          90.08
Agent5/NMacroActions          90.415
Joint/Value                   -0.137135
Joint/Advantage               -0.00135595
Joint/CriticLoss               0.194743
Joint/VfCoef                   1
Agent0/ActorLoss              -0.220716
Agent0/Entropy                 3.02264
Agent0/ISRatio                 1
Agent0/ClipRate                0
Agent1/ActorLoss              -0.193859
Agent1/Entropy                 3.04832
Agent1/ISRatio                 1.00007
Agent1/ClipRate                0.0609627
Agent2/ActorLoss              -0.205881
Agent2/Entropy                 3.02263
Agent2/ISRatio                 1
Agent2/ClipRate                0
Agent3/ActorLoss              -0.174676
Agent3/Entropy                 3.02294
Agent3/ISRatio                 0.999974
Agent3/ClipRate                0.00241382
Agent4/ActorLoss              -0.203378
Agent4/Entropy                 3.04986
Agent4/ISRatio                 1.00008
Agent4/ClipRate                0.0599564
Agent5/ActorLoss              -0.203781
Agent5/Entropy                 3.04107
Agent5/ISRatio                 1.00006
Agent5/ClipRate                0.0502487
Eps                            0.89588
Episodes                    2200
Timesteps                 879927
SamplingTime                 212.974
TrainingTime                  31.9712
EpochTime                    266.749
TotalTime                   2934.78
------------------------  ---------------
2026-04-17 10:15:30.551170 UTC | [s1_260417_18:22:08] Episode 2400 | Eval Finished
------------------------  ----------------
Train/ReturnAverage          -58.675
Train/ReturnStd               17.9686
Train/ReturnMedian           -55
Train/ReturnMin             -120
Train/ReturnMax              -20
Train/DiscReturnAverage      -27.6468
Train/DiscReturnStd            6.80325
Train/DiscReturnMedian       -26.4789
Train/DiscReturnMin          -51.6474
Train/DiscReturnMax          -13.8727
Train/EpiLenAverage          400
Train/EpiLenStd                0
Train/EpiLenMedian           400
Train/EpiLenMin              400
Train/EpiLenMax              400
Train/NumDeliveryAverage       0
Train/NumDeliveryStd           0
Train/NumDeliveryMedian        0
Train/NumDeliveryMin           0
Train/NumDeliveryMax           0
Train/PickRateAverage          0
Train/PickRateStd              0
Train/PickRateMedian           0
Train/PickRateMin              0
Train/PickRateMax              0
Eval/ReturnAverage           -40
Eval/ReturnStd                 0
Eval/ReturnMedian            -40
Eval/ReturnMin               -40
Eval/ReturnMax               -40
Eval/DiscReturnAverage       -17.3068
Eval/DiscReturnStd             0
Eval/DiscReturnMedian        -17.3068
Eval/DiscReturnMin           -17.3068
Eval/DiscReturnMax           -17.3068
Eval/EpiLenAverage           400
Eval/EpiLenStd                 0
Eval/EpiLenMedian            400
Eval/EpiLenMin               400
Eval/EpiLenMax               400
Eval/NumDeliveryAverage        0
Eval/NumDeliveryStd            0
Eval/NumDeliveryMedian         0
Eval/NumDeliveryMin            0
Eval/NumDeliveryMax            0
Eval/PickRateAverage           0
Eval/PickRateStd               0
Eval/PickRateMedian            0
Eval/PickRateMin               0
Eval/PickRateMax               0
Agent0/NMacroActions         104.91
Agent1/NMacroActions          90.95
Agent2/NMacroActions         100.735
Agent3/NMacroActions         102.025
Agent4/NMacroActions          86.2
Agent5/NMacroActions          90.08
Joint/Value                   -0.0612854
Joint/Advantage                0.00209991
Joint/CriticLoss               0.195227
Joint/VfCoef                   1
Agent0/ActorLoss              -0.141528
Agent0/Entropy                 3.01112
Agent0/ISRatio                 1
Agent0/ClipRate                0
Agent1/ActorLoss              -0.150997
Agent1/Entropy                 3.03929
Agent1/ISRatio                 1.0001
Agent1/ClipRate                0.0741135
Agent2/ActorLoss              -0.145585
Agent2/Entropy                 3.01111
Agent2/ISRatio                 1
Agent2/ClipRate                0
Agent3/ActorLoss              -0.133207
Agent3/Entropy                 3.0112
Agent3/ISRatio                 1
Agent3/ClipRate                0.000333823
Agent4/ActorLoss              -0.125292
Agent4/Entropy                 3.04226
Agent4/ISRatio                 1.00009
Agent4/ClipRate                0.0627315
Agent5/ActorLoss              -0.084224
Agent5/Entropy                 3.02832
Agent5/ISRatio                 1.00001
Agent5/ClipRate                0.0470073
Eps                            0.88638
Episodes                    2400
Timesteps                 959927
SamplingTime                 213.042
TrainingTime                  31.4567
EpochTime                    266.282
TotalTime                   3201.06
------------------------  ----------------
2026-04-17 10:20:04.892541 UTC | [s1_260417_18:22:08] Episode 2600 | Eval Finished
------------------------  --------------
Train/ReturnAverage        -55.05
Train/ReturnStd             17.4427
Train/ReturnMedian         -55
Train/ReturnMin           -100
Train/ReturnMax             -5
Train/DiscReturnAverage    -26.5109
Train/DiscReturnStd          6.77702
Train/DiscReturnMedian     -25.445
Train/DiscReturnMin        -49.849
Train/DiscReturnMax        -11.5004
Train/EpiLenAverage        400
Train/EpiLenStd              0
Train/EpiLenMedian         400
Train/EpiLenMin            400
Train/EpiLenMax            400
Train/NumDeliveryAverage     0
Train/NumDeliveryStd         0
Train/NumDeliveryMedian      0
Train/NumDeliveryMin         0
Train/NumDeliveryMax         0
Train/PickRateAverage        0
Train/PickRateStd            0
Train/PickRateMedian         0
Train/PickRateMin            0
Train/PickRateMax            0
Eval/ReturnAverage         -40
Eval/ReturnStd               0
Eval/ReturnMedian          -40
Eval/ReturnMin             -40
Eval/ReturnMax             -40
Eval/DiscReturnAverage     -17.3068
Eval/DiscReturnStd           0
Eval/DiscReturnMedian      -17.3068
Eval/DiscReturnMin         -17.3068
Eval/DiscReturnMax         -17.3068
Eval/EpiLenAverage         400
Eval/EpiLenStd               0
Eval/EpiLenMedian          400
Eval/EpiLenMin             400
Eval/EpiLenMax             400
Eval/NumDeliveryAverage      0
Eval/NumDeliveryStd          0
Eval/NumDeliveryMedian       0
Eval/NumDeliveryMin          0
Eval/NumDeliveryMax          0
Eval/PickRateAverage         0
Eval/PickRateStd             0
Eval/PickRateMedian          0
Eval/PickRateMin             0
Eval/PickRateMax             0
Agent0/NMacroActions       104.62
Agent1/NMacroActions        91.845
Agent2/NMacroActions       103.275
Agent3/NMacroActions       102.875
Agent4/NMacroActions        89.02
Agent5/NMacroActions        88.51
Joint/Value                 -0.0526107
Joint/Advantage              0.00402054
Joint/CriticLoss             0.218542
Joint/VfCoef                 1
Agent0/ActorLoss            -0.288992
Agent0/Entropy               2.99895
Agent0/ISRatio               1
Agent0/ClipRate              0
Agent1/ActorLoss            -0.297611
Agent1/Entropy               3.03297
Agent1/ISRatio               1.00021
Agent1/ClipRate              0.0807354
Agent2/ActorLoss            -0.281287
Agent2/Entropy               2.99895
Agent2/ISRatio               1
Agent2/ClipRate              0
Agent3/ActorLoss            -0.326802
Agent3/Entropy               2.99898
Agent3/ISRatio               1
Agent3/ClipRate              0
Agent4/ActorLoss            -0.349894
Agent4/Entropy               3.03362
Agent4/ISRatio               1.00012
Agent4/ClipRate              0.0693892
Agent5/ActorLoss            -0.315012
Agent5/Entropy               3.01494
Agent5/ISRatio               1.00023
Agent5/ClipRate              0.0460729
Eps                          0.87688
Episodes                  2600
Timesteps                    1.03993e+06
SamplingTime               220.423
TrainingTime                31.9213
EpochTime                  274.28
TotalTime                 3475.34
------------------------  --------------
2026-04-17 10:24:34.028070 UTC | [s1_260417_18:22:08] Episode 2800 | Eval Finished
------------------------  --------------
Train/ReturnAverage        -54.5605
Train/ReturnStd             28.2448
Train/ReturnMedian         -55
Train/ReturnMin           -100
Train/ReturnMax            180.3
Train/DiscReturnAverage    -26.5366
Train/DiscReturnStd          9.53765
Train/DiscReturnMedian     -26.3265
Train/DiscReturnMin        -48.5413
Train/DiscReturnMax         46.9066
Train/EpiLenAverage        398.605
Train/EpiLenStd             13.9456
Train/EpiLenMedian         400
Train/EpiLenMin            247
Train/EpiLenMax            400
Train/NumDeliveryAverage     0
Train/NumDeliveryStd         0
Train/NumDeliveryMedian      0
Train/NumDeliveryMin         0
Train/NumDeliveryMax         0
Train/PickRateAverage        0
Train/PickRateStd            0
Train/PickRateMedian         0
Train/PickRateMin            0
Train/PickRateMax            0
Eval/ReturnAverage         -40
Eval/ReturnStd               0
Eval/ReturnMedian          -40
Eval/ReturnMin             -40
Eval/ReturnMax             -40
Eval/DiscReturnAverage     -17.3068
Eval/DiscReturnStd           0
Eval/DiscReturnMedian      -17.3068
Eval/DiscReturnMin         -17.3068
Eval/DiscReturnMax         -17.3068
Eval/EpiLenAverage         400
Eval/EpiLenStd               0
Eval/EpiLenMedian          400
Eval/EpiLenMin             400
Eval/EpiLenMax             400
Eval/NumDeliveryAverage      0
Eval/NumDeliveryStd          0
Eval/NumDeliveryMedian       0
Eval/NumDeliveryMin          0
Eval/NumDeliveryMax          0
Eval/PickRateAverage         0
Eval/PickRateStd             0
Eval/PickRateMedian          0
Eval/PickRateMin             0
Eval/PickRateMax             0
Agent0/NMacroActions       106.745
Agent1/NMacroActions        92.595
Agent2/NMacroActions       104.035
Agent3/NMacroActions       102.06
Agent4/NMacroActions        90.355
Agent5/NMacroActions        87.98
Joint/Value                  0.0949108
Joint/Advantage              0.00180258
Joint/CriticLoss             0.466496
Joint/VfCoef                 1
Agent0/ActorLoss            -0.184991
Agent0/Entropy               2.98617
Agent0/ISRatio               1
Agent0/ClipRate              0
Agent1/ActorLoss            -0.160211
Agent1/Entropy               3.0285
Agent1/ISRatio               1.00008
Agent1/ClipRate              0.0940593
Agent2/ActorLoss            -0.197419
Agent2/Entropy               2.98617
Agent2/ISRatio               1
Agent2/ClipRate              0
Agent3/ActorLoss            -0.26485
Agent3/Entropy               2.9862
Agent3/ISRatio               1
Agent3/ClipRate              0
Agent4/ActorLoss            -0.292159
Agent4/Entropy               3.0264
Agent4/ISRatio               1.00021
Agent4/ClipRate              0.0788065
Agent5/ActorLoss            -0.308448
Agent5/Entropy               3.00115
Agent5/ISRatio               1.00018
Agent5/ClipRate              0.0428697
Eps                          0.86738
Episodes                  2800
Timesteps                    1.11965e+06
SamplingTime               215.242
TrainingTime                32.2414
EpochTime                  269.078
TotalTime                 3744.42
------------------------  --------------
2026-04-17 10:29:03.301901 UTC | [s1_260417_18:22:08] Episode 3000 | Eval Finished
------------------------  --------------
Train/ReturnAverage        -55.575
Train/ReturnStd             16.8165
Train/ReturnMedian         -55
Train/ReturnMin           -100
Train/ReturnMax            -15
Train/DiscReturnAverage    -26.5328
Train/DiscReturnStd          6.19178
Train/DiscReturnMedian     -26.3931
Train/DiscReturnMin        -44.6287
Train/DiscReturnMax        -11.7452
Train/EpiLenAverage        400
Train/EpiLenStd              0
Train/EpiLenMedian         400
Train/EpiLenMin            400
Train/EpiLenMax            400
Train/NumDeliveryAverage     0
Train/NumDeliveryStd         0
Train/NumDeliveryMedian      0
Train/NumDeliveryMin         0
Train/NumDeliveryMax         0
Train/PickRateAverage        0
Train/PickRateStd            0
Train/PickRateMedian         0
Train/PickRateMin            0
Train/PickRateMax            0
Eval/ReturnAverage         -40
Eval/ReturnStd               0
Eval/ReturnMedian          -40
Eval/ReturnMin             -40
Eval/ReturnMax             -40
Eval/DiscReturnAverage     -17.3068
Eval/DiscReturnStd           0
Eval/DiscReturnMedian      -17.3068
Eval/DiscReturnMin         -17.3068
Eval/DiscReturnMax         -17.3068
Eval/EpiLenAverage         400
Eval/EpiLenStd               0
Eval/EpiLenMedian          400
Eval/EpiLenMin             400
Eval/EpiLenMax             400
Eval/NumDeliveryAverage      0
Eval/NumDeliveryStd          0
Eval/NumDeliveryMedian       0
Eval/NumDeliveryMin          0
Eval/NumDeliveryMax          0
Eval/PickRateAverage         0
Eval/PickRateStd             0
Eval/PickRateMedian          0
Eval/PickRateMin             0
Eval/PickRateMax             0
Agent0/NMacroActions       105.765
Agent1/NMacroActions        89.28
Agent2/NMacroActions       106.53
Agent3/NMacroActions       106.565
Agent4/NMacroActions        88.715
Agent5/NMacroActions        92.705
Joint/Value                  0.254273
Joint/Advantage              0.00210593
Joint/CriticLoss             0.220157
Joint/VfCoef                 1
Agent0/ActorLoss            -0.0424699
Agent0/Entropy               2.9728
Agent0/ISRatio               1
Agent0/ClipRate              0
Agent1/ActorLoss            -0.0498991
Agent1/Entropy               3.02463
Agent1/ISRatio               1.00006
Agent1/ClipRate              0.0951803
Agent2/ActorLoss             0.0338353
Agent2/Entropy               2.9728
Agent2/ISRatio               1
Agent2/ClipRate              0
Agent3/ActorLoss            -0.0696657
Agent3/Entropy               2.97282
Agent3/ISRatio               1
Agent3/ClipRate              0
Agent4/ActorLoss             0.0247702
Agent4/Entropy               3.01709
Agent4/ISRatio               0.999995
Agent4/ClipRate              0.0733956
Agent5/ActorLoss            -0.0378672
Agent5/Entropy               2.98831
Agent5/ISRatio               1.00006
Agent5/ClipRate              0.0399779
Eps                          0.85788
Episodes                  3000
Timesteps                    1.19965e+06
SamplingTime               212.822
TrainingTime                32.442
EpochTime                  269.215
TotalTime                 4013.64
------------------------  --------------
2026-04-17 10:33:31.520650 UTC | [s1_260417_18:22:08] Episode 3200 | Eval Finished
------------------------  --------------
Train/ReturnAverage        -54.375
Train/ReturnStd             16.1859
Train/ReturnMedian         -55
Train/ReturnMin           -105
Train/ReturnMax            -10
Train/DiscReturnAverage    -26.4328
Train/DiscReturnStd          6.5927
Train/DiscReturnMedian     -26.0946
Train/DiscReturnMin        -47.4216
Train/DiscReturnMax        -12.5091
Train/EpiLenAverage        400
Train/EpiLenStd              0
Train/EpiLenMedian         400
Train/EpiLenMin            400
Train/EpiLenMax            400
Train/NumDeliveryAverage     0
Train/NumDeliveryStd         0
Train/NumDeliveryMedian      0
Train/NumDeliveryMin         0
Train/NumDeliveryMax         0
Train/PickRateAverage        0
Train/PickRateStd            0
Train/PickRateMedian         0
Train/PickRateMin            0
Train/PickRateMax            0
Eval/ReturnAverage         -40
Eval/ReturnStd               0
Eval/ReturnMedian          -40
Eval/ReturnMin             -40
Eval/ReturnMax             -40
Eval/DiscReturnAverage     -17.3068
Eval/DiscReturnStd           0
Eval/DiscReturnMedian      -17.3068
Eval/DiscReturnMin         -17.3068
Eval/DiscReturnMax         -17.3068
Eval/EpiLenAverage         400
Eval/EpiLenStd               0
Eval/EpiLenMedian          400
Eval/EpiLenMin             400
Eval/EpiLenMax             400
Eval/NumDeliveryAverage      0
Eval/NumDeliveryStd          0
Eval/NumDeliveryMedian       0
Eval/NumDeliveryMin          0
Eval/NumDeliveryMax          0
Eval/PickRateAverage         0
Eval/PickRateStd             0
Eval/PickRateMedian          0
Eval/PickRateMin             0
Eval/PickRateMax             0
Agent0/NMacroActions       106.255
Agent1/NMacroActions        90.865
Agent2/NMacroActions       106.345
Agent3/NMacroActions       106.67
Agent4/NMacroActions        91.015
Agent5/NMacroActions        87.99
Joint/Value                  0.340335
Joint/Advantage              0.000528458
Joint/CriticLoss             0.240741
Joint/VfCoef                 1
Agent0/ActorLoss             0.0286731
Agent0/Entropy               2.95887
Agent0/ISRatio               1
Agent0/ClipRate              0
Agent1/ActorLoss             0.00876561
Agent1/Entropy               3.01772
Agent1/ISRatio               0.999965
Agent1/ClipRate              0.0907081
Agent2/ActorLoss            -0.00487435
Agent2/Entropy               2.95886
Agent2/ISRatio               1
Agent2/ClipRate              0
Agent3/ActorLoss             0.127711
Agent3/Entropy               2.9589
Agent3/ISRatio               1
Agent3/ClipRate              0
Agent4/ActorLoss             0.0561133
Agent4/Entropy               3.00702
Agent4/ISRatio               0.99999
Agent4/ClipRate              0.0842775
Agent5/ActorLoss             0.044373
Agent5/Entropy               2.9772
Agent5/ISRatio               1.00005
Agent5/ClipRate              0.0497826
Eps                          0.84838
Episodes                  3200
Timesteps                    1.27965e+06
SamplingTime               212.581
TrainingTime                31.9973
EpochTime                  268.147
TotalTime                 4281.78
------------------------  --------------
2026-04-17 10:37:57.751479 UTC | [s1_260417_18:22:08] Episode 3400 | Eval Finished
------------------------  --------------
Train/ReturnAverage        -52.4
Train/ReturnStd             15.4916
Train/ReturnMedian         -50
Train/ReturnMin           -100
Train/ReturnMax            -20
Train/DiscReturnAverage    -25.3758
Train/DiscReturnStd          5.80626
Train/DiscReturnMedian     -25.1844
Train/DiscReturnMin        -44.9692
Train/DiscReturnMax        -14.1045
Train/EpiLenAverage        400
Train/EpiLenStd              0
Train/EpiLenMedian         400
Train/EpiLenMin            400
Train/EpiLenMax            400
Train/NumDeliveryAverage     0
Train/NumDeliveryStd         0
Train/NumDeliveryMedian      0
Train/NumDeliveryMin         0
Train/NumDeliveryMax         0
Train/PickRateAverage        0
Train/PickRateStd            0
Train/PickRateMedian         0
Train/PickRateMin            0
Train/PickRateMax            0
Eval/ReturnAverage         -40
Eval/ReturnStd               0
Eval/ReturnMedian          -40
Eval/ReturnMin             -40
Eval/ReturnMax             -40
Eval/DiscReturnAverage     -17.3068
Eval/DiscReturnStd           0
Eval/DiscReturnMedian      -17.3068
Eval/DiscReturnMin         -17.3068
Eval/DiscReturnMax         -17.3068
Eval/EpiLenAverage         400
Eval/EpiLenStd               0
Eval/EpiLenMedian          400
Eval/EpiLenMin             400
Eval/EpiLenMax             400
Eval/NumDeliveryAverage      0
Eval/NumDeliveryStd          0
Eval/NumDeliveryMedian       0
Eval/NumDeliveryMin          0
Eval/NumDeliveryMax          0
Eval/PickRateAverage         0
Eval/PickRateStd             0
Eval/PickRateMedian          0
Eval/PickRateMin             0
Eval/PickRateMax             0
Agent0/NMacroActions       111.995
Agent1/NMacroActions        89.46
Agent2/NMacroActions       109.82
Agent3/NMacroActions       109.99
Agent4/NMacroActions        91.35
Agent5/NMacroActions        90.98
Joint/Value                  0.353123
Joint/Advantage              0.00171199
Joint/CriticLoss             0.219399
Joint/VfCoef                 1
Agent0/ActorLoss            -0.117435
Agent0/Entropy               2.94439
Agent0/ISRatio               1
Agent0/ClipRate              0
Agent1/ActorLoss            -0.146506
Agent1/Entropy               3.00754
Agent1/ISRatio               0.999974
Agent1/ClipRate              0.0959338
Agent2/ActorLoss            -0.0890033
Agent2/Entropy               2.94438
Agent2/ISRatio               1
Agent2/ClipRate              0
Agent3/ActorLoss            -0.108899
Agent3/Entropy               2.94442
Agent3/ISRatio               1
Agent3/ClipRate              2.64609e-05
Agent4/ActorLoss            -0.0962889
Agent4/Entropy               2.99569
Agent4/ISRatio               1.00008
Agent4/ClipRate              0.0753366
Agent5/ActorLoss            -0.0770555
Agent5/Entropy               2.96441
Agent5/ISRatio               1.00015
Agent5/ClipRate              0.0507591
Eps                          0.83888
Episodes                  3400
Timesteps                    1.35965e+06
SamplingTime               211.089
TrainingTime                31.9189
EpochTime                  266.171
TotalTime                 4547.95
------------------------  --------------
2026-04-17 10:42:23.601642 UTC | [s1_260417_18:22:08] Episode 3600 | Eval Finished
------------------------  --------------
Train/ReturnAverage        -53.6
Train/ReturnStd             17.4869
Train/ReturnMedian         -55
Train/ReturnMin           -115
Train/ReturnMax            -15
Train/DiscReturnAverage    -26.5299
Train/DiscReturnStd          6.51628
Train/DiscReturnMedian     -26.4761
Train/DiscReturnMin        -52.3738
Train/DiscReturnMax         -9.34329
Train/EpiLenAverage        400
Train/EpiLenStd              0
Train/EpiLenMedian         400
Train/EpiLenMin            400
Train/EpiLenMax            400
Train/NumDeliveryAverage     0
Train/NumDeliveryStd         0
Train/NumDeliveryMedian      0
Train/NumDeliveryMin         0
Train/NumDeliveryMax         0
Train/PickRateAverage        0
Train/PickRateStd            0
Train/PickRateMedian         0
Train/PickRateMin            0
Train/PickRateMax            0
Eval/ReturnAverage         -40
Eval/ReturnStd               0
Eval/ReturnMedian          -40
Eval/ReturnMin             -40
Eval/ReturnMax             -40
Eval/DiscReturnAverage     -17.3068
Eval/DiscReturnStd           0
Eval/DiscReturnMedian      -17.3068
Eval/DiscReturnMin         -17.3068
Eval/DiscReturnMax         -17.3068
Eval/EpiLenAverage         400
Eval/EpiLenStd               0
Eval/EpiLenMedian          400
Eval/EpiLenMin             400
Eval/EpiLenMax             400
Eval/NumDeliveryAverage      0
Eval/NumDeliveryStd          0
Eval/NumDeliveryMedian       0
Eval/NumDeliveryMin          0
Eval/NumDeliveryMax          0
Eval/PickRateAverage         0
Eval/PickRateStd             0
Eval/PickRateMedian          0
Eval/PickRateMin             0
Eval/PickRateMax             0
Agent0/NMacroActions       109.51
Agent1/NMacroActions        91.8
Agent2/NMacroActions       108.585
Agent3/NMacroActions       106.795
Agent4/NMacroActions        89.66
Agent5/NMacroActions        91.1
Joint/Value                  0.31574
Joint/Advantage              0.00270847
Joint/CriticLoss             0.25063
Joint/VfCoef                 1
Agent0/ActorLoss            -0.0537158
Agent0/Entropy               2.92939
Agent0/ISRatio               1
Agent0/ClipRate              0
Agent1/ActorLoss            -0.102638
Agent1/Entropy               2.99575
Agent1/ISRatio               1.00009
Agent1/ClipRate              0.103102
Agent2/ActorLoss            -0.0128415
Agent2/Entropy               2.92938
Agent2/ISRatio               1
Agent2/ClipRate              0
Agent3/ActorLoss            -0.0386147
Agent3/Entropy               2.92941
Agent3/ISRatio               1
Agent3/ClipRate              0
Agent4/ActorLoss            -0.109429
Agent4/Entropy               2.98408
Agent4/ISRatio               1.00017
Agent4/ClipRate              0.0842612
Agent5/ActorLoss            -0.0553752
Agent5/Entropy               2.94717
Agent5/ISRatio               1.00007
Agent5/ClipRate              0.0485397
Eps                          0.82938
Episodes                  3600
Timesteps                    1.43965e+06
SamplingTime               213.86
TrainingTime                30.1497
EpochTime                  265.791
TotalTime                 4813.75
------------------------  --------------
2026-04-17 10:46:50.115637 UTC | [s1_260417_18:22:08] Episode 3800 | Eval Finished
------------------------  --------------
Train/ReturnAverage        -53.075
Train/ReturnStd             17.4906
Train/ReturnMedian         -50
Train/ReturnMin           -105
Train/ReturnMax             -5
Train/DiscReturnAverage    -26.3588
Train/DiscReturnStd          6.70413
Train/DiscReturnMedian     -25.6685
Train/DiscReturnMin        -45.8164
Train/DiscReturnMax         -9.36289
Train/EpiLenAverage        400
Train/EpiLenStd              0
Train/EpiLenMedian         400
Train/EpiLenMin            400
Train/EpiLenMax            400
Train/NumDeliveryAverage     0
Train/NumDeliveryStd         0
Train/NumDeliveryMedian      0
Train/NumDeliveryMin         0
Train/NumDeliveryMax         0
Train/PickRateAverage        0
Train/PickRateStd            0
Train/PickRateMedian         0
Train/PickRateMin            0
Train/PickRateMax            0
Eval/ReturnAverage         -40
Eval/ReturnStd               0
Eval/ReturnMedian          -40
Eval/ReturnMin             -40
Eval/ReturnMax             -40
Eval/DiscReturnAverage     -17.3068
Eval/DiscReturnStd           0
Eval/DiscReturnMedian      -17.3068
Eval/DiscReturnMin         -17.3068
Eval/DiscReturnMax         -17.3068
Eval/EpiLenAverage         400
Eval/EpiLenStd               0
Eval/EpiLenMedian          400
Eval/EpiLenMin             400
Eval/EpiLenMax             400
Eval/NumDeliveryAverage      0
Eval/NumDeliveryStd          0
Eval/NumDeliveryMedian       0
Eval/NumDeliveryMin          0
Eval/NumDeliveryMax          0
Eval/PickRateAverage         0
Eval/PickRateStd             0
Eval/PickRateMedian          0
Eval/PickRateMin             0
Eval/PickRateMax             0
Agent0/NMacroActions       111.675
Agent1/NMacroActions        92.29
Agent2/NMacroActions       110.925
Agent3/NMacroActions       109.75
Agent4/NMacroActions        89.555
Agent5/NMacroActions        91.54
Joint/Value                  0.406943
Joint/Advantage              0.000477064
Joint/CriticLoss             0.253135
Joint/VfCoef                 1
Agent0/ActorLoss            -0.0701886
Agent0/Entropy               2.91388
Agent0/ISRatio               1
Agent0/ClipRate              0
Agent1/ActorLoss            -0.0805984
Agent1/Entropy               2.98286
Agent1/ISRatio               1.00006
Agent1/ClipRate              0.1111
Agent2/ActorLoss            -0.0227143
Agent2/Entropy               2.91387
Agent2/ISRatio               1
Agent2/ClipRate              0
Agent3/ActorLoss            -0.0339259
Agent3/Entropy               2.9139
Agent3/ISRatio               1
Agent3/ClipRate              0
Agent4/ActorLoss            -0.0633612
Agent4/Entropy               2.97456
Agent4/ISRatio               1.00006
Agent4/ClipRate              0.0766028
Agent5/ActorLoss            -0.0817655
Agent5/Entropy               2.93143
Agent5/ISRatio               1.00013
Agent5/ClipRate              0.0384184
Eps                          0.81988
Episodes                  3800
Timesteps                    1.51965e+06
SamplingTime               211.238
TrainingTime                31.9306
EpochTime                  266.449
TotalTime                 5080.19
------------------------  --------------
2026-04-17 10:51:19.223406 UTC | [s1_260417_18:22:08] Episode 4000 | Eval Finished
------------------------  --------------
Train/ReturnAverage        -50.625
Train/ReturnStd             17.7689
Train/ReturnMedian         -50
Train/ReturnMin           -105
Train/ReturnMax            -10
Train/DiscReturnAverage    -24.7781
Train/DiscReturnStd          6.42423
Train/DiscReturnMedian     -24.4404
Train/DiscReturnMin        -47.359
Train/DiscReturnMax         -8.1347
Train/EpiLenAverage        400
Train/EpiLenStd              0
Train/EpiLenMedian         400
Train/EpiLenMin            400
Train/EpiLenMax            400
Train/NumDeliveryAverage     0
Train/NumDeliveryStd         0
Train/NumDeliveryMedian      0
Train/NumDeliveryMin         0
Train/NumDeliveryMax         0
Train/PickRateAverage        0
Train/PickRateStd            0
Train/PickRateMedian         0
Train/PickRateMin            0
Train/PickRateMax            0
Eval/ReturnAverage         -40
Eval/ReturnStd               0
Eval/ReturnMedian          -40
Eval/ReturnMin             -40
Eval/ReturnMax             -40
Eval/DiscReturnAverage     -17.3068
Eval/DiscReturnStd           0
Eval/DiscReturnMedian      -17.3068
Eval/DiscReturnMin         -17.3068
Eval/DiscReturnMax         -17.3068
Eval/EpiLenAverage         400
Eval/EpiLenStd               0
Eval/EpiLenMedian          400
Eval/EpiLenMin             400
Eval/EpiLenMax             400
Eval/NumDeliveryAverage      0
Eval/NumDeliveryStd          0
Eval/NumDeliveryMedian       0
Eval/NumDeliveryMin          0
Eval/NumDeliveryMax          0
Eval/PickRateAverage         0
Eval/PickRateStd             0
Eval/PickRateMedian          0
Eval/PickRateMin             0
Eval/PickRateMax             0
Agent0/NMacroActions       110.875
Agent1/NMacroActions        90.955
Agent2/NMacroActions       108.56
Agent3/NMacroActions       109.685
Agent4/NMacroActions        89.26
Agent5/NMacroActions        93.335
Joint/Value                  0.51105
Joint/Advantage              0.00505015
Joint/CriticLoss             0.252364
Joint/VfCoef                 1
Agent0/ActorLoss            -0.0538044
Agent0/Entropy               2.89788
Agent0/ISRatio               1
Agent0/ClipRate              0
Agent1/ActorLoss            -0.0702058
Agent1/Entropy               2.9709
Agent1/ISRatio               1
Agent1/ClipRate              0.110443
Agent2/ActorLoss            -0.0420672
Agent2/Entropy               2.89787
Agent2/ISRatio               1
Agent2/ClipRate              0
Agent3/ActorLoss            -0.0326301
Agent3/Entropy               2.89791
Agent3/ISRatio               1
Agent3/ClipRate              0
Agent4/ActorLoss            -0.0685513
Agent4/Entropy               2.96167
Agent4/ISRatio               1.00012
Agent4/ClipRate              0.0911359
Agent5/ActorLoss            -0.0396219
Agent5/Entropy               2.91565
Agent5/ISRatio               0.999919
Agent5/ClipRate              0.0424351
Eps                          0.81038
Episodes                  4000
Timesteps                    1.59965e+06
SamplingTime               213.54
TrainingTime                32.0558
EpochTime                  269.049
TotalTime                 5349.24
------------------------  --------------
2026-04-17 10:55:46.499730 UTC | [s1_260417_18:22:08] Episode 4200 | Eval Finished
------------------------  --------------
Train/ReturnAverage        -50.95
Train/ReturnStd             15.1772
Train/ReturnMedian         -50
Train/ReturnMin           -105
Train/ReturnMax            -20
Train/DiscReturnAverage    -25.185
Train/DiscReturnStd          5.82917
Train/DiscReturnMedian     -24.8186
Train/DiscReturnMin        -43.3658
Train/DiscReturnMax        -12.0085
Train/EpiLenAverage        400
Train/EpiLenStd              0
Train/EpiLenMedian         400
Train/EpiLenMin            400
Train/EpiLenMax            400
Train/NumDeliveryAverage     0
Train/NumDeliveryStd         0
Train/NumDeliveryMedian      0
Train/NumDeliveryMin         0
Train/NumDeliveryMax         0
Train/PickRateAverage        0
Train/PickRateStd            0
Train/PickRateMedian         0
Train/PickRateMin            0
Train/PickRateMax            0
Eval/ReturnAverage         -40
Eval/ReturnStd               0
Eval/ReturnMedian          -40
Eval/ReturnMin             -40
Eval/ReturnMax             -40
Eval/DiscReturnAverage     -17.3068
Eval/DiscReturnStd           0
Eval/DiscReturnMedian      -17.3068
Eval/DiscReturnMin         -17.3068
Eval/DiscReturnMax         -17.3068
Eval/EpiLenAverage         400
Eval/EpiLenStd               0
Eval/EpiLenMedian          400
Eval/EpiLenMin             400
Eval/EpiLenMax             400
Eval/NumDeliveryAverage      0
Eval/NumDeliveryStd          0
Eval/NumDeliveryMedian       0
Eval/NumDeliveryMin          0
Eval/NumDeliveryMax          0
Eval/PickRateAverage         0
Eval/PickRateStd             0
Eval/PickRateMedian          0
Eval/PickRateMin             0
Eval/PickRateMax             0
Agent0/NMacroActions       113.975
Agent1/NMacroActions        91.895
Agent2/NMacroActions       112.37
Agent3/NMacroActions       107.98
Agent4/NMacroActions        88.665
Agent5/NMacroActions        91.605
Joint/Value                  0.604446
Joint/Advantage             -0.000311537
Joint/CriticLoss             0.233892
Joint/VfCoef                 1
Agent0/ActorLoss             0.0736072
Agent0/Entropy               2.88399
Agent0/ISRatio               0.999956
Agent0/ClipRate              0.0169591
Agent1/ActorLoss             0.123889
Agent1/Entropy               2.95153
Agent1/ISRatio               0.999838
Agent1/ClipRate              0.112771
Agent2/ActorLoss             0.121708
Agent2/Entropy               2.88139
Agent2/ISRatio               1
Agent2/ClipRate              0
Agent3/ActorLoss             0.0769783
Agent3/Entropy               2.88143
Agent3/ISRatio               1
Agent3/ClipRate              0
Agent4/ActorLoss             0.128299
Agent4/Entropy               2.95017
Agent4/ISRatio               0.999995
Agent4/ClipRate              0.0850765
Agent5/ActorLoss             0.068832
Agent5/Entropy               2.89722
Agent5/ISRatio               1.00008
Agent5/ClipRate              0.039793
Eps                          0.80088
Episodes                  4200
Timesteps                    1.67965e+06
SamplingTime               212.723
TrainingTime                31.9607
EpochTime                  267.216
TotalTime                 5616.46
------------------------  --------------
2026-04-17 11:00:12.981861 UTC | [s1_260417_18:22:08] Episode 4400 | Eval Finished
------------------------  --------------
Train/ReturnAverage        -49.175
Train/ReturnStd             15.778
Train/ReturnMedian         -50
Train/ReturnMin           -100
Train/ReturnMax            -15
Train/DiscReturnAverage    -24.8575
Train/DiscReturnStd          6.12275
Train/DiscReturnMedian     -24.0518
Train/DiscReturnMin        -45.1886
Train/DiscReturnMax        -12.8559
Train/EpiLenAverage        400
Train/EpiLenStd              0
Train/EpiLenMedian         400
Train/EpiLenMin            400
Train/EpiLenMax            400
Train/NumDeliveryAverage     0
Train/NumDeliveryStd         0
Train/NumDeliveryMedian      0
Train/NumDeliveryMin         0
Train/NumDeliveryMax         0
Train/PickRateAverage        0
Train/PickRateStd            0
Train/PickRateMedian         0
Train/PickRateMin            0
Train/PickRateMax            0
Eval/ReturnAverage         -40
Eval/ReturnStd               0
Eval/ReturnMedian          -40
Eval/ReturnMin             -40
Eval/ReturnMax             -40
Eval/DiscReturnAverage     -17.3068
Eval/DiscReturnStd           0
Eval/DiscReturnMedian      -17.3068
Eval/DiscReturnMin         -17.3068
Eval/DiscReturnMax         -17.3068
Eval/EpiLenAverage         400
Eval/EpiLenStd               0
Eval/EpiLenMedian          400
Eval/EpiLenMin             400
Eval/EpiLenMax             400
Eval/NumDeliveryAverage      0
Eval/NumDeliveryStd          0
Eval/NumDeliveryMedian       0
Eval/NumDeliveryMin          0
Eval/NumDeliveryMax          0
Eval/PickRateAverage         0
Eval/PickRateStd             0
Eval/PickRateMedian          0
Eval/PickRateMin             0
Eval/PickRateMax             0
Agent0/NMacroActions       113.69
Agent1/NMacroActions        91.35
Agent2/NMacroActions       110.605
Agent3/NMacroActions       109.47
Agent4/NMacroActions        88.535
Agent5/NMacroActions        89.995
Joint/Value                  0.540307
Joint/Advantage              0.000597017
Joint/CriticLoss             0.257313
Joint/VfCoef                 1
Agent0/ActorLoss            -0.0930053
Agent0/Entropy               2.86804
Agent0/ISRatio               0.999996
Agent0/ClipRate              0.0126348
Agent1/ActorLoss            -0.0911013
Agent1/Entropy               2.94199
Agent1/ISRatio               1.00017
Agent1/ClipRate              0.12003
Agent2/ActorLoss            -0.103605
Agent2/Entropy               2.86445
Agent2/ISRatio               1
Agent2/ClipRate              0
Agent3/ActorLoss            -0.0744054
Agent3/Entropy               2.86449
Agent3/ISRatio               1
Agent3/ClipRate              1.93705e-05
Agent4/ActorLoss            -0.115219
Agent4/Entropy               2.93506
Agent4/ISRatio               1.00007
Agent4/ClipRate              0.0792732
Agent5/ActorLoss            -0.110863
Agent5/Entropy               2.88126
Agent5/ISRatio               1.00017
Agent5/ClipRate              0.0389793
Eps                          0.79138
Episodes                  4400
Timesteps                    1.75965e+06
SamplingTime               212.906
TrainingTime                31.8047
EpochTime                  266.422
TotalTime                 5882.88
------------------------  --------------
2026-04-17 11:04:37.886456 UTC | [s1_260417_18:22:08] Episode 4600 | Eval Finished
------------------------  --------------
Train/ReturnAverage        -49.95
Train/ReturnStd             14.8828
Train/ReturnMedian         -50
Train/ReturnMin           -100
Train/ReturnMax            -15
Train/DiscReturnAverage    -24.7089
Train/DiscReturnStd          5.91032
Train/DiscReturnMedian     -23.6319
Train/DiscReturnMin        -44.0146
Train/DiscReturnMax        -10.5882
Train/EpiLenAverage        400
Train/EpiLenStd              0
Train/EpiLenMedian         400
Train/EpiLenMin            400
Train/EpiLenMax            400
Train/NumDeliveryAverage     0
Train/NumDeliveryStd         0
Train/NumDeliveryMedian      0
Train/NumDeliveryMin         0
Train/NumDeliveryMax         0
Train/PickRateAverage        0
Train/PickRateStd            0
Train/PickRateMedian         0
Train/PickRateMin            0
Train/PickRateMax            0
Eval/ReturnAverage         -40
Eval/ReturnStd               0
Eval/ReturnMedian          -40
Eval/ReturnMin             -40
Eval/ReturnMax             -40
Eval/DiscReturnAverage     -17.3068
Eval/DiscReturnStd           0
Eval/DiscReturnMedian      -17.3068
Eval/DiscReturnMin         -17.3068
Eval/DiscReturnMax         -17.3068
Eval/EpiLenAverage         400
Eval/EpiLenStd               0
Eval/EpiLenMedian          400
Eval/EpiLenMin             400
Eval/EpiLenMax             400
Eval/NumDeliveryAverage      0
Eval/NumDeliveryStd          0
Eval/NumDeliveryMedian       0
Eval/NumDeliveryMin          0
Eval/NumDeliveryMax          0
Eval/PickRateAverage         0
Eval/PickRateStd             0
Eval/PickRateMedian          0
Eval/PickRateMin             0
Eval/PickRateMax             0
Agent0/NMacroActions       116.01
Agent1/NMacroActions        92.15
Agent2/NMacroActions       113.255
Agent3/NMacroActions       112.505
Agent4/NMacroActions        91.755
Agent5/NMacroActions        91.175
Joint/Value                  0.495346
Joint/Advantage             -0.000196164
Joint/CriticLoss             0.248791
Joint/VfCoef                 1
Agent0/ActorLoss            -0.0959464
Agent0/Entropy               2.84741
Agent0/ISRatio               0.999991
Agent0/ClipRate              0.000319682
Agent1/ActorLoss            -0.109932
Agent1/Entropy               2.93369
Agent1/ISRatio               1.00014
Agent1/ClipRate              0.107576
Agent2/ActorLoss            -0.0941957
Agent2/Entropy               2.84706
Agent2/ISRatio               1
Agent2/ClipRate              0
Agent3/ActorLoss            -0.124126
Agent3/Entropy               2.8471
Agent3/ISRatio               1
Agent3/ClipRate              0
Agent4/ActorLoss            -0.0508592
Agent4/Entropy               2.92278
Agent4/ISRatio               0.99992
Agent4/ClipRate              0.090739
Agent5/ActorLoss            -0.0697458
Agent5/Entropy               2.86482
Agent5/ISRatio               1.00024
Agent5/ClipRate              0.0475819
Eps                          0.78188
Episodes                  4600
Timesteps                    1.83965e+06
SamplingTime               210.999
TrainingTime                32.1366
EpochTime                  264.849
TotalTime                 6147.73
------------------------  --------------
2026-04-17 11:09:05.752583 UTC | [s1_260417_18:22:08] Episode 4800 | Eval Finished
------------------------  --------------
Train/ReturnAverage        -47.5
Train/ReturnStd             15.7003
Train/ReturnMedian         -45
Train/ReturnMin            -90
Train/ReturnMax            -10
Train/DiscReturnAverage    -24.2076
Train/DiscReturnStd          6.33179
Train/DiscReturnMedian     -24.1439
Train/DiscReturnMin        -49.6524
Train/DiscReturnMax        -10.3551
Train/EpiLenAverage        400
Train/EpiLenStd              0
Train/EpiLenMedian         400
Train/EpiLenMin            400
Train/EpiLenMax            400
Train/NumDeliveryAverage     0
Train/NumDeliveryStd         0
Train/NumDeliveryMedian      0
Train/NumDeliveryMin         0
Train/NumDeliveryMax         0
Train/PickRateAverage        0
Train/PickRateStd            0
Train/PickRateMedian         0
Train/PickRateMin            0
Train/PickRateMax            0
Eval/ReturnAverage         -40
Eval/ReturnStd               0
Eval/ReturnMedian          -40
Eval/ReturnMin             -40
Eval/ReturnMax             -40
Eval/DiscReturnAverage     -17.3068
Eval/DiscReturnStd           0
Eval/DiscReturnMedian      -17.3068
Eval/DiscReturnMin         -17.3068
Eval/DiscReturnMax         -17.3068
Eval/EpiLenAverage         400
Eval/EpiLenStd               0
Eval/EpiLenMedian          400
Eval/EpiLenMin             400
Eval/EpiLenMax             400
Eval/NumDeliveryAverage      0
Eval/NumDeliveryStd          0
Eval/NumDeliveryMedian       0
Eval/NumDeliveryMin          0
Eval/NumDeliveryMax          0
Eval/PickRateAverage         0
Eval/PickRateStd             0
Eval/PickRateMedian          0
Eval/PickRateMin             0
Eval/PickRateMax             0
Agent0/NMacroActions       114.155
Agent1/NMacroActions        89.44
Agent2/NMacroActions       112.99
Agent3/NMacroActions       110.505
Agent4/NMacroActions        87.15
Agent5/NMacroActions        89.44
Joint/Value                  0.669161
Joint/Advantage              0.00753
Joint/CriticLoss             0.253712
Joint/VfCoef                 1
Agent0/ActorLoss            -0.0713238
Agent0/Entropy               2.83039
Agent0/ISRatio               1.00001
Agent0/ClipRate              0.00362399
Agent1/ActorLoss            -0.0874814
Agent1/Entropy               2.92712
Agent1/ISRatio               1.00005
Agent1/ClipRate              0.133332
Agent2/ActorLoss            -0.109066
Agent2/Entropy               2.82923
Agent2/ISRatio               1
Agent2/ClipRate              0
Agent3/ActorLoss            -0.0753559
Agent3/Entropy               2.82945
Agent3/ISRatio               1
Agent3/ClipRate              8.50771e-05
Agent4/ActorLoss            -0.0608105
Agent4/Entropy               2.912
Agent4/ISRatio               1.00006
Agent4/ClipRate              0.104609
Agent5/ActorLoss            -0.0689006
Agent5/Entropy               2.84765
Agent5/ISRatio               1.00002
Agent5/ClipRate              0.0424123
Eps                          0.77238
Episodes                  4800
Timesteps                    1.91965e+06
SamplingTime               214.167
TrainingTime                31.9881
EpochTime                  267.803
TotalTime                 6415.53
------------------------  --------------
2026-04-17 11:13:34.753555 UTC | [s1_260417_18:22:08] Episode 5000 | Eval Finished
------------------------  --------------
Train/ReturnAverage        -49.05
Train/ReturnStd             15.8066
Train/ReturnMedian         -50
Train/ReturnMin           -105
Train/ReturnMax             -5
Train/DiscReturnAverage    -24.1314
Train/DiscReturnStd          6.06071
Train/DiscReturnMedian     -23.4663
Train/DiscReturnMin        -45.9413
Train/DiscReturnMax         -7.40775
Train/EpiLenAverage        400
Train/EpiLenStd              0
Train/EpiLenMedian         400
Train/EpiLenMin            400
Train/EpiLenMax            400
Train/NumDeliveryAverage     0
Train/NumDeliveryStd         0
Train/NumDeliveryMedian      0
Train/NumDeliveryMin         0
Train/NumDeliveryMax         0
Train/PickRateAverage        0
Train/PickRateStd            0
Train/PickRateMedian         0
Train/PickRateMin            0
Train/PickRateMax            0
Eval/ReturnAverage         -40
Eval/ReturnStd               0
Eval/ReturnMedian          -40
Eval/ReturnMin             -40
Eval/ReturnMax             -40
Eval/DiscReturnAverage     -17.3068
Eval/DiscReturnStd           0
Eval/DiscReturnMedian      -17.3068
Eval/DiscReturnMin         -17.3068
Eval/DiscReturnMax         -17.3068
Eval/EpiLenAverage         400
Eval/EpiLenStd               0
Eval/EpiLenMedian          400
Eval/EpiLenMin             400
Eval/EpiLenMax             400
Eval/NumDeliveryAverage      0
Eval/NumDeliveryStd          0
Eval/NumDeliveryMedian       0
Eval/NumDeliveryMin          0
Eval/NumDeliveryMax          0
Eval/PickRateAverage         0
Eval/PickRateStd             0
Eval/PickRateMedian          0
Eval/PickRateMin             0
Eval/PickRateMax             0
Agent0/NMacroActions       116.47
Agent1/NMacroActions        91.045
Agent2/NMacroActions       115.945
Agent3/NMacroActions       115.565
Agent4/NMacroActions        89.095
Agent5/NMacroActions        91.39
Joint/Value                  0.860549
Joint/Advantage             -0.000147184
Joint/CriticLoss             0.244976
Joint/VfCoef                 1
Agent0/ActorLoss             0.208852
Agent0/Entropy               2.81182
Agent0/ISRatio               0.999961
Agent0/ClipRate              0.00201066
Agent1/ActorLoss             0.267885
Agent1/Entropy               2.91171
Agent1/ISRatio               0.999833
Agent1/ClipRate              0.122207
Agent2/ActorLoss             0.219608
Agent2/Entropy               2.81097
Agent2/ISRatio               1
Agent2/ClipRate              0
Agent3/ActorLoss             0.243097
Agent3/Entropy               2.8231
Agent3/ISRatio               1.00001
Agent3/ClipRate              0.0294656
Agent4/ActorLoss             0.210213
Agent4/Entropy               2.8965
Agent4/ISRatio               0.999911
Agent4/ClipRate              0.0989476
Agent5/ActorLoss             0.194007
Agent5/Entropy               2.83093
Agent5/ISRatio               0.999796
Agent5/ClipRate              0.0410225
Eps                          0.76288
Episodes                  5000
Timesteps                    1.99965e+06
SamplingTime               213.882
TrainingTime                32.8762
EpochTime                  268.936
TotalTime                 6684.47
------------------------  --------------
2026-04-17 11:18:00.807698 UTC | [s1_260417_18:22:08] Episode 5200 | Eval Finished
------------------------  --------------
Train/ReturnAverage        -48.85
Train/ReturnStd             16.4447
Train/ReturnMedian         -50
Train/ReturnMin            -95
Train/ReturnMax             10
Train/DiscReturnAverage    -23.8361
Train/DiscReturnStd          6.22854
Train/DiscReturnMedian     -23.8979
Train/DiscReturnMin        -42.9782
Train/DiscReturnMax         -1.46707
Train/EpiLenAverage        400
Train/EpiLenStd              0
Train/EpiLenMedian         400
Train/EpiLenMin            400
Train/EpiLenMax            400
Train/NumDeliveryAverage     0
Train/NumDeliveryStd         0
Train/NumDeliveryMedian      0
Train/NumDeliveryMin         0
Train/NumDeliveryMax         0
Train/PickRateAverage        0
Train/PickRateStd            0
Train/PickRateMedian         0
Train/PickRateMin            0
Train/PickRateMax            0
Eval/ReturnAverage         -40
Eval/ReturnStd               0
Eval/ReturnMedian          -40
Eval/ReturnMin             -40
Eval/ReturnMax             -40
Eval/DiscReturnAverage     -17.3068
Eval/DiscReturnStd           0
Eval/DiscReturnMedian      -17.3068
Eval/DiscReturnMin         -17.3068
Eval/DiscReturnMax         -17.3068
Eval/EpiLenAverage         400
Eval/EpiLenStd               0
Eval/EpiLenMedian          400
Eval/EpiLenMin             400
Eval/EpiLenMax             400
Eval/NumDeliveryAverage      0
Eval/NumDeliveryStd          0
Eval/NumDeliveryMedian       0
Eval/NumDeliveryMin          0
Eval/NumDeliveryMax          0
Eval/PickRateAverage         0
Eval/PickRateStd             0
Eval/PickRateMedian          0
Eval/PickRateMin             0
Eval/PickRateMax             0
Agent0/NMacroActions       117.61
Agent1/NMacroActions        93.29
Agent2/NMacroActions       116.385
Agent3/NMacroActions       114.76
Agent4/NMacroActions        92.08
Agent5/NMacroActions        93.765
Joint/Value                  0.784694
Joint/Advantage             -0.00126928
Joint/CriticLoss             0.25061
Joint/VfCoef                 1
Agent0/ActorLoss             0.229056
Agent0/Entropy               2.79691
Agent0/ISRatio               0.999963
Agent0/ClipRate              0.0149932
Agent1/ActorLoss             0.221067
Agent1/Entropy               2.89893
Agent1/ISRatio               0.999919
Agent1/ClipRate              0.123014
Agent2/ActorLoss             0.284291
Agent2/Entropy               2.79229
Agent2/ISRatio               1
Agent2/ClipRate              0
Agent3/ActorLoss             0.205531
Agent3/Entropy               2.81974
Agent3/ISRatio               0.999939
Agent3/ClipRate              0.0469119
Agent4/ActorLoss             0.230296
Agent4/Entropy               2.8861
Agent4/ISRatio               0.999853
Agent4/ClipRate              0.115333
Agent5/ActorLoss             0.280424
Agent5/Entropy               2.81468
Agent5/ISRatio               0.999814
Agent5/ClipRate              0.0476315
Eps                          0.75338
Episodes                  5200
Timesteps                    2.07965e+06
SamplingTime               211.274
TrainingTime                32.2084
EpochTime                  265.995
TotalTime                 6950.46
------------------------  --------------
2026-04-17 11:22:24.809126 UTC | [s1_260417_18:22:08] Episode 5400 | Eval Finished
------------------------  --------------
Train/ReturnAverage        -47.05
Train/ReturnStd             15.7495
Train/ReturnMedian         -45
Train/ReturnMin            -95
Train/ReturnMax            -10
Train/DiscReturnAverage    -23.5505
Train/DiscReturnStd          5.88195
Train/DiscReturnMedian     -23.248
Train/DiscReturnMin        -38.1665
Train/DiscReturnMax         -7.70704
Train/EpiLenAverage        400
Train/EpiLenStd              0
Train/EpiLenMedian         400
Train/EpiLenMin            400
Train/EpiLenMax            400
Train/NumDeliveryAverage     0
Train/NumDeliveryStd         0
Train/NumDeliveryMedian      0
Train/NumDeliveryMin         0
Train/NumDeliveryMax         0
Train/PickRateAverage        0
Train/PickRateStd            0
Train/PickRateMedian         0
Train/PickRateMin            0
Train/PickRateMax            0
Eval/ReturnAverage         -40
Eval/ReturnStd               0
Eval/ReturnMedian          -40
Eval/ReturnMin             -40
Eval/ReturnMax             -40
Eval/DiscReturnAverage     -17.3068
Eval/DiscReturnStd           0
Eval/DiscReturnMedian      -17.3068
Eval/DiscReturnMin         -17.3068
Eval/DiscReturnMax         -17.3068
Eval/EpiLenAverage         400
Eval/EpiLenStd               0
Eval/EpiLenMedian          400
Eval/EpiLenMin             400
Eval/EpiLenMax             400
Eval/NumDeliveryAverage      0
Eval/NumDeliveryStd          0
Eval/NumDeliveryMedian       0
Eval/NumDeliveryMin          0
Eval/NumDeliveryMax          0
Eval/PickRateAverage         0
Eval/PickRateStd             0
Eval/PickRateMedian          0
Eval/PickRateMin             0
Eval/PickRateMax             0
Agent0/NMacroActions       119.565
Agent1/NMacroActions        91.22
Agent2/NMacroActions       116.58
Agent3/NMacroActions       113.8
Agent4/NMacroActions        89.775
Agent5/NMacroActions        92.435
Joint/Value                  0.667221
Joint/Advantage              0.00417583
Joint/CriticLoss             0.232743
Joint/VfCoef                 1
Agent0/ActorLoss             0.0623257
Agent0/Entropy               2.77736
Agent0/ISRatio               1.00001
Agent0/ClipRate              0.00661392
Agent1/ActorLoss             0.101843
Agent1/Entropy               2.88876
Agent1/ISRatio               0.999927
Agent1/ClipRate              0.119316
Agent2/ActorLoss             0.0869594
Agent2/Entropy               2.7732
Agent2/ISRatio               1
Agent2/ClipRate              0
Agent3/ActorLoss             0.0667736
Agent3/Entropy               2.79702
Agent3/ISRatio               1.00002
Agent3/ClipRate              0.0189339
Agent4/ActorLoss             0.119636
Agent4/Entropy               2.87028
Agent4/ISRatio               0.999917
Agent4/ClipRate              0.102337
Agent5/ActorLoss             0.0686497
Agent5/Entropy               2.7993
Agent5/ISRatio               1.00009
Agent5/ClipRate              0.0461545
Eps                          0.74388
Episodes                  5400
Timesteps                    2.15965e+06
SamplingTime               211.077
TrainingTime                31.5252
EpochTime                  263.96
TotalTime                 7214.42
------------------------  --------------
2026-04-17 11:26:51.563979 UTC | [s1_260417_18:22:08] Episode 5600 | Eval Finished
------------------------  --------------
Train/ReturnAverage        -49.3
Train/ReturnStd             16.8155
Train/ReturnMedian         -50
Train/ReturnMin           -100
Train/ReturnMax             -5
Train/DiscReturnAverage    -24.3302
Train/DiscReturnStd          6.78946
Train/DiscReturnMedian     -23.6893
Train/DiscReturnMin        -50.9331
Train/DiscReturnMax         -8.15582
Train/EpiLenAverage        400
Train/EpiLenStd              0
Train/EpiLenMedian         400
Train/EpiLenMin            400
Train/EpiLenMax            400
Train/NumDeliveryAverage     0
Train/NumDeliveryStd         0
Train/NumDeliveryMedian      0
Train/NumDeliveryMin         0
Train/NumDeliveryMax         0
Train/PickRateAverage        0
Train/PickRateStd            0
Train/PickRateMedian         0
Train/PickRateMin            0
Train/PickRateMax            0
Eval/ReturnAverage         -40
Eval/ReturnStd               0
Eval/ReturnMedian          -40
Eval/ReturnMin             -40
Eval/ReturnMax             -40
Eval/DiscReturnAverage     -17.3068
Eval/DiscReturnStd           0
Eval/DiscReturnMedian      -17.3068
Eval/DiscReturnMin         -17.3068
Eval/DiscReturnMax         -17.3068
Eval/EpiLenAverage         400
Eval/EpiLenStd               0
Eval/EpiLenMedian          400
Eval/EpiLenMin             400
Eval/EpiLenMax             400
Eval/NumDeliveryAverage      0
Eval/NumDeliveryStd          0
Eval/NumDeliveryMedian       0
Eval/NumDeliveryMin          0
Eval/NumDeliveryMax          0
Eval/PickRateAverage         0
Eval/PickRateStd             0
Eval/PickRateMedian          0
Eval/PickRateMin             0
Eval/PickRateMax             0
Agent0/NMacroActions       118.135
Agent1/NMacroActions        89.14
Agent2/NMacroActions       118.03
Agent3/NMacroActions       113.275
Agent4/NMacroActions        91.08
Agent5/NMacroActions        93.68
Joint/Value                  0.684114
Joint/Advantage              0.000698
Joint/CriticLoss             0.236105
Joint/VfCoef                 1
Agent0/ActorLoss             0.189924
Agent0/Entropy               2.75633
Agent0/ISRatio               0.999975
Agent0/ClipRate              0.00502549
Agent1/ActorLoss             0.180225
Agent1/Entropy               2.87621
Agent1/ISRatio               0.999881
Agent1/ClipRate              0.13296
Agent2/ActorLoss             0.180706
Agent2/Entropy               2.75371
Agent2/ISRatio               1
Agent2/ClipRate              0
Agent3/ActorLoss             0.222449
Agent3/Entropy               2.77692
Agent3/ISRatio               0.999989
Agent3/ClipRate              0.0188827
Agent4/ActorLoss             0.194041
Agent4/Entropy               2.85715
Agent4/ISRatio               0.999945
Agent4/ClipRate              0.117407
Agent5/ActorLoss             0.20049
Agent5/Entropy               2.7822
Agent5/ISRatio               0.99994
Agent5/ClipRate              0.04557
Eps                          0.73438
Episodes                  5600
Timesteps                    2.23965e+06
SamplingTime               213.532
TrainingTime                32.0601
EpochTime                  266.7
TotalTime                 7481.12
------------------------  --------------
2026-04-17 11:31:14.765831 UTC | [s1_260417_18:22:08] Episode 5800 | Eval Finished
------------------------  --------------
Train/ReturnAverage        -48.925
Train/ReturnStd             15.842
Train/ReturnMedian         -50
Train/ReturnMin            -95
Train/ReturnMax             -7.33025e-14
Train/DiscReturnAverage    -24.213
Train/DiscReturnStd          5.71672
Train/DiscReturnMedian     -23.996
Train/DiscReturnMin        -41.7931
Train/DiscReturnMax         -9.81265
Train/EpiLenAverage        400
Train/EpiLenStd              0
Train/EpiLenMedian         400
Train/EpiLenMin            400
Train/EpiLenMax            400
Train/NumDeliveryAverage     0
Train/NumDeliveryStd         0
Train/NumDeliveryMedian      0
Train/NumDeliveryMin         0
Train/NumDeliveryMax         0
Train/PickRateAverage        0
Train/PickRateStd            0
Train/PickRateMedian         0
Train/PickRateMin            0
Train/PickRateMax            0
Eval/ReturnAverage         -40
Eval/ReturnStd               0
Eval/ReturnMedian          -40
Eval/ReturnMin             -40
Eval/ReturnMax             -40
Eval/DiscReturnAverage     -17.3068
Eval/DiscReturnStd           0
Eval/DiscReturnMedian      -17.3068
Eval/DiscReturnMin         -17.3068
Eval/DiscReturnMax         -17.3068
Eval/EpiLenAverage         400
Eval/EpiLenStd               0
Eval/EpiLenMedian          400
Eval/EpiLenMin             400
Eval/EpiLenMax             400
Eval/NumDeliveryAverage      0
Eval/NumDeliveryStd          0
Eval/NumDeliveryMedian       0
Eval/NumDeliveryMin          0
Eval/NumDeliveryMax          0
Eval/PickRateAverage         0
Eval/PickRateStd             0
Eval/PickRateMedian          0
Eval/PickRateMin             0
Eval/PickRateMax             0
Agent0/NMacroActions       120.395
Agent1/NMacroActions        92.085
Agent2/NMacroActions       119.62
Agent3/NMacroActions       114.53
Agent4/NMacroActions        89.17
Agent5/NMacroActions        94.69
Joint/Value                  0.627552
Joint/Advantage             -0.00151578
Joint/CriticLoss             0.245626
Joint/VfCoef                 1
Agent0/ActorLoss             0.221692
Agent0/Entropy               2.74137
Agent0/ISRatio               1
Agent0/ClipRate              0.0231055
Agent1/ActorLoss             0.21126
Agent1/Entropy               2.86175
Agent1/ISRatio               0.999746
Agent1/ClipRate              0.120705
Agent2/ActorLoss             0.0984119
Agent2/Entropy               2.73382
Agent2/ISRatio               1
Agent2/ClipRate              0
Agent3/ActorLoss             0.199718
Agent3/Entropy               2.76269
Agent3/ISRatio               0.999982
Agent3/ClipRate              0.0190864
Agent4/ActorLoss             0.194159
Agent4/Entropy               2.83851
Agent4/ISRatio               0.999958
Agent4/ClipRate              0.104566
Agent5/ActorLoss             0.168557
Agent5/Entropy               2.76799
Agent5/ISRatio               0.999908
Agent5/ClipRate              0.0643703
Eps                          0.72488
Episodes                  5800
Timesteps                    2.31965e+06
SamplingTime               210.341
TrainingTime                31.1551
EpochTime                  263.142
TotalTime                 7744.27
------------------------  --------------
2026-04-17 11:35:36.438272 UTC | [s1_260417_18:22:08] Episode 6000 | Eval Finished
------------------------  --------------
Train/ReturnAverage        -44.6
Train/ReturnStd             15.9324
Train/ReturnMedian         -45
Train/ReturnMin           -105
Train/ReturnMax             -5.49838e-14
Train/DiscReturnAverage    -22.5347
Train/DiscReturnStd          6.03446
Train/DiscReturnMedian     -22.1698
Train/DiscReturnMin        -42.375
Train/DiscReturnMax         -6.42889
Train/EpiLenAverage        400
Train/EpiLenStd              0
Train/EpiLenMedian         400
Train/EpiLenMin            400
Train/EpiLenMax            400
Train/NumDeliveryAverage     0
Train/NumDeliveryStd         0
Train/NumDeliveryMedian      0
Train/NumDeliveryMin         0
Train/NumDeliveryMax         0
Train/PickRateAverage        0
Train/PickRateStd            0
Train/PickRateMedian         0
Train/PickRateMin            0
Train/PickRateMax            0
Eval/ReturnAverage         -40
Eval/ReturnStd               0
Eval/ReturnMedian          -40
Eval/ReturnMin             -40
Eval/ReturnMax             -40
Eval/DiscReturnAverage     -17.3068
Eval/DiscReturnStd           0
Eval/DiscReturnMedian      -17.3068
Eval/DiscReturnMin         -17.3068
Eval/DiscReturnMax         -17.3068
Eval/EpiLenAverage         400
Eval/EpiLenStd               0
Eval/EpiLenMedian          400
Eval/EpiLenMin             400
Eval/EpiLenMax             400
Eval/NumDeliveryAverage      0
Eval/NumDeliveryStd          0
Eval/NumDeliveryMedian       0
Eval/NumDeliveryMin          0
Eval/NumDeliveryMax          0
Eval/PickRateAverage         0
Eval/PickRateStd             0
Eval/PickRateMedian          0
Eval/PickRateMin             0
Eval/PickRateMax             0
Agent0/NMacroActions       115
Agent1/NMacroActions        93.355
Agent2/NMacroActions       120.44
Agent3/NMacroActions       115.785
Agent4/NMacroActions        91.72
Agent5/NMacroActions        97.625
Joint/Value                  0.721437
Joint/Advantage              0.000634725
Joint/CriticLoss             0.246782
Joint/VfCoef                 1
Agent0/ActorLoss            -0.00813154
Agent0/Entropy               2.7358
Agent0/ISRatio               0.999999
Agent0/ClipRate              0.0389186
Agent1/ActorLoss            -0.01077
Agent1/Entropy               2.84535
Agent1/ISRatio               1.00007
Agent1/ClipRate              0.123633
Agent2/ActorLoss            -0.0219647
Agent2/Entropy               2.71355
Agent2/ISRatio               1
Agent2/ClipRate              0
Agent3/ActorLoss            -0.0605549
Agent3/Entropy               2.74106
Agent3/ISRatio               1.00001
Agent3/ClipRate              0.0223111
Agent4/ActorLoss            -0.0671384
Agent4/Entropy               2.82509
Agent4/ISRatio               1.00001
Agent4/ClipRate              0.109971
Agent5/ActorLoss             0.0346923
Agent5/Entropy               2.74852
Agent5/ISRatio               0.999954
Agent5/ClipRate              0.0535767
Eps                          0.71538
Episodes                  6000
Timesteps                    2.39965e+06
SamplingTime               208.651
TrainingTime                31.7392
EpochTime                  261.612
TotalTime                 8005.88
------------------------  --------------
2026-04-17 11:40:02.538880 UTC | [s1_260417_18:22:08] Episode 6200 | Eval Finished
------------------------  --------------
Train/ReturnAverage        -47.975
Train/ReturnStd             16.1408
Train/ReturnMedian         -45
Train/ReturnMin           -105
Train/ReturnMax            -10
Train/DiscReturnAverage    -24.186
Train/DiscReturnStd          6.4995
Train/DiscReturnMedian     -23.2551
Train/DiscReturnMin        -45.9352
Train/DiscReturnMax        -10.2809
Train/EpiLenAverage        400
Train/EpiLenStd              0
Train/EpiLenMedian         400
Train/EpiLenMin            400
Train/EpiLenMax            400
Train/NumDeliveryAverage     0
Train/NumDeliveryStd         0
Train/NumDeliveryMedian      0
Train/NumDeliveryMin         0
Train/NumDeliveryMax         0
Train/PickRateAverage        0
Train/PickRateStd            0
Train/PickRateMedian         0
Train/PickRateMin            0
Train/PickRateMax            0
Eval/ReturnAverage         -40
Eval/ReturnStd               0
Eval/ReturnMedian          -40
Eval/ReturnMin             -40
Eval/ReturnMax             -40
Eval/DiscReturnAverage     -17.3068
Eval/DiscReturnStd           0
Eval/DiscReturnMedian      -17.3068
Eval/DiscReturnMin         -17.3068
Eval/DiscReturnMax         -17.3068
Eval/EpiLenAverage         400
Eval/EpiLenStd               0
Eval/EpiLenMedian          400
Eval/EpiLenMin             400
Eval/EpiLenMax             400
Eval/NumDeliveryAverage      0
Eval/NumDeliveryStd          0
Eval/NumDeliveryMedian       0
Eval/NumDeliveryMin          0
Eval/NumDeliveryMax          0
Eval/PickRateAverage         0
Eval/PickRateStd             0
Eval/PickRateMedian          0
Eval/PickRateMin             0
Eval/PickRateMax             0
Agent0/NMacroActions       118.665
Agent1/NMacroActions        92.145
Agent2/NMacroActions       120.635
Agent3/NMacroActions       121.14
Agent4/NMacroActions        90.56
Agent5/NMacroActions        95.95
Joint/Value                  0.697042
Joint/Advantage              0.00309844
Joint/CriticLoss             0.243711
Joint/VfCoef                 1
Agent0/ActorLoss             0.121008
Agent0/Entropy               2.71862
Agent0/ISRatio               1.00001
Agent0/ClipRate              0.0294677
Agent1/ActorLoss             0.235102
Agent1/Entropy               2.82929
Agent1/ISRatio               0.99973
Agent1/ClipRate              0.145723
Agent2/ActorLoss             0.20321
Agent2/Entropy               2.69289
Agent2/ISRatio               1
Agent2/ClipRate              0
Agent3/ActorLoss             0.164492
Agent3/Entropy               2.71935
Agent3/ISRatio               0.999964
Agent3/ClipRate              0.0231589
Agent4/ActorLoss             0.180198
Agent4/Entropy               2.81212
Agent4/ISRatio               0.999936
Agent4/ClipRate              0.123704
Agent5/ActorLoss             0.245015
Agent5/Entropy               2.73601
Agent5/ISRatio               0.999807
Agent5/ClipRate              0.0653815
Eps                          0.70588
Episodes                  6200
Timesteps                    2.47965e+06
SamplingTime               211.594
TrainingTime                32.2569
EpochTime                  266.038
TotalTime                 8271.92
------------------------  --------------
2026-04-17 11:44:28.517985 UTC | [s1_260417_18:22:08] Episode 6400 | Eval Finished
------------------------  --------------
Train/ReturnAverage        -46.825
Train/ReturnStd             15.8207
Train/ReturnMedian         -45
Train/ReturnMin           -100
Train/ReturnMax             -5
Train/DiscReturnAverage    -23.6306
Train/DiscReturnStd          5.72935
Train/DiscReturnMedian     -23.0417
Train/DiscReturnMin        -47.4876
Train/DiscReturnMax         -8.477
Train/EpiLenAverage        400
Train/EpiLenStd              0
Train/EpiLenMedian         400
Train/EpiLenMin            400
Train/EpiLenMax            400
Train/NumDeliveryAverage     0
Train/NumDeliveryStd         0
Train/NumDeliveryMedian      0
Train/NumDeliveryMin         0
Train/NumDeliveryMax         0
Train/PickRateAverage        0
Train/PickRateStd            0
Train/PickRateMedian         0
Train/PickRateMin            0
Train/PickRateMax            0
Eval/ReturnAverage         -40
Eval/ReturnStd               0
Eval/ReturnMedian          -40
Eval/ReturnMin             -40
Eval/ReturnMax             -40
Eval/DiscReturnAverage     -17.3068
Eval/DiscReturnStd           0
Eval/DiscReturnMedian      -17.3068
Eval/DiscReturnMin         -17.3068
Eval/DiscReturnMax         -17.3068
Eval/EpiLenAverage         400
Eval/EpiLenStd               0
Eval/EpiLenMedian          400
Eval/EpiLenMin             400
Eval/EpiLenMax             400
Eval/NumDeliveryAverage      0
Eval/NumDeliveryStd          0
Eval/NumDeliveryMedian       0
Eval/NumDeliveryMin          0
Eval/NumDeliveryMax          0
Eval/PickRateAverage         0
Eval/PickRateStd             0
Eval/PickRateMedian          0
Eval/PickRateMin             0
Eval/PickRateMax             0
Agent0/NMacroActions       115.325
Agent1/NMacroActions        91.325
Agent2/NMacroActions       122.385
Agent3/NMacroActions       118.4
Agent4/NMacroActions        89.18
Agent5/NMacroActions        97.335
Joint/Value                  0.697465
Joint/Advantage             -0.00310657
Joint/CriticLoss             0.226263
Joint/VfCoef                 1
Agent0/ActorLoss             0.127076
Agent0/Entropy               2.70837
Agent0/ISRatio               0.999991
Agent0/ClipRate              0.0407079
Agent1/ActorLoss             0.14435
Agent1/Entropy               2.80937
Agent1/ISRatio               0.999968
Agent1/ClipRate              0.130923
Agent2/ActorLoss             0.119655
Agent2/Entropy               2.67186
Agent2/ISRatio               1
Agent2/ClipRate              0
Agent3/ActorLoss             0.0954059
Agent3/Entropy               2.70084
Agent3/ISRatio               1.00003
Agent3/ClipRate              0.0243199
Agent4/ActorLoss             0.104345
Agent4/Entropy               2.79576
Agent4/ISRatio               1.00007
Agent4/ClipRate              0.130273
Agent5/ActorLoss             0.122663
Agent5/Entropy               2.72025
Agent5/ISRatio               0.999866
Agent5/ClipRate              0.0598325
Eps                          0.69638
Episodes                  6400
Timesteps                    2.55965e+06
SamplingTime               212.376
TrainingTime                32.0605
EpochTime                  265.919
TotalTime                 8537.83
------------------------  --------------
2026-04-17 11:48:51.392294 UTC | [s1_260417_18:22:08] Episode 6600 | Eval Finished
------------------------  --------------
Train/ReturnAverage        -44.8265
Train/ReturnStd             22.1225
Train/ReturnMedian         -45
Train/ReturnMin            -90
Train/ReturnMax            184.7
Train/DiscReturnAverage    -22.53
Train/DiscReturnStd         10.8032
Train/DiscReturnMedian     -22.4833
Train/DiscReturnMin        -38.7588
Train/DiscReturnMax        108.16
Train/EpiLenAverage        398.515
Train/EpiLenStd             20.9485
Train/EpiLenMedian         400
Train/EpiLenMin            103
Train/EpiLenMax            400
Train/NumDeliveryAverage     0
Train/NumDeliveryStd         0
Train/NumDeliveryMedian      0
Train/NumDeliveryMin         0
Train/NumDeliveryMax         0
Train/PickRateAverage        0
Train/PickRateStd            0
Train/PickRateMedian         0
Train/PickRateMin            0
Train/PickRateMax            0
Eval/ReturnAverage         -40
Eval/ReturnStd               0
Eval/ReturnMedian          -40
Eval/ReturnMin             -40
Eval/ReturnMax             -40
Eval/DiscReturnAverage     -17.3068
Eval/DiscReturnStd           0
Eval/DiscReturnMedian      -17.3068
Eval/DiscReturnMin         -17.3068
Eval/DiscReturnMax         -17.3068
Eval/EpiLenAverage         400
Eval/EpiLenStd               0
Eval/EpiLenMedian          400
Eval/EpiLenMin             400
Eval/EpiLenMax             400
Eval/NumDeliveryAverage      0
Eval/NumDeliveryStd          0
Eval/NumDeliveryMedian       0
Eval/NumDeliveryMin          0
Eval/NumDeliveryMax          0
Eval/PickRateAverage         0
Eval/PickRateStd             0
Eval/PickRateMedian          0
Eval/PickRateMin             0
Eval/PickRateMax             0
Agent0/NMacroActions       116.365
Agent1/NMacroActions        91.375
Agent2/NMacroActions       123.745
Agent3/NMacroActions       118.125
Agent4/NMacroActions        91.49
Agent5/NMacroActions        95.67
Joint/Value                  0.406547
Joint/Advantage             -0.000524793
Joint/CriticLoss             0.388034
Joint/VfCoef                 1
Agent0/ActorLoss            -0.245392
Agent0/Entropy               2.69039
Agent0/ISRatio               1.00004
Agent0/ClipRate              0.0517545
Agent1/ActorLoss            -0.164191
Agent1/Entropy               2.78683
Agent1/ISRatio               1.0001
Agent1/ClipRate              0.134393
Agent2/ActorLoss            -0.255094
Agent2/Entropy               2.65045
Agent2/ISRatio               1
Agent2/ClipRate              0
Agent3/ActorLoss            -0.133842
Agent3/Entropy               2.68703
Agent3/ISRatio               0.999992
Agent3/ClipRate              0.027271
Agent4/ActorLoss            -0.186216
Agent4/Entropy               2.77227
Agent4/ISRatio               1.00001
Agent4/ClipRate              0.11915
Agent5/ActorLoss            -0.145657
Agent5/Entropy               2.6932
Agent5/ISRatio               0.99999
Agent5/ClipRate              0.0576258
Eps                          0.68688
Episodes                  6600
Timesteps                    2.63935e+06
SamplingTime               209.672
TrainingTime                30.7936
EpochTime                  262.817
TotalTime                 8800.65
------------------------  --------------
2026-04-17 11:53:17.636258 UTC | [s1_260417_18:22:08] Episode 6800 | Eval Finished
------------------------  --------------
Train/ReturnAverage        -42.875
Train/ReturnStd             15.4712
Train/ReturnMedian         -40
Train/ReturnMin           -105
Train/ReturnMax              7.74658e-14
Train/DiscReturnAverage    -21.9967
Train/DiscReturnStd          6.00979
Train/DiscReturnMedian     -21.1585
Train/DiscReturnMin        -42.5871
Train/DiscReturnMax         -5.20191
Train/EpiLenAverage        400
Train/EpiLenStd              0
Train/EpiLenMedian         400
Train/EpiLenMin            400
Train/EpiLenMax            400
Train/NumDeliveryAverage     0
Train/NumDeliveryStd         0
Train/NumDeliveryMedian      0
Train/NumDeliveryMin         0
Train/NumDeliveryMax         0
Train/PickRateAverage        0
Train/PickRateStd            0
Train/PickRateMedian         0
Train/PickRateMin            0
Train/PickRateMax            0
Eval/ReturnAverage         -40
Eval/ReturnStd               0
Eval/ReturnMedian          -40
Eval/ReturnMin             -40
Eval/ReturnMax             -40
Eval/DiscReturnAverage     -17.3068
Eval/DiscReturnStd           0
Eval/DiscReturnMedian      -17.3068
Eval/DiscReturnMin         -17.3068
Eval/DiscReturnMax         -17.3068
Eval/EpiLenAverage         400
Eval/EpiLenStd               0
Eval/EpiLenMedian          400
Eval/EpiLenMin             400
Eval/EpiLenMax             400
Eval/NumDeliveryAverage      0
Eval/NumDeliveryStd          0
Eval/NumDeliveryMedian       0
Eval/NumDeliveryMin          0
Eval/NumDeliveryMax          0
Eval/PickRateAverage         0
Eval/PickRateStd             0
Eval/PickRateMedian          0
Eval/PickRateMin             0
Eval/PickRateMax             0
Agent0/NMacroActions       117.485
Agent1/NMacroActions        90.76
Agent2/NMacroActions       121.93
Agent3/NMacroActions       119.63
Agent4/NMacroActions        92.24
Agent5/NMacroActions        98.9
Joint/Value                  0.492479
Joint/Advantage              0.00146475
Joint/CriticLoss             0.246984
Joint/VfCoef                 1
Agent0/ActorLoss            -0.269317
Agent0/Entropy               2.67466
Agent0/ISRatio               1.00001
Agent0/ClipRate              0.0455553
Agent1/ActorLoss            -0.247936
Agent1/Entropy               2.77049
Agent1/ISRatio               1.00015
Agent1/ClipRate              0.123019
Agent2/ActorLoss            -0.218666
Agent2/Entropy               2.62868
Agent2/ISRatio               1
Agent2/ClipRate              0
Agent3/ActorLoss            -0.300058
Agent3/Entropy               2.66102
Agent3/ISRatio               1.00004
Agent3/ClipRate              0.0275623
Agent4/ActorLoss            -0.243322
Agent4/Entropy               2.74531
Agent4/ISRatio               1.00016
Agent4/ClipRate              0.121918
Agent5/ActorLoss            -0.274595
Agent5/Entropy               2.66155
Agent5/ISRatio               1.00015
Agent5/ClipRate              0.0535952
Eps                          0.67738
Episodes                  6800
Timesteps                    2.71935e+06
SamplingTime               212.832
TrainingTime                31.4722
EpochTime                  266.184
TotalTime                 9066.83
------------------------  --------------
2026-04-17 11:57:44.771930 UTC | [s1_260417_18:22:08] Episode 7000 | Eval Finished
------------------------  --------------
Train/ReturnAverage        -45.65
Train/ReturnStd             14.2768
Train/ReturnMedian         -45
Train/ReturnMin            -85
Train/ReturnMax              7.56895e-14
Train/DiscReturnAverage    -23.101
Train/DiscReturnStd          5.35984
Train/DiscReturnMedian     -22.4846
Train/DiscReturnMin        -43.2589
Train/DiscReturnMax         -6.01513
Train/EpiLenAverage        400
Train/EpiLenStd              0
Train/EpiLenMedian         400
Train/EpiLenMin            400
Train/EpiLenMax            400
Train/NumDeliveryAverage     0
Train/NumDeliveryStd         0
Train/NumDeliveryMedian      0
Train/NumDeliveryMin         0
Train/NumDeliveryMax         0
Train/PickRateAverage        0
Train/PickRateStd            0
Train/PickRateMedian         0
Train/PickRateMin            0
Train/PickRateMax            0
Eval/ReturnAverage         -40
Eval/ReturnStd               0
Eval/ReturnMedian          -40
Eval/ReturnMin             -40
Eval/ReturnMax             -40
Eval/DiscReturnAverage     -17.3068
Eval/DiscReturnStd           0
Eval/DiscReturnMedian      -17.3068
Eval/DiscReturnMin         -17.3068
Eval/DiscReturnMax         -17.3068
Eval/EpiLenAverage         400
Eval/EpiLenStd               0
Eval/EpiLenMedian          400
Eval/EpiLenMin             400
Eval/EpiLenMax             400
Eval/NumDeliveryAverage      0
Eval/NumDeliveryStd          0
Eval/NumDeliveryMedian       0
Eval/NumDeliveryMin          0
Eval/NumDeliveryMax          0
Eval/PickRateAverage         0
Eval/PickRateStd             0
Eval/PickRateMedian          0
Eval/PickRateMin             0
Eval/PickRateMax             0
Agent0/NMacroActions       117.465
Agent1/NMacroActions        91.95
Agent2/NMacroActions       124.98
Agent3/NMacroActions       118.34
Agent4/NMacroActions        93.025
Agent5/NMacroActions        96.28
Joint/Value                  0.583175
Joint/Advantage              0.00099606
Joint/CriticLoss             0.226554
Joint/VfCoef                 1
Agent0/ActorLoss            -0.0863383
Agent0/Entropy               2.64924
Agent0/ISRatio               1.00004
Agent0/ClipRate              0.0394356
Agent1/ActorLoss            -0.0473332
Agent1/Entropy               2.74805
Agent1/ISRatio               0.999966
Agent1/ClipRate              0.120886
Agent2/ActorLoss            -0.0412288
Agent2/Entropy               2.61115
Agent2/ISRatio               0.999985
Agent2/ClipRate              0.0116422
Agent3/ActorLoss            -0.0524714
Agent3/Entropy               2.63794
Agent3/ISRatio               1.00001
Agent3/ClipRate              0.0227505
Agent4/ActorLoss            -0.0166518
Agent4/Entropy               2.72772
Agent4/ISRatio               0.999986
Agent4/ClipRate              0.11497
Agent5/ActorLoss            -0.0511813
Agent5/Entropy               2.63943
Agent5/ISRatio               0.999905
Agent5/ClipRate              0.0509029
Eps                          0.66788
Episodes                  7000
Timesteps                    2.79935e+06
SamplingTime               213.436
TrainingTime                32.2599
EpochTime                  267.069
TotalTime                 9333.9
------------------------  --------------
2026-04-17 12:02:08.637645 UTC | [s1_260417_18:22:08] Episode 7200 | Eval Finished
------------------------  --------------
Train/ReturnAverage        -45.325
Train/ReturnStd             13.6022
Train/ReturnMedian         -45
Train/ReturnMin            -85
Train/ReturnMax             -3.05117e-13
Train/DiscReturnAverage    -22.4724
Train/DiscReturnStd          4.92195
Train/DiscReturnMedian     -22.1863
Train/DiscReturnMin        -40.6036
Train/DiscReturnMax        -11.4226
Train/EpiLenAverage        400
Train/EpiLenStd              0
Train/EpiLenMedian         400
Train/EpiLenMin            400
Train/EpiLenMax            400
Train/NumDeliveryAverage     0
Train/NumDeliveryStd         0
Train/NumDeliveryMedian      0
Train/NumDeliveryMin         0
Train/NumDeliveryMax         0
Train/PickRateAverage        0
Train/PickRateStd            0
Train/PickRateMedian         0
Train/PickRateMin            0
Train/PickRateMax            0
Eval/ReturnAverage         -40
Eval/ReturnStd               0
Eval/ReturnMedian          -40
Eval/ReturnMin             -40
Eval/ReturnMax             -40
Eval/DiscReturnAverage     -17.3068
Eval/DiscReturnStd           0
Eval/DiscReturnMedian      -17.3068
Eval/DiscReturnMin         -17.3068
Eval/DiscReturnMax         -17.3068
Eval/EpiLenAverage         400
Eval/EpiLenStd               0
Eval/EpiLenMedian          400
Eval/EpiLenMin             400
Eval/EpiLenMax             400
Eval/NumDeliveryAverage      0
Eval/NumDeliveryStd          0
Eval/NumDeliveryMedian       0
Eval/NumDeliveryMin          0
Eval/NumDeliveryMax          0
Eval/PickRateAverage         0
Eval/PickRateStd             0
Eval/PickRateMedian          0
Eval/PickRateMin             0
Eval/PickRateMax             0
Agent0/NMacroActions       116.32
Agent1/NMacroActions        91.88
Agent2/NMacroActions       125.405
Agent3/NMacroActions       121.82
Agent4/NMacroActions        94.605
Agent5/NMacroActions        99.735
Joint/Value                  0.561062
Joint/Advantage             -0.000269437
Joint/CriticLoss             0.21527
Joint/VfCoef                 1
Agent0/ActorLoss            -0.0639985
Agent0/Entropy               2.62253
Agent0/ISRatio               1.00004
Agent0/ClipRate              0.0262486
Agent1/ActorLoss             0.0186974
Agent1/Entropy               2.73471
Agent1/ISRatio               0.999998
Agent1/ClipRate              0.129861
Agent2/ActorLoss            -0.0172739
Agent2/Entropy               2.59675
Agent2/ISRatio               0.999984
Agent2/ClipRate              0.0246807
Agent3/ActorLoss            -0.000584107
Agent3/Entropy               2.62158
Agent3/ISRatio               0.999976
Agent3/ClipRate              0.0365554
Agent4/ActorLoss            -0.0446467
Agent4/Entropy               2.71299
Agent4/ISRatio               1.00007
Agent4/ClipRate              0.114406
Agent5/ActorLoss             0.0755768
Agent5/Entropy               2.62392
Agent5/ISRatio               0.999953
Agent5/ClipRate              0.0573701
Eps                          0.65838
Episodes                  7200
Timesteps                    2.87935e+06
SamplingTime               210.534
TrainingTime                31.6572
EpochTime                  263.808
TotalTime                 9597.71
------------------------  --------------
2026-04-17 12:06:33.554067 UTC | [s1_260417_18:22:08] Episode 7400 | Eval Finished
------------------------  --------------
Train/ReturnAverage        -42.475
Train/ReturnStd             15.4838
Train/ReturnMedian         -45
Train/ReturnMin            -80
Train/ReturnMax             10
Train/DiscReturnAverage    -21.9289
Train/DiscReturnStd          5.26832
Train/DiscReturnMedian     -21.4349
Train/DiscReturnMin        -36.0634
Train/DiscReturnMax         -9.36784
Train/EpiLenAverage        400
Train/EpiLenStd              0
Train/EpiLenMedian         400
Train/EpiLenMin            400
Train/EpiLenMax            400
Train/NumDeliveryAverage     0
Train/NumDeliveryStd         0
Train/NumDeliveryMedian      0
Train/NumDeliveryMin         0
Train/NumDeliveryMax         0
Train/PickRateAverage        0
Train/PickRateStd            0
Train/PickRateMedian         0
Train/PickRateMin            0
Train/PickRateMax            0
Eval/ReturnAverage         -40
Eval/ReturnStd               0
Eval/ReturnMedian          -40
Eval/ReturnMin             -40
Eval/ReturnMax             -40
Eval/DiscReturnAverage     -17.3068
Eval/DiscReturnStd           0
Eval/DiscReturnMedian      -17.3068
Eval/DiscReturnMin         -17.3068
Eval/DiscReturnMax         -17.3068
Eval/EpiLenAverage         400
Eval/EpiLenStd               0
Eval/EpiLenMedian          400
Eval/EpiLenMin             400
Eval/EpiLenMax             400
Eval/NumDeliveryAverage      0
Eval/NumDeliveryStd          0
Eval/NumDeliveryMedian       0
Eval/NumDeliveryMin          0
Eval/NumDeliveryMax          0
Eval/PickRateAverage         0
Eval/PickRateStd             0
Eval/PickRateMedian          0
Eval/PickRateMin             0
Eval/PickRateMax             0
Agent0/NMacroActions       120.85
Agent1/NMacroActions        92.18
Agent2/NMacroActions       126.295
Agent3/NMacroActions       122.125
Agent4/NMacroActions        95.81
Agent5/NMacroActions       100.635
Joint/Value                  0.659735
Joint/Advantage              0.00225772
Joint/CriticLoss             0.246069
Joint/VfCoef                 1
Agent0/ActorLoss            -0.0991108
Agent0/Entropy               2.605
Agent0/ISRatio               1.00007
Agent0/ClipRate              0.0427274
Agent1/ActorLoss            -0.103973
Agent1/Entropy               2.71472
Agent1/ISRatio               1.00003
Agent1/ClipRate              0.139819
Agent2/ActorLoss            -0.109934
Agent2/Entropy               2.56997
Agent2/ISRatio               1.00002
Agent2/ClipRate              0.0102147
Agent3/ActorLoss            -0.121935
Agent3/Entropy               2.61322
Agent3/ISRatio               0.999985
Agent3/ClipRate              0.0374342
Agent4/ActorLoss            -0.0799465
Agent4/Entropy               2.69023
Agent4/ISRatio               1.00009
Agent4/ClipRate              0.105808
Agent5/ActorLoss            -0.071063
Agent5/Entropy               2.6054
Agent5/ISRatio               1.00012
Agent5/ClipRate              0.0661022
Eps                          0.64888
Episodes                  7400
Timesteps                    2.95935e+06
SamplingTime               210.466
TrainingTime                33.0196
EpochTime                  264.859
TotalTime                 9862.57
------------------------  --------------
2026-04-17 12:11:00.801537 UTC | [s1_260417_18:22:08] Episode 7600 | Eval Finished
------------------------  ---------------
Train/ReturnAverage         -40.979
Train/ReturnStd              20.1512
Train/ReturnMedian          -40
Train/ReturnMin             -80
Train/ReturnMax             159.2
Train/DiscReturnAverage     -21.4851
Train/DiscReturnStd           6.13493
Train/DiscReturnMedian      -21.0169
Train/DiscReturnMin         -41.3735
Train/DiscReturnMax          22.3381
Train/EpiLenAverage         399.54
Train/EpiLenStd               6.4891
Train/EpiLenMedian          400
Train/EpiLenMin             308
Train/EpiLenMax             400
Train/NumDeliveryAverage      0
Train/NumDeliveryStd          0
Train/NumDeliveryMedian       0
Train/NumDeliveryMin          0
Train/NumDeliveryMax          0
Train/PickRateAverage         0
Train/PickRateStd             0
Train/PickRateMedian          0
Train/PickRateMin             0
Train/PickRateMax             0
Eval/ReturnAverage          -40
Eval/ReturnStd                0
Eval/ReturnMedian           -40
Eval/ReturnMin              -40
Eval/ReturnMax              -40
Eval/DiscReturnAverage      -17.3068
Eval/DiscReturnStd            0
Eval/DiscReturnMedian       -17.3068
Eval/DiscReturnMin          -17.3068
Eval/DiscReturnMax          -17.3068
Eval/EpiLenAverage          400
Eval/EpiLenStd                0
Eval/EpiLenMedian           400
Eval/EpiLenMin              400
Eval/EpiLenMax              400
Eval/NumDeliveryAverage       0
Eval/NumDeliveryStd           0
Eval/NumDeliveryMedian        0
Eval/NumDeliveryMin           0
Eval/NumDeliveryMax           0
Eval/PickRateAverage          0
Eval/PickRateStd              0
Eval/PickRateMedian           0
Eval/PickRateMin              0
Eval/PickRateMax              0
Agent0/NMacroActions        118.01
Agent1/NMacroActions         91.06
Agent2/NMacroActions        125.305
Agent3/NMacroActions        119.815
Agent4/NMacroActions         95.745
Agent5/NMacroActions        101.045
Joint/Value                   0.945956
Joint/Advantage               0.00720337
Joint/CriticLoss              0.361945
Joint/VfCoef                  1
Agent0/ActorLoss              0.0361017
Agent0/Entropy                2.5902
Agent0/ISRatio                0.999961
Agent0/ClipRate               0.0456254
Agent1/ActorLoss              0.0910679
Agent1/Entropy                2.7001
Agent1/ISRatio                0.999892
Agent1/ClipRate               0.146979
Agent2/ActorLoss              0.0299201
Agent2/Entropy                2.54915
Agent2/ISRatio                0.999956
Agent2/ClipRate               0.0106829
Agent3/ActorLoss              0.0966614
Agent3/Entropy                2.59818
Agent3/ISRatio                0.999952
Agent3/ClipRate               0.0427615
Agent4/ActorLoss              0.0110639
Agent4/Entropy                2.67554
Agent4/ISRatio                0.999884
Agent4/ClipRate               0.119542
Agent5/ActorLoss              0.0809691
Agent5/Entropy                2.58191
Agent5/ISRatio                0.999952
Agent5/ClipRate               0.0586634
Eps                           0.63938
Episodes                   7600
Timesteps                     3.03926e+06
SamplingTime                213.529
TrainingTime                 31.7067
EpochTime                   267.19
TotalTime                 10129.8
------------------------  ---------------
2026-04-17 12:15:26.640813 UTC | [s1_260417_18:22:08] Episode 7800 | Eval Finished
------------------------  ---------------
Train/ReturnAverage         -43.175
Train/ReturnStd              13.2304
Train/ReturnMedian          -45
Train/ReturnMin             -80
Train/ReturnMax              -2.47941e-13
Train/DiscReturnAverage     -21.9559
Train/DiscReturnStd           5.17913
Train/DiscReturnMedian      -21.5177
Train/DiscReturnMin         -40.5101
Train/DiscReturnMax         -10.6817
Train/EpiLenAverage         400
Train/EpiLenStd               0
Train/EpiLenMedian          400
Train/EpiLenMin             400
Train/EpiLenMax             400
Train/NumDeliveryAverage      0
Train/NumDeliveryStd          0
Train/NumDeliveryMedian       0
Train/NumDeliveryMin          0
Train/NumDeliveryMax          0
Train/PickRateAverage         0
Train/PickRateStd             0
Train/PickRateMedian          0
Train/PickRateMin             0
Train/PickRateMax             0
Eval/ReturnAverage          -40
Eval/ReturnStd                0
Eval/ReturnMedian           -40
Eval/ReturnMin              -40
Eval/ReturnMax              -40
Eval/DiscReturnAverage      -17.3068
Eval/DiscReturnStd            0
Eval/DiscReturnMedian       -17.3068
Eval/DiscReturnMin          -17.3068
Eval/DiscReturnMax          -17.3068
Eval/EpiLenAverage          400
Eval/EpiLenStd                0
Eval/EpiLenMedian           400
Eval/EpiLenMin              400
Eval/EpiLenMax              400
Eval/NumDeliveryAverage       0
Eval/NumDeliveryStd           0
Eval/NumDeliveryMedian        0
Eval/NumDeliveryMin           0
Eval/NumDeliveryMax           0
Eval/PickRateAverage          0
Eval/PickRateStd              0
Eval/PickRateMedian           0
Eval/PickRateMin              0
Eval/PickRateMax              0
Agent0/NMacroActions        119.77
Agent1/NMacroActions         93.98
Agent2/NMacroActions        132.69
Agent3/NMacroActions        121.11
Agent4/NMacroActions         96.015
Agent5/NMacroActions        101.455
Joint/Value                   0.886519
Joint/Advantage              -0.0023468
Joint/CriticLoss              0.216957
Joint/VfCoef                  1
Agent0/ActorLoss              0.0978487
Agent0/Entropy                2.57157
Agent0/ISRatio                0.999975
Agent0/ClipRate               0.0493257
Agent1/ActorLoss              0.1581
Agent1/Entropy                2.67736
Agent1/ISRatio                0.999828
Agent1/ClipRate               0.138067
Agent2/ActorLoss              0.0786265
Agent2/Entropy                2.51857
Agent2/ISRatio                1.00001
Agent2/ClipRate               0.0025319
Agent3/ActorLoss              0.160861
Agent3/Entropy                2.5863
Agent3/ISRatio                0.999945
Agent3/ClipRate               0.0471126
Agent4/ActorLoss              0.179342
Agent4/Entropy                2.6591
Agent4/ISRatio                0.999834
Agent4/ClipRate               0.104335
Agent5/ActorLoss              0.164799
Agent5/Entropy                2.55587
Agent5/ISRatio                0.999823
Agent5/ClipRate               0.0591074
Eps                           0.62988
Episodes                   7800
Timesteps                     3.11926e+06
SamplingTime                212.513
TrainingTime                 32.0799
EpochTime                   265.781
TotalTime                 10395.5
------------------------  ---------------
2026-04-17 12:19:53.695719 UTC | [s1_260417_18:22:08] Episode 8000 | Eval Finished
------------------------  ---------------
Train/ReturnAverage         -40.5055
Train/ReturnStd              20.0672
Train/ReturnMedian          -42.5
Train/ReturnMin             -80
Train/ReturnMax             168.9
Train/DiscReturnAverage     -21.1335
Train/DiscReturnStd           5.38714
Train/DiscReturnMedian      -21.1782
Train/DiscReturnMin         -37.065
Train/DiscReturnMax          17.1227
Train/EpiLenAverage         399.805
Train/EpiLenStd               2.75081
Train/EpiLenMedian          400
Train/EpiLenMin             361
Train/EpiLenMax             400
Train/NumDeliveryAverage      0
Train/NumDeliveryStd          0
Train/NumDeliveryMedian       0
Train/NumDeliveryMin          0
Train/NumDeliveryMax          0
Train/PickRateAverage         0
Train/PickRateStd             0
Train/PickRateMedian          0
Train/PickRateMin             0
Train/PickRateMax             0
Eval/ReturnAverage          -40
Eval/ReturnStd                0
Eval/ReturnMedian           -40
Eval/ReturnMin              -40
Eval/ReturnMax              -40
Eval/DiscReturnAverage      -17.3068
Eval/DiscReturnStd            0
Eval/DiscReturnMedian       -17.3068
Eval/DiscReturnMin          -17.3068
Eval/DiscReturnMax          -17.3068
Eval/EpiLenAverage          400
Eval/EpiLenStd                0
Eval/EpiLenMedian           400
Eval/EpiLenMin              400
Eval/EpiLenMax              400
Eval/NumDeliveryAverage       0
Eval/NumDeliveryStd           0
Eval/NumDeliveryMedian        0
Eval/NumDeliveryMin           0
Eval/NumDeliveryMax           0
Eval/PickRateAverage          0
Eval/PickRateStd              0
Eval/PickRateMedian           0
Eval/PickRateMin              0
Eval/PickRateMax              0
Agent0/NMacroActions        121.435
Agent1/NMacroActions         95.69
Agent2/NMacroActions        130.55
Agent3/NMacroActions        117.93
Agent4/NMacroActions         97.605
Agent5/NMacroActions        101.83
Joint/Value                   0.830318
Joint/Advantage               0.00284032
Joint/CriticLoss              0.348253
Joint/VfCoef                  1
Agent0/ActorLoss             -0.0490087
Agent0/Entropy                2.54347
Agent0/ISRatio                1.00005
Agent0/ClipRate               0.0444385
Agent1/ActorLoss             -0.0474527
Agent1/Entropy                2.65503
Agent1/ISRatio                1.00006
Agent1/ClipRate               0.140554
Agent2/ActorLoss             -0.0600097
Agent2/Entropy                2.49398
Agent2/ISRatio                1
Agent2/ClipRate               2.19579e-05
Agent3/ActorLoss             -0.0817863
Agent3/Entropy                2.57029
Agent3/ISRatio                1.00002
Agent3/ClipRate               0.0542916
Agent4/ActorLoss             -0.14761
Agent4/Entropy                2.6338
Agent4/ISRatio                0.999999
Agent4/ClipRate               0.118506
Agent5/ActorLoss              0.00896202
Agent5/Entropy                2.5361
Agent5/ISRatio                1.00001
Agent5/ClipRate               0.0598626
Eps                           0.62038
Episodes                   8000
Timesteps                     3.19922e+06
SamplingTime                212.089
TrainingTime                 32.5363
EpochTime                   266.999
TotalTime                 10662.5
------------------------  ---------------
2026-04-17 12:24:22.209504 UTC | [s1_260417_18:22:08] Episode 8200 | Eval Finished
------------------------  ---------------
Train/ReturnAverage         -41.825
Train/ReturnStd              12.3306
Train/ReturnMedian          -45
Train/ReturnMin             -75
Train/ReturnMax               5
Train/DiscReturnAverage     -21.2164
Train/DiscReturnStd           4.92541
Train/DiscReturnMedian      -21.1377
Train/DiscReturnMin         -40.8672
Train/DiscReturnMax          -6.53259
Train/EpiLenAverage         400
Train/EpiLenStd               0
Train/EpiLenMedian          400
Train/EpiLenMin             400
Train/EpiLenMax             400
Train/NumDeliveryAverage      0
Train/NumDeliveryStd          0
Train/NumDeliveryMedian       0
Train/NumDeliveryMin          0
Train/NumDeliveryMax          0
Train/PickRateAverage         0
Train/PickRateStd             0
Train/PickRateMedian          0
Train/PickRateMin             0
Train/PickRateMax             0
Eval/ReturnAverage          -40
Eval/ReturnStd                0
Eval/ReturnMedian           -40
Eval/ReturnMin              -40
Eval/ReturnMax              -40
Eval/DiscReturnAverage      -17.3068
Eval/DiscReturnStd            0
Eval/DiscReturnMedian       -17.3068
Eval/DiscReturnMin          -17.3068
Eval/DiscReturnMax          -17.3068
Eval/EpiLenAverage          400
Eval/EpiLenStd                0
Eval/EpiLenMedian           400
Eval/EpiLenMin              400
Eval/EpiLenMax              400
Eval/NumDeliveryAverage       0
Eval/NumDeliveryStd           0
Eval/NumDeliveryMedian        0
Eval/NumDeliveryMin           0
Eval/NumDeliveryMax           0
Eval/PickRateAverage          0
Eval/PickRateStd              0
Eval/PickRateMedian           0
Eval/PickRateMin              0
Eval/PickRateMax              0
Agent0/NMacroActions        120.865
Agent1/NMacroActions         94.33
Agent2/NMacroActions        133.02
Agent3/NMacroActions        119.845
Agent4/NMacroActions         98.175
Agent5/NMacroActions        102.94
Joint/Value                   1.02115
Joint/Advantage               0.000787891
Joint/CriticLoss              0.193454
Joint/VfCoef                  1
Agent0/ActorLoss              0.171049
Agent0/Entropy                2.53044
Agent0/ISRatio                0.99991
Agent0/ClipRate               0.0424938
Agent1/ActorLoss              0.220612
Agent1/Entropy                2.64167
Agent1/ISRatio                0.999683
Agent1/ClipRate               0.127304
Agent2/ActorLoss              0.177229
Agent2/Entropy                2.47764
Agent2/ISRatio                0.999998
Agent2/ClipRate               0.00616705
Agent3/ActorLoss              0.183823
Agent3/Entropy                2.55138
Agent3/ISRatio                0.999959
Agent3/ClipRate               0.0495223
Agent4/ActorLoss              0.208058
Agent4/Entropy                2.60789
Agent4/ISRatio                0.999911
Agent4/ClipRate               0.108435
Agent5/ActorLoss              0.238847
Agent5/Entropy                2.51783
Agent5/ISRatio                0.999844
Agent5/ClipRate               0.0581274
Eps                           0.61088
Episodes                   8200
Timesteps                     3.27922e+06
SamplingTime                213.375
TrainingTime                 32.702
EpochTime                   268.45
TotalTime                 10931
------------------------  ---------------
2026-04-17 12:28:49.757070 UTC | [s1_260417_18:22:08] Episode 8400 | Eval Finished
------------------------  ---------------
Train/ReturnAverage         -42.9
Train/ReturnStd              14.9947
Train/ReturnMedian          -45
Train/ReturnMin             -80
Train/ReturnMax              -4.89886e-14
Train/DiscReturnAverage     -22.0725
Train/DiscReturnStd           5.74535
Train/DiscReturnMedian      -21.6693
Train/DiscReturnMin         -42.7043
Train/DiscReturnMax          -9.15891
Train/EpiLenAverage         400
Train/EpiLenStd               0
Train/EpiLenMedian          400
Train/EpiLenMin             400
Train/EpiLenMax             400
Train/NumDeliveryAverage      0
Train/NumDeliveryStd          0
Train/NumDeliveryMedian       0
Train/NumDeliveryMin          0
Train/NumDeliveryMax          0
Train/PickRateAverage         0
Train/PickRateStd             0
Train/PickRateMedian          0
Train/PickRateMin             0
Train/PickRateMax             0
Eval/ReturnAverage          -40
Eval/ReturnStd                0
Eval/ReturnMedian           -40
Eval/ReturnMin              -40
Eval/ReturnMax              -40
Eval/DiscReturnAverage      -17.3068
Eval/DiscReturnStd            0
Eval/DiscReturnMedian       -17.3068
Eval/DiscReturnMin          -17.3068
Eval/DiscReturnMax          -17.3068
Eval/EpiLenAverage          400
Eval/EpiLenStd                0
Eval/EpiLenMedian           400
Eval/EpiLenMin              400
Eval/EpiLenMax              400
Eval/NumDeliveryAverage       0
Eval/NumDeliveryStd           0
Eval/NumDeliveryMedian        0
Eval/NumDeliveryMin           0
Eval/NumDeliveryMax           0
Eval/PickRateAverage          0
Eval/PickRateStd              0
Eval/PickRateMedian           0
Eval/PickRateMin              0
Eval/PickRateMax              0
Agent0/NMacroActions        118.46
Agent1/NMacroActions         91.5
Agent2/NMacroActions        129.275
Agent3/NMacroActions        121.535
Agent4/NMacroActions         98.03
Agent5/NMacroActions        103.565
Joint/Value                   0.939477
Joint/Advantage              -0.000682408
Joint/CriticLoss              0.205946
Joint/VfCoef                  1
Agent0/ActorLoss              0.224371
Agent0/Entropy                2.51802
Agent0/ISRatio                0.999893
Agent0/ClipRate               0.0559679
Agent1/ActorLoss              0.229858
Agent1/Entropy                2.62937
Agent1/ISRatio                0.999832
Agent1/ClipRate               0.14723
Agent2/ActorLoss              0.219276
Agent2/Entropy                2.46231
Agent2/ISRatio                1.00002
Agent2/ClipRate               0.0140095
Agent3/ActorLoss              0.248676
Agent3/Entropy                2.53426
Agent3/ISRatio                0.999923
Agent3/ClipRate               0.0479486
Agent4/ActorLoss              0.230279
Agent4/Entropy                2.58908
Agent4/ISRatio                0.999847
Agent4/ClipRate               0.107153
Agent5/ActorLoss              0.268683
Agent5/Entropy                2.50196
Agent5/ISRatio                0.999843
Agent5/ClipRate               0.0656502
Eps                           0.60138
Episodes                   8400
Timesteps                     3.35922e+06
SamplingTime                213.314
TrainingTime                 31.9535
EpochTime                   267.507
TotalTime                 11198.5
------------------------  ---------------
2026-04-17 12:33:12.902086 UTC | [s1_260417_18:22:08] Episode 8600 | Eval Finished
------------------------  ---------------
Train/ReturnAverage         -38.8695
Train/ReturnStd              19.742
Train/ReturnMedian          -40
Train/ReturnMin             -85
Train/ReturnMax             156.1
Train/DiscReturnAverage     -20.4412
Train/DiscReturnStd           5.44365
Train/DiscReturnMedian      -20.2351
Train/DiscReturnMin         -36.0462
Train/DiscReturnMax          11.1602
Train/EpiLenAverage         399.945
Train/EpiLenStd               0.77587
Train/EpiLenMedian          400
Train/EpiLenMin             389
Train/EpiLenMax             400
Train/NumDeliveryAverage      0
Train/NumDeliveryStd          0
Train/NumDeliveryMedian       0
Train/NumDeliveryMin          0
Train/NumDeliveryMax          0
Train/PickRateAverage         0
Train/PickRateStd             0
Train/PickRateMedian          0
Train/PickRateMin             0
Train/PickRateMax             0
Eval/ReturnAverage          -40
Eval/ReturnStd                0
Eval/ReturnMedian           -40
Eval/ReturnMin              -40
Eval/ReturnMax              -40
Eval/DiscReturnAverage      -17.3068
Eval/DiscReturnStd            0
Eval/DiscReturnMedian       -17.3068
Eval/DiscReturnMin          -17.3068
Eval/DiscReturnMax          -17.3068
Eval/EpiLenAverage          400
Eval/EpiLenStd                0
Eval/EpiLenMedian           400
Eval/EpiLenMin              400
Eval/EpiLenMax              400
Eval/NumDeliveryAverage       0
Eval/NumDeliveryStd           0
Eval/NumDeliveryMedian        0
Eval/NumDeliveryMin           0
Eval/NumDeliveryMax           0
Eval/PickRateAverage          0
Eval/PickRateStd              0
Eval/PickRateMedian           0
Eval/PickRateMin              0
Eval/PickRateMax              0
Agent0/NMacroActions        120.3
Agent1/NMacroActions         94.725
Agent2/NMacroActions        129.865
Agent3/NMacroActions        123.29
Agent4/NMacroActions        101.355
Agent5/NMacroActions        102.45
Joint/Value                   1.06639
Joint/Advantage               0.00524806
Joint/CriticLoss              0.315344
Joint/VfCoef                  1
Agent0/ActorLoss              0.143694
Agent0/Entropy                2.49527
Agent0/ISRatio                0.999903
Agent0/ClipRate               0.067407
Agent1/ActorLoss              0.149876
Agent1/Entropy                2.61522
Agent1/ISRatio                0.999834
Agent1/ClipRate               0.131217
Agent2/ActorLoss              0.166654
Agent2/Entropy                2.45819
Agent2/ISRatio                0.999983
Agent2/ClipRate               0.0307981
Agent3/ActorLoss              0.12998
Agent3/Entropy                2.51506
Agent3/ISRatio                0.999968
Agent3/ClipRate               0.0556329
Agent4/ActorLoss              0.0921752
Agent4/Entropy                2.58518
Agent4/ISRatio                0.999948
Agent4/ClipRate               0.133465
Agent5/ActorLoss              0.1093
Agent5/Entropy                2.4744
Agent5/ISRatio                0.999919
Agent5/ClipRate               0.0608294
Eps                           0.59188
Episodes                   8600
Timesteps                     3.43921e+06
SamplingTime                209.657
TrainingTime                 32.1486
EpochTime                   263.08
TotalTime                 11461.6
------------------------  ---------------
2026-04-17 12:37:37.402482 UTC | [s1_260417_18:22:08] Episode 8800 | Eval Finished
------------------------  ---------------
Train/ReturnAverage         -42.8
Train/ReturnStd              14.6342
Train/ReturnMedian          -45
Train/ReturnMin             -85
Train/ReturnMax              -5
Train/DiscReturnAverage     -21.5185
Train/DiscReturnStd           5.40755
Train/DiscReturnMedian      -21.0133
Train/DiscReturnMin         -43.3437
Train/DiscReturnMax          -8.87237
Train/EpiLenAverage         400
Train/EpiLenStd               0
Train/EpiLenMedian          400
Train/EpiLenMin             400
Train/EpiLenMax             400
Train/NumDeliveryAverage      0
Train/NumDeliveryStd          0
Train/NumDeliveryMedian       0
Train/NumDeliveryMin          0
Train/NumDeliveryMax          0
Train/PickRateAverage         0
Train/PickRateStd             0
Train/PickRateMedian          0
Train/PickRateMin             0
Train/PickRateMax             0
Eval/ReturnAverage          -40
Eval/ReturnStd                0
Eval/ReturnMedian           -40
Eval/ReturnMin              -40
Eval/ReturnMax              -40
Eval/DiscReturnAverage      -17.3068
Eval/DiscReturnStd            0
Eval/DiscReturnMedian       -17.3068
Eval/DiscReturnMin          -17.3068
Eval/DiscReturnMax          -17.3068
Eval/EpiLenAverage          400
Eval/EpiLenStd                0
Eval/EpiLenMedian           400
Eval/EpiLenMin              400
Eval/EpiLenMax              400
Eval/NumDeliveryAverage       0
Eval/NumDeliveryStd           0
Eval/NumDeliveryMedian        0
Eval/NumDeliveryMin           0
Eval/NumDeliveryMax           0
Eval/PickRateAverage          0
Eval/PickRateStd              0
Eval/PickRateMedian           0
Eval/PickRateMin              0
Eval/PickRateMax              0
Agent0/NMacroActions        117.27
Agent1/NMacroActions         94.905
Agent2/NMacroActions        129.57
Agent3/NMacroActions        118.98
Agent4/NMacroActions        101.255
Agent5/NMacroActions        105.305
Joint/Value                   1.03254
Joint/Advantage              -0.0012174
Joint/CriticLoss              0.194791
Joint/VfCoef                  1
Agent0/ActorLoss              0.364702
Agent0/Entropy                2.48446
Agent0/ISRatio                0.999813
Agent0/ClipRate               0.0632434
Agent1/ActorLoss              0.370647
Agent1/Entropy                2.62004
Agent1/ISRatio                0.999739
Agent1/ClipRate               0.146824
Agent2/ActorLoss              0.396751
Agent2/Entropy                2.45239
Agent2/ISRatio                0.999915
Agent2/ClipRate               0.0429601
Agent3/ActorLoss              0.358807
Agent3/Entropy                2.50781
Agent3/ISRatio                0.999859
Agent3/ClipRate               0.0531484
Agent4/ActorLoss              0.411279
Agent4/Entropy                2.57479
Agent4/ISRatio                0.999653
Agent4/ClipRate               0.116677
Agent5/ActorLoss              0.392171
Agent5/Entropy                2.4525
Agent5/ISRatio                0.999704
Agent5/ClipRate               0.0594888
Eps                           0.58238
Episodes                   8800
Timesteps                     3.51921e+06
SamplingTime                210.583
TrainingTime                 32.2098
EpochTime                   264.444
TotalTime                 11726
------------------------  ---------------
2026-04-17 12:42:07.677975 UTC | [s1_260417_18:22:08] Episode 9000 | Eval Finished
------------------------  ---------------
Train/ReturnAverage         -38.975
Train/ReturnStd              13.5858
Train/ReturnMedian          -40
Train/ReturnMin             -85
Train/ReturnMax               5
Train/DiscReturnAverage     -20.1828
Train/DiscReturnStd           4.69787
Train/DiscReturnMedian      -20.0177
Train/DiscReturnMin         -37.2706
Train/DiscReturnMax          -7.66454
Train/EpiLenAverage         400
Train/EpiLenStd               0
Train/EpiLenMedian          400
Train/EpiLenMin             400
Train/EpiLenMax             400
Train/NumDeliveryAverage      0
Train/NumDeliveryStd          0
Train/NumDeliveryMedian       0
Train/NumDeliveryMin          0
Train/NumDeliveryMax          0
Train/PickRateAverage         0
Train/PickRateStd             0
Train/PickRateMedian          0
Train/PickRateMin             0
Train/PickRateMax             0
Eval/ReturnAverage          -40
Eval/ReturnStd                0
Eval/ReturnMedian           -40
Eval/ReturnMin              -40
Eval/ReturnMax              -40
Eval/DiscReturnAverage      -17.3068
Eval/DiscReturnStd            0
Eval/DiscReturnMedian       -17.3068
Eval/DiscReturnMin          -17.3068
Eval/DiscReturnMax          -17.3068
Eval/EpiLenAverage          400
Eval/EpiLenStd                0
Eval/EpiLenMedian           400
Eval/EpiLenMin              400
Eval/EpiLenMax              400
Eval/NumDeliveryAverage       0
Eval/NumDeliveryStd           0
Eval/NumDeliveryMedian        0
Eval/NumDeliveryMin           0
Eval/NumDeliveryMax           0
Eval/PickRateAverage          0
Eval/PickRateStd              0
Eval/PickRateMedian           0
Eval/PickRateMin              0
Eval/PickRateMax              0
Agent0/NMacroActions        118.24
Agent1/NMacroActions         93.54
Agent2/NMacroActions        126.875
Agent3/NMacroActions        119.15
Agent4/NMacroActions         99.515
Agent5/NMacroActions        102.545
Joint/Value                   0.993742
Joint/Advantage               0.00275667
Joint/CriticLoss              0.188976
Joint/VfCoef                  1
Agent0/ActorLoss              0.144079
Agent0/Entropy                2.4733
Agent0/ISRatio                0.999917
Agent0/ClipRate               0.0769597
Agent1/ActorLoss              0.139532
Agent1/Entropy                2.61196
Agent1/ISRatio                0.999743
Agent1/ClipRate               0.174759
Agent2/ActorLoss              0.151789
Agent2/Entropy                2.44129
Agent2/ISRatio                0.999933
Agent2/ClipRate               0.0347359
Agent3/ActorLoss              0.153587
Agent3/Entropy                2.49571
Agent3/ISRatio                0.99996
Agent3/ClipRate               0.0655366
Agent4/ActorLoss              0.145069
Agent4/Entropy                2.56768
Agent4/ISRatio                0.999796
Agent4/ClipRate               0.128764
Agent5/ActorLoss              0.178642
Agent5/Entropy                2.43641
Agent5/ISRatio                0.999898
Agent5/ClipRate               0.0735732
Eps                           0.57288
Episodes                   9000
Timesteps                     3.59921e+06
SamplingTime                215.16
TrainingTime                 32.1955
EpochTime                   270.219
TotalTime                 11996.2
------------------------  ---------------
2026-04-17 12:46:34.037687 UTC | [s1_260417_18:22:08] Episode 9200 | Eval Finished
------------------------  ---------------
Train/ReturnAverage         -39.8
Train/ReturnStd              12.3778
Train/ReturnMedian          -40
Train/ReturnMin             -75
Train/ReturnMax              -1.09718e-13
Train/DiscReturnAverage     -20.4027
Train/DiscReturnStd           4.38068
Train/DiscReturnMedian      -19.9401
Train/DiscReturnMin         -33.9966
Train/DiscReturnMax          -5.84164
Train/EpiLenAverage         400
Train/EpiLenStd               0
Train/EpiLenMedian          400
Train/EpiLenMin             400
Train/EpiLenMax             400
Train/NumDeliveryAverage      0
Train/NumDeliveryStd          0
Train/NumDeliveryMedian       0
Train/NumDeliveryMin          0
Train/NumDeliveryMax          0
Train/PickRateAverage         0
Train/PickRateStd             0
Train/PickRateMedian          0
Train/PickRateMin             0
Train/PickRateMax             0
Eval/ReturnAverage          -40
Eval/ReturnStd                0
Eval/ReturnMedian           -40
Eval/ReturnMin              -40
Eval/ReturnMax              -40
Eval/DiscReturnAverage      -17.3068
Eval/DiscReturnStd            0
Eval/DiscReturnMedian       -17.3068
Eval/DiscReturnMin          -17.3068
Eval/DiscReturnMax          -17.3068
Eval/EpiLenAverage          400
Eval/EpiLenStd                0
Eval/EpiLenMedian           400
Eval/EpiLenMin              400
Eval/EpiLenMax              400
Eval/NumDeliveryAverage       0
Eval/NumDeliveryStd           0
Eval/NumDeliveryMedian        0
Eval/NumDeliveryMin           0
Eval/NumDeliveryMax           0
Eval/PickRateAverage          0
Eval/PickRateStd              0
Eval/PickRateMedian           0
Eval/PickRateMin              0
Eval/PickRateMax              0
Agent0/NMacroActions        120.155
Agent1/NMacroActions         96.55
Agent2/NMacroActions        130.65
Agent3/NMacroActions        118.415
Agent4/NMacroActions        101.205
Agent5/NMacroActions        107.215
Joint/Value                   1.00716
Joint/Advantage              -0.00207388
Joint/CriticLoss              0.171967
Joint/VfCoef                  1
Agent0/ActorLoss              0.204708
Agent0/Entropy                2.45313
Agent0/ISRatio                0.999917
Agent0/ClipRate               0.076002
Agent1/ActorLoss              0.200157
Agent1/Entropy                2.58943
Agent1/ISRatio                0.999805
Agent1/ClipRate               0.141118
Agent2/ActorLoss              0.227529
Agent2/Entropy                2.42887
Agent2/ISRatio                0.999942
Agent2/ClipRate               0.036971
Agent3/ActorLoss              0.197137
Agent3/Entropy                2.48869
Agent3/ISRatio                0.99996
Agent3/ClipRate               0.0738171
Agent4/ActorLoss              0.207581
Agent4/Entropy                2.54288
Agent4/ISRatio                0.999769
Agent4/ClipRate               0.132276
Agent5/ActorLoss              0.260091
Agent5/Entropy                2.41348
Agent5/ISRatio                0.999751
Agent5/ClipRate               0.0641419
Eps                           0.56338
Episodes                   9200
Timesteps                     3.67921e+06
SamplingTime                210.959
TrainingTime                 33.1867
EpochTime                   266.296
TotalTime                 12262.5
------------------------  ---------------
2026-04-17 12:51:01.829848 UTC | [s1_260417_18:22:08] Episode 9400 | Eval Finished
------------------------  ---------------
Train/ReturnAverage         -39.875
Train/ReturnStd              13.1476
Train/ReturnMedian          -40
Train/ReturnMin             -75
Train/ReturnMax               5
Train/DiscReturnAverage     -20.3984
Train/DiscReturnStd           5.02468
Train/DiscReturnMedian      -19.2016
Train/DiscReturnMin         -37.7625
Train/DiscReturnMax          -5.18055
Train/EpiLenAverage         400
Train/EpiLenStd               0
Train/EpiLenMedian          400
Train/EpiLenMin             400
Train/EpiLenMax             400
Train/NumDeliveryAverage      0
Train/NumDeliveryStd          0
Train/NumDeliveryMedian       0
Train/NumDeliveryMin          0
Train/NumDeliveryMax          0
Train/PickRateAverage         0
Train/PickRateStd             0
Train/PickRateMedian          0
Train/PickRateMin             0
Train/PickRateMax             0
Eval/ReturnAverage          -40
Eval/ReturnStd                0
Eval/ReturnMedian           -40
Eval/ReturnMin              -40
Eval/ReturnMax              -40
Eval/DiscReturnAverage      -17.3068
Eval/DiscReturnStd            0
Eval/DiscReturnMedian       -17.3068
Eval/DiscReturnMin          -17.3068
Eval/DiscReturnMax          -17.3068
Eval/EpiLenAverage          400
Eval/EpiLenStd                0
Eval/EpiLenMedian           400
Eval/EpiLenMin              400
Eval/EpiLenMax              400
Eval/NumDeliveryAverage       0
Eval/NumDeliveryStd           0
Eval/NumDeliveryMedian        0
Eval/NumDeliveryMin           0
Eval/NumDeliveryMax           0
Eval/PickRateAverage          0
Eval/PickRateStd              0
Eval/PickRateMedian           0
Eval/PickRateMin              0
Eval/PickRateMax              0
Agent0/NMacroActions        120.405
Agent1/NMacroActions         94.74
Agent2/NMacroActions        128.095
Agent3/NMacroActions        114.665
Agent4/NMacroActions         97.765
Agent5/NMacroActions        105.905
Joint/Value                   0.834021
Joint/Advantage              -0.000816078
Joint/CriticLoss              0.173488
Joint/VfCoef                  1
Agent0/ActorLoss              0.132203
Agent0/Entropy                2.43971
Agent0/ISRatio                0.999979
Agent0/ClipRate               0.0753358
Agent1/ActorLoss              0.112685
Agent1/Entropy                2.57353
Agent1/ISRatio                0.999888
Agent1/ClipRate               0.155851
Agent2/ActorLoss              0.120251
Agent2/Entropy                2.41497
Agent2/ISRatio                0.999957
Agent2/ClipRate               0.0371385
Agent3/ActorLoss              0.099006
Agent3/Entropy                2.49015
Agent3/ISRatio                0.99991
Agent3/ClipRate               0.119371
Agent4/ActorLoss              0.0862367
Agent4/Entropy                2.5296
Agent4/ISRatio                0.999844
Agent4/ClipRate               0.142253
Agent5/ActorLoss              0.111824
Agent5/Entropy                2.39296
Agent5/ISRatio                0.999894
Agent5/ClipRate               0.0677905
Eps                           0.55388
Episodes                   9400
Timesteps                     3.75921e+06
SamplingTime                212.445
TrainingTime                 33.235
EpochTime                   267.732
TotalTime                 12530.3
------------------------  ---------------
2026-04-17 12:55:25.910986 UTC | [s1_260417_18:22:08] Episode 9600 | Eval Finished
------------------------  ---------------
Train/ReturnAverage         -39.25
Train/ReturnStd              10.9173
Train/ReturnMedian          -40
Train/ReturnMin             -65
Train/ReturnMax              -5
Train/DiscReturnAverage     -19.4905
Train/DiscReturnStd           4.16675
Train/DiscReturnMedian      -19.4684
Train/DiscReturnMin         -33.7585
Train/DiscReturnMax           0.598781
Train/EpiLenAverage         400
Train/EpiLenStd               0
Train/EpiLenMedian          400
Train/EpiLenMin             400
Train/EpiLenMax             400
Train/NumDeliveryAverage      0
Train/NumDeliveryStd          0
Train/NumDeliveryMedian       0
Train/NumDeliveryMin          0
Train/NumDeliveryMax          0
Train/PickRateAverage         0
Train/PickRateStd             0
Train/PickRateMedian          0
Train/PickRateMin             0
Train/PickRateMax             0
Eval/ReturnAverage          -40
Eval/ReturnStd                0
Eval/ReturnMedian           -40
Eval/ReturnMin              -40
Eval/ReturnMax              -40
Eval/DiscReturnAverage      -17.3068
Eval/DiscReturnStd            0
Eval/DiscReturnMedian       -17.3068
Eval/DiscReturnMin          -17.3068
Eval/DiscReturnMax          -17.3068
Eval/EpiLenAverage          400
Eval/EpiLenStd                0
Eval/EpiLenMedian           400
Eval/EpiLenMin              400
Eval/EpiLenMax              400
Eval/NumDeliveryAverage       0
Eval/NumDeliveryStd           0
Eval/NumDeliveryMedian        0
Eval/NumDeliveryMin           0
Eval/NumDeliveryMax           0
Eval/PickRateAverage          0
Eval/PickRateStd              0
Eval/PickRateMedian           0
Eval/PickRateMin              0
Eval/PickRateMax              0
Agent0/NMacroActions        119.47
Agent1/NMacroActions         98.69
Agent2/NMacroActions        125.525
Agent3/NMacroActions        114.205
Agent4/NMacroActions        102.345
Agent5/NMacroActions        108.47
Joint/Value                   0.81676
Joint/Advantage              -0.000131191
Joint/CriticLoss              0.158419
Joint/VfCoef                  1
Agent0/ActorLoss              0.0379557
Agent0/Entropy                2.40982
Agent0/ISRatio                0.999959
Agent0/ClipRate               0.0630882
Agent1/ActorLoss              0.084885
Agent1/Entropy                2.54157
Agent1/ISRatio                0.999865
Agent1/ClipRate               0.141508
Agent2/ActorLoss              0.0967512
Agent2/Entropy                2.40375
Agent2/ISRatio                0.999989
Agent2/ClipRate               0.0427618
Agent3/ActorLoss              0.0487967
Agent3/Entropy                2.4815
Agent3/ISRatio                0.999979
Agent3/ClipRate               0.0977313
Agent4/ActorLoss              0.0755638
Agent4/Entropy                2.51716
Agent4/ISRatio                0.999782
Agent4/ClipRate               0.148621
Agent5/ActorLoss              0.0860545
Agent5/Entropy                2.36725
Agent5/ISRatio                0.999921
Agent5/ClipRate               0.0626254
Eps                           0.54438
Episodes                   9600
Timesteps                     3.83921e+06
SamplingTime                210.059
TrainingTime                 32.512
EpochTime                   264.028
TotalTime                 12794.3
------------------------  ---------------
2026-04-17 12:59:56.279391 UTC | [s1_260417_18:22:08] Episode 9800 | Eval Finished
------------------------  ---------------
Train/ReturnAverage         -38.975
Train/ReturnStd              13.3445
Train/ReturnMedian          -40
Train/ReturnMin             -70
Train/ReturnMax              10
Train/DiscReturnAverage     -19.4643
Train/DiscReturnStd           4.29813
Train/DiscReturnMedian      -19.205
Train/DiscReturnMin         -30.9206
Train/DiscReturnMax          -5.31878
Train/EpiLenAverage         400
Train/EpiLenStd               0
Train/EpiLenMedian          400
Train/EpiLenMin             400
Train/EpiLenMax             400
Train/NumDeliveryAverage      0
Train/NumDeliveryStd          0
Train/NumDeliveryMedian       0
Train/NumDeliveryMin          0
Train/NumDeliveryMax          0
Train/PickRateAverage         0
Train/PickRateStd             0
Train/PickRateMedian          0
Train/PickRateMin             0
Train/PickRateMax             0
Eval/ReturnAverage          -40
Eval/ReturnStd                0
Eval/ReturnMedian           -40
Eval/ReturnMin              -40
Eval/ReturnMax              -40
Eval/DiscReturnAverage      -17.3068
Eval/DiscReturnStd            0
Eval/DiscReturnMedian       -17.3068
Eval/DiscReturnMin          -17.3068
Eval/DiscReturnMax          -17.3068
Eval/EpiLenAverage          400
Eval/EpiLenStd                0
Eval/EpiLenMedian           400
Eval/EpiLenMin              400
Eval/EpiLenMax              400
Eval/NumDeliveryAverage       0
Eval/NumDeliveryStd           0
Eval/NumDeliveryMedian        0
Eval/NumDeliveryMin           0
Eval/NumDeliveryMax           0
Eval/PickRateAverage          0
Eval/PickRateStd              0
Eval/PickRateMedian           0
Eval/PickRateMin              0
Eval/PickRateMax              0
Agent0/NMacroActions        124.3
Agent1/NMacroActions         96.855
Agent2/NMacroActions        123.045
Agent3/NMacroActions        110.025
Agent4/NMacroActions         94.61
Agent5/NMacroActions        106.03
Joint/Value                   0.781371
Joint/Advantage               0.000887626
Joint/CriticLoss              0.155594
Joint/VfCoef                  1
Agent0/ActorLoss              0.0783295
Agent0/Entropy                2.37526
Agent0/ISRatio                0.99995
Agent0/ClipRate               0.0601452
Agent1/ActorLoss              0.103486
Agent1/Entropy                2.51743
Agent1/ISRatio                0.999929
Agent1/ClipRate               0.156003
Agent2/ActorLoss              0.0865881
Agent2/Entropy                2.38409
Agent2/ISRatio                0.999972
Agent2/ClipRate               0.0410786
Agent3/ActorLoss              0.0669345
Agent3/Entropy                2.45617
Agent3/ISRatio                0.999862
Agent3/ClipRate               0.0946488
Agent4/ActorLoss              0.0998773
Agent4/Entropy                2.49138
Agent4/ISRatio                0.999853
Agent4/ClipRate               0.158248
Agent5/ActorLoss              0.0313266
Agent5/Entropy                2.33944
Agent5/ISRatio                1
Agent5/ClipRate               0.0644281
Eps                           0.53488
Episodes                   9800
Timesteps                     3.91921e+06
SamplingTime                215.645
TrainingTime                 32.432
EpochTime                   270.326
TotalTime                 13064.6
------------------------  ---------------
2026-04-17 13:04:23.615291 UTC | [s1_260417_18:22:08] Episode 10000 | Eval Finished
------------------------  ---------------
Train/ReturnAverage         -38.85
Train/ReturnStd              13.093
Train/ReturnMedian          -40
Train/ReturnMin             -80
Train/ReturnMax              -7.91867e-14
Train/DiscReturnAverage     -19.6472
Train/DiscReturnStd           4.719
Train/DiscReturnMedian      -19.304
Train/DiscReturnMin         -37.8142
Train/DiscReturnMax          -8.44617
Train/EpiLenAverage         400
Train/EpiLenStd               0
Train/EpiLenMedian          400
Train/EpiLenMin             400
Train/EpiLenMax             400
Train/NumDeliveryAverage      0
Train/NumDeliveryStd          0
Train/NumDeliveryMedian       0
Train/NumDeliveryMin          0
Train/NumDeliveryMax          0
Train/PickRateAverage         0
Train/PickRateStd             0
Train/PickRateMedian          0
Train/PickRateMin             0
Train/PickRateMax             0
Eval/ReturnAverage          -40
Eval/ReturnStd                0
Eval/ReturnMedian           -40
Eval/ReturnMin              -40
Eval/ReturnMax              -40
Eval/DiscReturnAverage      -17.3068
Eval/DiscReturnStd            0
Eval/DiscReturnMedian       -17.3068
Eval/DiscReturnMin          -17.3068
Eval/DiscReturnMax          -17.3068
Eval/EpiLenAverage          400
Eval/EpiLenStd                0
Eval/EpiLenMedian           400
Eval/EpiLenMin              400
Eval/EpiLenMax              400
Eval/NumDeliveryAverage       0
Eval/NumDeliveryStd           0
Eval/NumDeliveryMedian        0
Eval/NumDeliveryMin           0
Eval/NumDeliveryMax           0
Eval/PickRateAverage          0
Eval/PickRateStd              0
Eval/PickRateMedian           0
Eval/PickRateMin              0
Eval/PickRateMax              0
Agent0/NMacroActions        120.195
Agent1/NMacroActions        100.385
Agent2/NMacroActions        123.39
Agent3/NMacroActions        113.16
Agent4/NMacroActions         97.785
Agent5/NMacroActions        106.205
Joint/Value                   0.737225
Joint/Advantage              -0.00112286
Joint/CriticLoss              0.166567
Joint/VfCoef                  1
Agent0/ActorLoss              0.00752224
Agent0/Entropy                2.35206
Agent0/ISRatio                1.00003
Agent0/ClipRate               0.0715694
Agent1/ActorLoss              0.04417
Agent1/Entropy                2.48769
Agent1/ISRatio                0.999942
Agent1/ClipRate               0.172092
Agent2/ActorLoss              0.0131514
Agent2/Entropy                2.35464
Agent2/ISRatio                1
Agent2/ClipRate               0.0499798
Agent3/ActorLoss              0.0549026
Agent3/Entropy                2.43571
Agent3/ISRatio                0.999904
Agent3/ClipRate               0.106774
Agent4/ActorLoss              0.0406892
Agent4/Entropy                2.47235
Agent4/ISRatio                0.999987
Agent4/ClipRate               0.168246
Agent5/ActorLoss              0.0572281
Agent5/Entropy                2.31335
Agent5/ISRatio                1.00004
Agent5/ClipRate               0.0709147
Eps                           0.52538
Episodes                  10000
Timesteps                     3.99921e+06
SamplingTime                212.697
TrainingTime                 32.7877
EpochTime                   267.263
TotalTime                 13331.9
------------------------  ---------------
2026-04-17 13:08:50.446914 UTC | [s1_260417_18:22:08] Episode 10200 | Eval Finished
------------------------  ---------------
Train/ReturnAverage         -38.4585
Train/ReturnStd              20.0764
Train/ReturnMedian          -40
Train/ReturnMin             -75
Train/ReturnMax             183.3
Train/DiscReturnAverage     -19.2672
Train/DiscReturnStd           8.00004
Train/DiscReturnMedian      -19.144
Train/DiscReturnMin         -35.9656
Train/DiscReturnMax          75.6878
Train/EpiLenAverage         398.835
Train/EpiLenStd              16.4343
Train/EpiLenMedian          400
Train/EpiLenMin             167
Train/EpiLenMax             400
Train/NumDeliveryAverage      0
Train/NumDeliveryStd          0
Train/NumDeliveryMedian       0
Train/NumDeliveryMin          0
Train/NumDeliveryMax          0
Train/PickRateAverage         0
Train/PickRateStd             0
Train/PickRateMedian          0
Train/PickRateMin             0
Train/PickRateMax             0
Eval/ReturnAverage          -40
Eval/ReturnStd                0
Eval/ReturnMedian           -40
Eval/ReturnMin              -40
Eval/ReturnMax              -40
Eval/DiscReturnAverage      -17.3068
Eval/DiscReturnStd            0
Eval/DiscReturnMedian       -17.3068
Eval/DiscReturnMin          -17.3068
Eval/DiscReturnMax          -17.3068
Eval/EpiLenAverage          400
Eval/EpiLenStd                0
Eval/EpiLenMedian           400
Eval/EpiLenMin              400
Eval/EpiLenMax              400
Eval/NumDeliveryAverage       0
Eval/NumDeliveryStd           0
Eval/NumDeliveryMedian        0
Eval/NumDeliveryMin           0
Eval/NumDeliveryMax           0
Eval/PickRateAverage          0
Eval/PickRateStd              0
Eval/PickRateMedian           0
Eval/PickRateMin              0
Eval/PickRateMax              0
Agent0/NMacroActions        122.835
Agent1/NMacroActions        101.725
Agent2/NMacroActions        130.165
Agent3/NMacroActions        114.73
Agent4/NMacroActions         97.45
Agent5/NMacroActions        112.97
Joint/Value                   0.679142
Joint/Advantage              -0.00466599
Joint/CriticLoss              0.286128
Joint/VfCoef                  1
Agent0/ActorLoss             -0.00193889
Agent0/Entropy                2.32826
Agent0/ISRatio                0.999923
Agent0/ClipRate               0.0753913
Agent1/ActorLoss             -0.0138414
Agent1/Entropy                2.46089
Agent1/ISRatio                0.999997
Agent1/ClipRate               0.159905
Agent2/ActorLoss             -0.0569031
Agent2/Entropy                2.32418
Agent2/ISRatio                1.00001
Agent2/ClipRate               0.0792878
Agent3/ActorLoss              0.00875714
Agent3/Entropy                2.41246
Agent3/ISRatio                0.999945
Agent3/ClipRate               0.102337
Agent4/ActorLoss              0.034303
Agent4/Entropy                2.45282
Agent4/ISRatio                0.999885
Agent4/ClipRate               0.172044
Agent5/ActorLoss              0.0385509
Agent5/Entropy                2.29683
Agent5/ISRatio                0.999916
Agent5/ClipRate               0.0715318
Eps                           0.51588
Episodes                  10200
Timesteps                     4.07898e+06
SamplingTime                212.936
TrainingTime                 31.7163
EpochTime                   266.776
TotalTime                 13598.7
------------------------  ---------------
2026-04-17 13:13:22.169982 UTC | [s1_260417_18:22:08] Episode 10400 | Eval Finished
------------------------  ---------------
Train/ReturnAverage         -39.025
Train/ReturnStd              12.7348
Train/ReturnMedian          -40
Train/ReturnMin             -75
Train/ReturnMax               5.79259e-14
Train/DiscReturnAverage     -19.5619
Train/DiscReturnStd           4.23795
Train/DiscReturnMedian      -19.1834
Train/DiscReturnMin         -33.5882
Train/DiscReturnMax          -4.5215
Train/EpiLenAverage         400
Train/EpiLenStd               0
Train/EpiLenMedian          400
Train/EpiLenMin             400
Train/EpiLenMax             400
Train/NumDeliveryAverage      0
Train/NumDeliveryStd          0
Train/NumDeliveryMedian       0
Train/NumDeliveryMin          0
Train/NumDeliveryMax          0
Train/PickRateAverage         0
Train/PickRateStd             0
Train/PickRateMedian          0
Train/PickRateMin             0
Train/PickRateMax             0
Eval/ReturnAverage          -40
Eval/ReturnStd                0
Eval/ReturnMedian           -40
Eval/ReturnMin              -40
Eval/ReturnMax              -40
Eval/DiscReturnAverage      -17.3068
Eval/DiscReturnStd            0
Eval/DiscReturnMedian       -17.3068
Eval/DiscReturnMin          -17.3068
Eval/DiscReturnMax          -17.3068
Eval/EpiLenAverage          400
Eval/EpiLenStd                0
Eval/EpiLenMedian           400
Eval/EpiLenMin              400
Eval/EpiLenMax              400
Eval/NumDeliveryAverage       0
Eval/NumDeliveryStd           0
Eval/NumDeliveryMedian        0
Eval/NumDeliveryMin           0
Eval/NumDeliveryMax           0
Eval/PickRateAverage          0
Eval/PickRateStd              0
Eval/PickRateMedian           0
Eval/PickRateMin              0
Eval/PickRateMax              0
Agent0/NMacroActions        121.935
Agent1/NMacroActions        103.345
Agent2/NMacroActions        133.03
Agent3/NMacroActions        113.14
Agent4/NMacroActions         99.155
Agent5/NMacroActions        110.665
Joint/Value                   0.645499
Joint/Advantage               0.00389901
Joint/CriticLoss              0.162972
Joint/VfCoef                  1
Agent0/ActorLoss              0.0296618
Agent0/Entropy                2.30493
Agent0/ISRatio                1.00004
Agent0/ClipRate               0.0654283
Agent1/ActorLoss              0.01404
Agent1/Entropy                2.43324
Agent1/ISRatio                1.0001
Agent1/ClipRate               0.148812
Agent2/ActorLoss              0.0299946
Agent2/Entropy                2.29892
Agent2/ISRatio                0.999957
Agent2/ClipRate               0.0496763
Agent3/ActorLoss              0.00140738
Agent3/Entropy                2.39481
Agent3/ISRatio                0.999999
Agent3/ClipRate               0.0956026
Agent4/ActorLoss             -0.00819896
Agent4/Entropy                2.43456
Agent4/ISRatio                0.999938
Agent4/ClipRate               0.152394
Agent5/ActorLoss              0.00850105
Agent5/Entropy                2.26839
Agent5/ISRatio                1
Agent5/ClipRate               0.0649022
Eps                           0.50638
Episodes                  10400
Timesteps                     4.15898e+06
SamplingTime                216.463
TrainingTime                 32.9823
EpochTime                   271.68
TotalTime                 13870.3
------------------------  ---------------
2026-04-17 13:17:49.138304 UTC | [s1_260417_18:22:08] Episode 10600 | Eval Finished
------------------------  ---------------
Train/ReturnAverage         -38.1
Train/ReturnStd              13.4123
Train/ReturnMedian          -40
Train/ReturnMin             -70
Train/ReturnMax              -5
Train/DiscReturnAverage     -19.3097
Train/DiscReturnStd           4.45672
Train/DiscReturnMedian      -18.8878
Train/DiscReturnMin         -33.3903
Train/DiscReturnMax          -4.55464
Train/EpiLenAverage         400
Train/EpiLenStd               0
Train/EpiLenMedian          400
Train/EpiLenMin             400
Train/EpiLenMax             400
Train/NumDeliveryAverage      0
Train/NumDeliveryStd          0
Train/NumDeliveryMedian       0
Train/NumDeliveryMin          0
Train/NumDeliveryMax          0
Train/PickRateAverage         0
Train/PickRateStd             0
Train/PickRateMedian          0
Train/PickRateMin             0
Train/PickRateMax             0
Eval/ReturnAverage          -40
Eval/ReturnStd                0
Eval/ReturnMedian           -40
Eval/ReturnMin              -40
Eval/ReturnMax              -40
Eval/DiscReturnAverage      -17.3068
Eval/DiscReturnStd            0
Eval/DiscReturnMedian       -17.3068
Eval/DiscReturnMin          -17.3068
Eval/DiscReturnMax          -17.3068
Eval/EpiLenAverage          400
Eval/EpiLenStd                0
Eval/EpiLenMedian           400
Eval/EpiLenMin              400
Eval/EpiLenMax              400
Eval/NumDeliveryAverage       0
Eval/NumDeliveryStd           0
Eval/NumDeliveryMedian        0
Eval/NumDeliveryMin           0
Eval/NumDeliveryMax           0
Eval/PickRateAverage          0
Eval/PickRateStd              0
Eval/PickRateMedian           0
Eval/PickRateMin              0
Eval/PickRateMax              0
Agent0/NMacroActions        124.91
Agent1/NMacroActions        102.58
Agent2/NMacroActions        128.49
Agent3/NMacroActions        117.795
Agent4/NMacroActions         98.49
Agent5/NMacroActions        110.84
Joint/Value                   0.582628
Joint/Advantage              -0.001076
Joint/CriticLoss              0.169296
Joint/VfCoef                  1
Agent0/ActorLoss             -0.0743569
Agent0/Entropy                2.28092
Agent0/ISRatio                1.00006
Agent0/ClipRate               0.0704755
Agent1/ActorLoss             -0.00964546
Agent1/Entropy                2.41615
Agent1/ISRatio                0.999965
Agent1/ClipRate               0.154714
Agent2/ActorLoss             -0.0345483
Agent2/Entropy                2.28887
Agent2/ISRatio                0.999999
Agent2/ClipRate               0.0434805
Agent3/ActorLoss             -0.0500999
Agent3/Entropy                2.3528
Agent3/ISRatio                1.00005
Agent3/ClipRate               0.0832757
Agent4/ActorLoss             -0.0607935
Agent4/Entropy                2.41077
Agent4/ISRatio                1.00004
Agent4/ClipRate               0.163299
Agent5/ActorLoss             -0.0434461
Agent5/Entropy                2.23596
Agent5/ISRatio                1.00007
Agent5/ClipRate               0.071403
Eps                           0.49688
Episodes                  10600
Timesteps                     4.23898e+06
SamplingTime                211.971
TrainingTime                 33.1303
EpochTime                   266.908
TotalTime                 14137.3
------------------------  ---------------
2026-04-17 13:22:16.829737 UTC | [s1_260417_18:22:08] Episode 10800 | Eval Finished
------------------------  ---------------
Train/ReturnAverage         -37.425
Train/ReturnStd              12.6785
Train/ReturnMedian          -40
Train/ReturnMin             -75
Train/ReturnMax               3.39451e-14
Train/DiscReturnAverage     -18.8996
Train/DiscReturnStd           4.54756
Train/DiscReturnMedian      -18.3903
Train/DiscReturnMin         -31.3125
Train/DiscReturnMax          -1.81081
Train/EpiLenAverage         400
Train/EpiLenStd               0
Train/EpiLenMedian          400
Train/EpiLenMin             400
Train/EpiLenMax             400
Train/NumDeliveryAverage      0
Train/NumDeliveryStd          0
Train/NumDeliveryMedian       0
Train/NumDeliveryMin          0
Train/NumDeliveryMax          0
Train/PickRateAverage         0
Train/PickRateStd             0
Train/PickRateMedian          0
Train/PickRateMin             0
Train/PickRateMax             0
Eval/ReturnAverage          -40
Eval/ReturnStd                0
Eval/ReturnMedian           -40
Eval/ReturnMin              -40
Eval/ReturnMax              -40
Eval/DiscReturnAverage      -17.3068
Eval/DiscReturnStd            0
Eval/DiscReturnMedian       -17.3068
Eval/DiscReturnMin          -17.3068
Eval/DiscReturnMax          -17.3068
Eval/EpiLenAverage          400
Eval/EpiLenStd                0
Eval/EpiLenMedian           400
Eval/EpiLenMin              400
Eval/EpiLenMax              400
Eval/NumDeliveryAverage       0
Eval/NumDeliveryStd           0
Eval/NumDeliveryMedian        0
Eval/NumDeliveryMin           0
Eval/NumDeliveryMax           0
Eval/PickRateAverage          0
Eval/PickRateStd              0
Eval/PickRateMedian           0
Eval/PickRateMin              0
Eval/PickRateMax              0
Agent0/NMacroActions        125.715
Agent1/NMacroActions        104.84
Agent2/NMacroActions        129.105
Agent3/NMacroActions        118.82
Agent4/NMacroActions         97.44
Agent5/NMacroActions        112.76
Joint/Value                   0.532605
Joint/Advantage               0.00228794
Joint/CriticLoss              0.165793
Joint/VfCoef                  1
Agent0/ActorLoss             -0.140749
Agent0/Entropy                2.2448
Agent0/ISRatio                1.00004
Agent0/ClipRate               0.0642038
Agent1/ActorLoss             -0.193677
Agent1/Entropy                2.38513
Agent1/ISRatio                1.00015
Agent1/ClipRate               0.159063
Agent2/ActorLoss             -0.135737
Agent2/Entropy                2.27027
Agent2/ISRatio                1.00001
Agent2/ClipRate               0.0411959
Agent3/ActorLoss             -0.150522
Agent3/Entropy                2.31926
Agent3/ISRatio                0.999991
Agent3/ClipRate               0.0849929
Agent4/ActorLoss             -0.171467
Agent4/Entropy                2.3953
Agent4/ISRatio                1.00019
Agent4/ClipRate               0.152275
Agent5/ActorLoss             -0.117291
Agent5/Entropy                2.20513
Agent5/ISRatio                1.00013
Agent5/ClipRate               0.0734191
Eps                           0.48738
Episodes                  10800
Timesteps                     4.31898e+06
SamplingTime                211.781
TrainingTime                 33.5154
EpochTime                   267.631
TotalTime                 14404.9
------------------------  ---------------
2026-04-17 13:26:42.153190 UTC | [s1_260417_18:22:08] Episode 11000 | Eval Finished
------------------------  ---------------
Train/ReturnAverage         -39.45
Train/ReturnStd              11.9561
Train/ReturnMedian          -40
Train/ReturnMin             -75
Train/ReturnMax              -5.07649e-14
Train/DiscReturnAverage     -19.8852
Train/DiscReturnStd           4.25468
Train/DiscReturnMedian      -19.7213
Train/DiscReturnMin         -32.1363
Train/DiscReturnMax          -7.42053
Train/EpiLenAverage         400
Train/EpiLenStd               0
Train/EpiLenMedian          400
Train/EpiLenMin             400
Train/EpiLenMax             400
Train/NumDeliveryAverage      0
Train/NumDeliveryStd          0
Train/NumDeliveryMedian       0
Train/NumDeliveryMin          0
Train/NumDeliveryMax          0
Train/PickRateAverage         0
Train/PickRateStd             0
Train/PickRateMedian          0
Train/PickRateMin             0
Train/PickRateMax             0
Eval/ReturnAverage          -40
Eval/ReturnStd                0
Eval/ReturnMedian           -40
Eval/ReturnMin              -40
Eval/ReturnMax              -40
Eval/DiscReturnAverage      -17.3068
Eval/DiscReturnStd            0
Eval/DiscReturnMedian       -17.3068
Eval/DiscReturnMin          -17.3068
Eval/DiscReturnMax          -17.3068
Eval/EpiLenAverage          400
Eval/EpiLenStd                0
Eval/EpiLenMedian           400
Eval/EpiLenMin              400
Eval/EpiLenMax              400
Eval/NumDeliveryAverage       0
Eval/NumDeliveryStd           0
Eval/NumDeliveryMedian        0
Eval/NumDeliveryMin           0
Eval/NumDeliveryMax           0
Eval/PickRateAverage          0
Eval/PickRateStd              0
Eval/PickRateMedian           0
Eval/PickRateMin              0
Eval/PickRateMax              0
Agent0/NMacroActions        127.17
Agent1/NMacroActions        108.1
Agent2/NMacroActions        129.54
Agent3/NMacroActions        118.375
Agent4/NMacroActions         99.815
Agent5/NMacroActions        113.09
Joint/Value                   0.620106
Joint/Advantage              -0.00228956
Joint/CriticLoss              0.161659
Joint/VfCoef                  1
Agent0/ActorLoss              0.0348339
Agent0/Entropy                2.22545
Agent0/ISRatio                0.99997
Agent0/ClipRate               0.0725867
Agent1/ActorLoss              0.0344364
Agent1/Entropy                2.34332
Agent1/ISRatio                0.99984
Agent1/ClipRate               0.133121
Agent2/ActorLoss              0.0837094
Agent2/Entropy                2.24696
Agent2/ISRatio                1
Agent2/ClipRate               0.0438887
Agent3/ActorLoss              0.0513142
Agent3/Entropy                2.29636
Agent3/ISRatio                0.999944
Agent3/ClipRate               0.0974676
Agent4/ActorLoss              0.00623741
Agent4/Entropy                2.38292
Agent4/ISRatio                1.00003
Agent4/ClipRate               0.167205
Agent5/ActorLoss              0.0576178
Agent5/Entropy                2.1926
Agent5/ISRatio                0.999863
Agent5/ClipRate               0.0907826
Eps                           0.47788
Episodes                  11000
Timesteps                     4.39898e+06
SamplingTime                210.796
TrainingTime                 32.0583
EpochTime                   265.279
TotalTime                 14670.2
------------------------  ---------------
2026-04-17 13:31:08.001720 UTC | [s1_260417_18:22:08] Episode 11200 | Eval Finished
------------------------  ---------------
Train/ReturnAverage         -39.875
Train/ReturnStd              10.9594
Train/ReturnMedian          -40
Train/ReturnMin             -65
Train/ReturnMax              -5
Train/DiscReturnAverage     -20.2548
Train/DiscReturnStd           4.4462
Train/DiscReturnMedian      -19.4022
Train/DiscReturnMin         -34.2347
Train/DiscReturnMax          -8.3863
Train/EpiLenAverage         400
Train/EpiLenStd               0
Train/EpiLenMedian          400
Train/EpiLenMin             400
Train/EpiLenMax             400
Train/NumDeliveryAverage      0
Train/NumDeliveryStd          0
Train/NumDeliveryMedian       0
Train/NumDeliveryMin          0
Train/NumDeliveryMax          0
Train/PickRateAverage         0
Train/PickRateStd             0
Train/PickRateMedian          0
Train/PickRateMin             0
Train/PickRateMax             0
Eval/ReturnAverage          -40
Eval/ReturnStd                0
Eval/ReturnMedian           -40
Eval/ReturnMin              -40
Eval/ReturnMax              -40
Eval/DiscReturnAverage      -17.3068
Eval/DiscReturnStd            0
Eval/DiscReturnMedian       -17.3068
Eval/DiscReturnMin          -17.3068
Eval/DiscReturnMax          -17.3068
Eval/EpiLenAverage          400
Eval/EpiLenStd                0
Eval/EpiLenMedian           400
Eval/EpiLenMin              400
Eval/EpiLenMax              400
Eval/NumDeliveryAverage       0
Eval/NumDeliveryStd           0
Eval/NumDeliveryMedian        0
Eval/NumDeliveryMin           0
Eval/NumDeliveryMax           0
Eval/PickRateAverage          0
Eval/PickRateStd              0
Eval/PickRateMedian           0
Eval/PickRateMin              0
Eval/PickRateMax              0
Agent0/NMacroActions        125.08
Agent1/NMacroActions        106.89
Agent2/NMacroActions        130.545
Agent3/NMacroActions        117.275
Agent4/NMacroActions         97.665
Agent5/NMacroActions        113.145
Joint/Value                   0.634023
Joint/Advantage              -0.00162366
Joint/CriticLoss              0.147107
Joint/VfCoef                  1
Agent0/ActorLoss              0.0413209
Agent0/Entropy                2.19275
Agent0/ISRatio                0.99996
Agent0/ClipRate               0.0645241
Agent1/ActorLoss              0.0452847
Agent1/Entropy                2.31347
Agent1/ISRatio                0.999944
Agent1/ClipRate               0.139829
Agent2/ActorLoss              0.0397088
Agent2/Entropy                2.22439
Agent2/ISRatio                1.00001
Agent2/ClipRate               0.0388976
Agent3/ActorLoss              0.0569423
Agent3/Entropy                2.27498
Agent3/ISRatio                0.999949
Agent3/ClipRate               0.0896795
Agent4/ActorLoss              0.0500197
Agent4/Entropy                2.35008
Agent4/ISRatio                0.999825
Agent4/ClipRate               0.151676
Agent5/ActorLoss              0.0995299
Agent5/Entropy                2.17199
Agent5/ISRatio                0.999846
Agent5/ClipRate               0.0762433
Eps                           0.46838
Episodes                  11200
Timesteps                     4.47898e+06
SamplingTime                210.84
TrainingTime                 32.948
EpochTime                   265.789
TotalTime                 14936
------------------------  ---------------
2026-04-17 13:35:32.226965 UTC | [s1_260417_18:22:08] Episode 11400 | Eval Finished
------------------------  ---------------
Train/ReturnAverage         -38.9
Train/ReturnStd              10.4781
Train/ReturnMedian          -40
Train/ReturnMin             -85
Train/ReturnMax             -15
Train/DiscReturnAverage     -19.5375
Train/DiscReturnStd           3.4714
Train/DiscReturnMedian      -19.2571
Train/DiscReturnMin         -33.1996
Train/DiscReturnMax         -12.2246
Train/EpiLenAverage         400
Train/EpiLenStd               0
Train/EpiLenMedian          400
Train/EpiLenMin             400
Train/EpiLenMax             400
Train/NumDeliveryAverage      0
Train/NumDeliveryStd          0
Train/NumDeliveryMedian       0
Train/NumDeliveryMin          0
Train/NumDeliveryMax          0
Train/PickRateAverage         0
Train/PickRateStd             0
Train/PickRateMedian          0
Train/PickRateMin             0
Train/PickRateMax             0
Eval/ReturnAverage          -40
Eval/ReturnStd                0
Eval/ReturnMedian           -40
Eval/ReturnMin              -40
Eval/ReturnMax              -40
Eval/DiscReturnAverage      -17.3068
Eval/DiscReturnStd            0
Eval/DiscReturnMedian       -17.3068
Eval/DiscReturnMin          -17.3068
Eval/DiscReturnMax          -17.3068
Eval/EpiLenAverage          400
Eval/EpiLenStd                0
Eval/EpiLenMedian           400
Eval/EpiLenMin              400
Eval/EpiLenMax              400
Eval/NumDeliveryAverage       0
Eval/NumDeliveryStd           0
Eval/NumDeliveryMedian        0
Eval/NumDeliveryMin           0
Eval/NumDeliveryMax           0
Eval/PickRateAverage          0
Eval/PickRateStd              0
Eval/PickRateMedian           0
Eval/PickRateMin              0
Eval/PickRateMax              0
Agent0/NMacroActions        126.73
Agent1/NMacroActions        109.975
Agent2/NMacroActions        132.72
Agent3/NMacroActions        116.845
Agent4/NMacroActions         99.31
Agent5/NMacroActions        116.415
Joint/Value                   0.708326
Joint/Advantage               0.00310313
Joint/CriticLoss              0.146263
Joint/VfCoef                  1
Agent0/ActorLoss              0.0186822
Agent0/Entropy                2.16959
Agent0/ISRatio                0.999997
Agent0/ClipRate               0.0688815
Agent1/ActorLoss              0.0416738
Agent1/Entropy                2.29724
Agent1/ISRatio                0.999807
Agent1/ClipRate               0.145491
Agent2/ActorLoss              0.106348
Agent2/Entropy                2.20441
Agent2/ISRatio                0.999992
Agent2/ClipRate               0.0428792
Agent3/ActorLoss              0.0962594
Agent3/Entropy                2.25278
Agent3/ISRatio                0.999892
Agent3/ClipRate               0.0990625
Agent4/ActorLoss              0.0730966
Agent4/Entropy                2.336
Agent4/ISRatio                0.999954
Agent4/ClipRate               0.15956
Agent5/ActorLoss              0.100744
Agent5/Entropy                2.13854
Agent5/ISRatio                0.999858
Agent5/ClipRate               0.0724182
Eps                           0.45888
Episodes                  11400
Timesteps                     4.55898e+06
SamplingTime                211.12
TrainingTime                 31.1735
EpochTime                   264.167
TotalTime                 15200.1
------------------------  ---------------
2026-04-17 13:39:57.274907 UTC | [s1_260417_18:22:08] Episode 11600 | Eval Finished
------------------------  ---------------
Train/ReturnAverage         -38.1
Train/ReturnStd              12.0681
Train/ReturnMedian          -37.5
Train/ReturnMin             -75
Train/ReturnMax              -5
Train/DiscReturnAverage     -19.2622
Train/DiscReturnStd           4.07434
Train/DiscReturnMedian      -18.9222
Train/DiscReturnMin         -32.026
Train/DiscReturnMax          -8.21346
Train/EpiLenAverage         400
Train/EpiLenStd               0
Train/EpiLenMedian          400
Train/EpiLenMin             400
Train/EpiLenMax             400
Train/NumDeliveryAverage      0
Train/NumDeliveryStd          0
Train/NumDeliveryMedian       0
Train/NumDeliveryMin          0
Train/NumDeliveryMax          0
Train/PickRateAverage         0
Train/PickRateStd             0
Train/PickRateMedian          0
Train/PickRateMin             0
Train/PickRateMax             0
Eval/ReturnAverage          -40
Eval/ReturnStd                0
Eval/ReturnMedian           -40
Eval/ReturnMin              -40
Eval/ReturnMax              -40
Eval/DiscReturnAverage      -17.3068
Eval/DiscReturnStd            0
Eval/DiscReturnMedian       -17.3068
Eval/DiscReturnMin          -17.3068
Eval/DiscReturnMax          -17.3068
Eval/EpiLenAverage          400
Eval/EpiLenStd                0
Eval/EpiLenMedian           400
Eval/EpiLenMin              400
Eval/EpiLenMax              400
Eval/NumDeliveryAverage       0
Eval/NumDeliveryStd           0
Eval/NumDeliveryMedian        0
Eval/NumDeliveryMin           0
Eval/NumDeliveryMax           0
Eval/PickRateAverage          0
Eval/PickRateStd              0
Eval/PickRateMedian           0
Eval/PickRateMin              0
Eval/PickRateMax              0
Agent0/NMacroActions        126.43
Agent1/NMacroActions        109.015
Agent2/NMacroActions        127.59
Agent3/NMacroActions        112.925
Agent4/NMacroActions        103.085
Agent5/NMacroActions        115.52
Joint/Value                   0.702865
Joint/Advantage               0.00104079
Joint/CriticLoss              0.148589
Joint/VfCoef                  1
Agent0/ActorLoss              0.0556626
Agent0/Entropy                2.14425
Agent0/ISRatio                0.999941
Agent0/ClipRate               0.0643943
Agent1/ActorLoss             -0.00229984
Agent1/Entropy                2.28634
Agent1/ISRatio                0.999964
Agent1/ClipRate               0.163163
Agent2/ActorLoss              0.00814318
Agent2/Entropy                2.20313
Agent2/ISRatio                0.999977
Agent2/ClipRate               0.0580508
Agent3/ActorLoss              0.000468151
Agent3/Entropy                2.23279
Agent3/ISRatio                0.999995
Agent3/ClipRate               0.106369
Agent4/ActorLoss              0.0540242
Agent4/Entropy                2.31527
Agent4/ISRatio                0.999939
Agent4/ClipRate               0.176555
Agent5/ActorLoss              0.0581852
Agent5/Entropy                2.10971
Agent5/ISRatio                0.999995
Agent5/ClipRate               0.0728852
Eps                           0.44938
Episodes                  11600
Timesteps                     4.63898e+06
SamplingTime                210.272
TrainingTime                 32.68
EpochTime                   265.004
TotalTime                 15465.1
------------------------  ---------------
2026-04-17 13:44:26.011653 UTC | [s1_260417_18:22:08] Episode 11800 | Eval Finished
------------------------  ---------------
Train/ReturnAverage         -38.65
Train/ReturnStd              11.3876
Train/ReturnMedian          -40
Train/ReturnMin             -65
Train/ReturnMax              10
Train/DiscReturnAverage     -18.9529
Train/DiscReturnStd           4.05716
Train/DiscReturnMedian      -18.6756
Train/DiscReturnMin         -30.0117
Train/DiscReturnMax          -0.178787
Train/EpiLenAverage         400
Train/EpiLenStd               0
Train/EpiLenMedian          400
Train/EpiLenMin             400
Train/EpiLenMax             400
Train/NumDeliveryAverage      0
Train/NumDeliveryStd          0
Train/NumDeliveryMedian       0
Train/NumDeliveryMin          0
Train/NumDeliveryMax          0
Train/PickRateAverage         0
Train/PickRateStd             0
Train/PickRateMedian          0
Train/PickRateMin             0
Train/PickRateMax             0
Eval/ReturnAverage          -40
Eval/ReturnStd                0
Eval/ReturnMedian           -40
Eval/ReturnMin              -40
Eval/ReturnMax              -40
Eval/DiscReturnAverage      -17.3068
Eval/DiscReturnStd            0
Eval/DiscReturnMedian       -17.3068
Eval/DiscReturnMin          -17.3068
Eval/DiscReturnMax          -17.3068
Eval/EpiLenAverage          400
Eval/EpiLenStd                0
Eval/EpiLenMedian           400
Eval/EpiLenMin              400
Eval/EpiLenMax              400
Eval/NumDeliveryAverage       0
Eval/NumDeliveryStd           0
Eval/NumDeliveryMedian        0
Eval/NumDeliveryMin           0
Eval/NumDeliveryMax           0
Eval/PickRateAverage          0
Eval/PickRateStd              0
Eval/PickRateMedian           0
Eval/PickRateMin              0
Eval/PickRateMax              0
Agent0/NMacroActions        125.72
Agent1/NMacroActions        109.26
Agent2/NMacroActions        127.11
Agent3/NMacroActions        115.215
Agent4/NMacroActions         96.275
Agent5/NMacroActions        113.5
Joint/Value                   0.725564
Joint/Advantage              -4.28629e-05
Joint/CriticLoss              0.134753
Joint/VfCoef                  1
Agent0/ActorLoss              0.0968168
Agent0/Entropy                2.10829
Agent0/ISRatio                1.00012
Agent0/ClipRate               0.078364
Agent1/ActorLoss              0.123539
Agent1/Entropy                2.26624
Agent1/ISRatio                0.999747
Agent1/ClipRate               0.158062
Agent2/ActorLoss              0.129083
Agent2/Entropy                2.18886
Agent2/ISRatio                0.999982
Agent2/ClipRate               0.05688
Agent3/ActorLoss              0.139623
Agent3/Entropy                2.2147
Agent3/ISRatio                0.999983
Agent3/ClipRate               0.103683
Agent4/ActorLoss              0.135592
Agent4/Entropy                2.30679
Agent4/ISRatio                0.999689
Agent4/ClipRate               0.161648
Agent5/ActorLoss              0.157602
Agent5/Entropy                2.09587
Agent5/ISRatio                0.999812
Agent5/ClipRate               0.0851089
Eps                           0.43988
Episodes                  11800
Timesteps                     4.71898e+06
SamplingTime                212.762
TrainingTime                 33.5045
EpochTime                   268.693
TotalTime                 15733.8
------------------------  ---------------
2026-04-17 13:48:50.781886 UTC | [s1_260417_18:22:08] Episode 12000 | Eval Finished
------------------------  ---------------
Train/ReturnAverage         -37.725
Train/ReturnStd              11.4433
Train/ReturnMedian          -40
Train/ReturnMin             -65
Train/ReturnMax               5
Train/DiscReturnAverage     -18.7957
Train/DiscReturnStd           3.98152
Train/DiscReturnMedian      -18.5286
Train/DiscReturnMin         -32.8668
Train/DiscReturnMax          -6.50718
Train/EpiLenAverage         400
Train/EpiLenStd               0
Train/EpiLenMedian          400
Train/EpiLenMin             400
Train/EpiLenMax             400
Train/NumDeliveryAverage      0
Train/NumDeliveryStd          0
Train/NumDeliveryMedian       0
Train/NumDeliveryMin          0
Train/NumDeliveryMax          0
Train/PickRateAverage         0
Train/PickRateStd             0
Train/PickRateMedian          0
Train/PickRateMin             0
Train/PickRateMax             0
Eval/ReturnAverage          -40
Eval/ReturnStd                0
Eval/ReturnMedian           -40
Eval/ReturnMin              -40
Eval/ReturnMax              -40
Eval/DiscReturnAverage      -17.3068
Eval/DiscReturnStd            0
Eval/DiscReturnMedian       -17.3068
Eval/DiscReturnMin          -17.3068
Eval/DiscReturnMax          -17.3068
Eval/EpiLenAverage          400
Eval/EpiLenStd                0
Eval/EpiLenMedian           400
Eval/EpiLenMin              400
Eval/EpiLenMax              400
Eval/NumDeliveryAverage       0
Eval/NumDeliveryStd           0
Eval/NumDeliveryMedian        0
Eval/NumDeliveryMin           0
Eval/NumDeliveryMax           0
Eval/PickRateAverage          0
Eval/PickRateStd              0
Eval/PickRateMedian           0
Eval/PickRateMin              0
Eval/PickRateMax              0
Agent0/NMacroActions        127.625
Agent1/NMacroActions        110.06
Agent2/NMacroActions        125.89
Agent3/NMacroActions        121.13
Agent4/NMacroActions         99.475
Agent5/NMacroActions        113.64
Joint/Value                   0.666778
Joint/Advantage              -0.000251969
Joint/CriticLoss              0.13655
Joint/VfCoef                  1
Agent0/ActorLoss              0.101101
Agent0/Entropy                2.08114
Agent0/ISRatio                0.999962
Agent0/ClipRate               0.0668737
Agent1/ActorLoss              0.0429255
Agent1/Entropy                2.23502
Agent1/ISRatio                0.999884
Agent1/ClipRate               0.168772
Agent2/ActorLoss              0.0553966
Agent2/Entropy                2.18918
Agent2/ISRatio                0.999996
Agent2/ClipRate               0.0612982
Agent3/ActorLoss              0.0241012
Agent3/Entropy                2.18329
Agent3/ISRatio                0.999988
Agent3/ClipRate               0.108934
Agent4/ActorLoss              0.0280775
Agent4/Entropy                2.29108
Agent4/ISRatio                0.999839
Agent4/ClipRate               0.17281
Agent5/ActorLoss              0.0423102
Agent5/Entropy                2.08595
Agent5/ISRatio                0.999914
Agent5/ClipRate               0.0932049
Eps                           0.43038
Episodes                  12000
Timesteps                     4.79898e+06
SamplingTime                210.522
TrainingTime                 32.8699
EpochTime                   264.729
TotalTime                 15998.5
------------------------  ---------------
2026-04-17 13:53:16.215728 UTC | [s1_260417_18:22:08] Episode 12200 | Eval Finished
------------------------  ---------------
Train/ReturnAverage         -38.053
Train/ReturnStd              19.8185
Train/ReturnMedian          -40
Train/ReturnMin             -70
Train/ReturnMax             199.4
Train/DiscReturnAverage     -18.6208
Train/DiscReturnStd           6.22418
Train/DiscReturnMedian      -18.4248
Train/DiscReturnMin         -31.52
Train/DiscReturnMax          50.2607
Train/EpiLenAverage         399.28
Train/EpiLenStd              10.1568
Train/EpiLenMedian          400
Train/EpiLenMin             256
Train/EpiLenMax             400
Train/NumDeliveryAverage      0
Train/NumDeliveryStd          0
Train/NumDeliveryMedian       0
Train/NumDeliveryMin          0
Train/NumDeliveryMax          0
Train/PickRateAverage         0
Train/PickRateStd             0
Train/PickRateMedian          0
Train/PickRateMin             0
Train/PickRateMax             0
Eval/ReturnAverage          -40
Eval/ReturnStd                0
Eval/ReturnMedian           -40
Eval/ReturnMin              -40
Eval/ReturnMax              -40
Eval/DiscReturnAverage      -17.3068
Eval/DiscReturnStd            0
Eval/DiscReturnMedian       -17.3068
Eval/DiscReturnMin          -17.3068
Eval/DiscReturnMax          -17.3068
Eval/EpiLenAverage          400
Eval/EpiLenStd                0
Eval/EpiLenMedian           400
Eval/EpiLenMin              400
Eval/EpiLenMax              400
Eval/NumDeliveryAverage       0
Eval/NumDeliveryStd           0
Eval/NumDeliveryMedian        0
Eval/NumDeliveryMin           0
Eval/NumDeliveryMax           0
Eval/PickRateAverage          0
Eval/PickRateStd              0
Eval/PickRateMedian           0
Eval/PickRateMin              0
Eval/PickRateMax              0
Agent0/NMacroActions        127.2
Agent1/NMacroActions        109.465
Agent2/NMacroActions        125.055
Agent3/NMacroActions        116.18
Agent4/NMacroActions        100.705
Agent5/NMacroActions        112.52
Joint/Value                   0.817615
Joint/Advantage               0.00224862
Joint/CriticLoss              0.260266
Joint/VfCoef                  1
Agent0/ActorLoss              0.185675
Agent0/Entropy                2.05555
Agent0/ISRatio                0.999883
Agent0/ClipRate               0.084208
Agent1/ActorLoss              0.173748
Agent1/Entropy                2.2017
Agent1/ISRatio                0.999813
Agent1/ClipRate               0.162444
Agent2/ActorLoss              0.167375
Agent2/Entropy                2.18275
Agent2/ISRatio                0.999969
Agent2/ClipRate               0.0794573
Agent3/ActorLoss              0.128346
Agent3/Entropy                2.14768
Agent3/ISRatio                0.999803
Agent3/ClipRate               0.105384
Agent4/ActorLoss              0.141579
Agent4/Entropy                2.25695
Agent4/ISRatio                0.999781
Agent4/ClipRate               0.181771
Agent5/ActorLoss              0.208137
Agent5/Entropy                2.06413
Agent5/ISRatio                0.999753
Agent5/ClipRate               0.0934382
Eps                           0.42088
Episodes                  12200
Timesteps                     4.87883e+06
SamplingTime                211.047
TrainingTime                 32.7561
EpochTime                   265.394
TotalTime                 16263.9
------------------------  ---------------
2026-04-17 13:57:40.849992 UTC | [s1_260417_18:22:08] Episode 12400 | Eval Finished
------------------------  ---------------
Train/ReturnAverage         -38.45
Train/ReturnStd              10.385
Train/ReturnMedian          -40
Train/ReturnMin             -65
Train/ReturnMax              -6.5864e-14
Train/DiscReturnAverage     -19.0567
Train/DiscReturnStd           3.29444
Train/DiscReturnMedian      -18.7212
Train/DiscReturnMin         -28.508
Train/DiscReturnMax          -8.93575
Train/EpiLenAverage         400
Train/EpiLenStd               0
Train/EpiLenMedian          400
Train/EpiLenMin             400
Train/EpiLenMax             400
Train/NumDeliveryAverage      0
Train/NumDeliveryStd          0
Train/NumDeliveryMedian       0
Train/NumDeliveryMin          0
Train/NumDeliveryMax          0
Train/PickRateAverage         0
Train/PickRateStd             0
Train/PickRateMedian          0
Train/PickRateMin             0
Train/PickRateMax             0
Eval/ReturnAverage          -40
Eval/ReturnStd                0
Eval/ReturnMedian           -40
Eval/ReturnMin              -40
Eval/ReturnMax              -40
Eval/DiscReturnAverage      -17.3068
Eval/DiscReturnStd            0
Eval/DiscReturnMedian       -17.3068
Eval/DiscReturnMin          -17.3068
Eval/DiscReturnMax          -17.3068
Eval/EpiLenAverage          400
Eval/EpiLenStd                0
Eval/EpiLenMedian           400
Eval/EpiLenMin              400
Eval/EpiLenMax              400
Eval/NumDeliveryAverage       0
Eval/NumDeliveryStd           0
Eval/NumDeliveryMedian        0
Eval/NumDeliveryMin           0
Eval/NumDeliveryMax           0
Eval/PickRateAverage          0
Eval/PickRateStd              0
Eval/PickRateMedian           0
Eval/PickRateMin              0
Eval/PickRateMax              0
Agent0/NMacroActions        127.05
Agent1/NMacroActions        110.915
Agent2/NMacroActions        123.16
Agent3/NMacroActions        120.845
Agent4/NMacroActions         99.06
Agent5/NMacroActions        111.33
Joint/Value                   0.709879
Joint/Advantage              -0.00282918
Joint/CriticLoss              0.130241
Joint/VfCoef                  1
Agent0/ActorLoss              0.144011
Agent0/Entropy                2.03105
Agent0/ISRatio                0.999934
Agent0/ClipRate               0.0773639
Agent1/ActorLoss              0.149225
Agent1/Entropy                2.17708
Agent1/ISRatio                0.999811
Agent1/ClipRate               0.175048
Agent2/ActorLoss              0.200264
Agent2/Entropy                2.18295
Agent2/ISRatio                0.999896
Agent2/ClipRate               0.0757979
Agent3/ActorLoss              0.205285
Agent3/Entropy                2.12782
Agent3/ISRatio                0.999875
Agent3/ClipRate               0.112085
Agent4/ActorLoss              0.114643
Agent4/Entropy                2.23975
Agent4/ISRatio                0.999664
Agent4/ClipRate               0.18207
Agent5/ActorLoss              0.174814
Agent5/Entropy                2.05914
Agent5/ISRatio                0.999759
Agent5/ClipRate               0.106945
Eps                           0.41138
Episodes                  12400
Timesteps                     4.95883e+06
SamplingTime                209.626
TrainingTime                 32.9187
EpochTime                   264.579
TotalTime                 16528.5
------------------------  ---------------
2026-04-17 14:02:05.446008 UTC | [s1_260417_18:22:08] Episode 12600 | Eval Finished
------------------------  ---------------
Train/ReturnAverage         -38.1315
Train/ReturnStd              17.8633
Train/ReturnMedian          -40
Train/ReturnMin             -65
Train/ReturnMax             173.7
Train/DiscReturnAverage     -18.6365
Train/DiscReturnStd           6.22879
Train/DiscReturnMedian      -18.3533
Train/DiscReturnMin         -31.7126
Train/DiscReturnMax          53.1879
Train/EpiLenAverage         399.065
Train/EpiLenStd              13.1898
Train/EpiLenMedian          400
Train/EpiLenMin             213
Train/EpiLenMax             400
Train/NumDeliveryAverage      0
Train/NumDeliveryStd          0
Train/NumDeliveryMedian       0
Train/NumDeliveryMin          0
Train/NumDeliveryMax          0
Train/PickRateAverage         0
Train/PickRateStd             0
Train/PickRateMedian          0
Train/PickRateMin             0
Train/PickRateMax             0
Eval/ReturnAverage          -40
Eval/ReturnStd                0
Eval/ReturnMedian           -40
Eval/ReturnMin              -40
Eval/ReturnMax              -40
Eval/DiscReturnAverage      -17.3068
Eval/DiscReturnStd            0
Eval/DiscReturnMedian       -17.3068
Eval/DiscReturnMin          -17.3068
Eval/DiscReturnMax          -17.3068
Eval/EpiLenAverage          400
Eval/EpiLenStd                0
Eval/EpiLenMedian           400
Eval/EpiLenMin              400
Eval/EpiLenMax              400
Eval/NumDeliveryAverage       0
Eval/NumDeliveryStd           0
Eval/NumDeliveryMedian        0
Eval/NumDeliveryMin           0
Eval/NumDeliveryMax           0
Eval/PickRateAverage          0
Eval/PickRateStd              0
Eval/PickRateMedian           0
Eval/PickRateMin              0
Eval/PickRateMax              0
Agent0/NMacroActions        126.13
Agent1/NMacroActions        111.28
Agent2/NMacroActions        121.09
Agent3/NMacroActions        118.595
Agent4/NMacroActions        103.56
Agent5/NMacroActions        112.945
Joint/Value                   0.629095
Joint/Advantage               0.00246649
Joint/CriticLoss              0.257485
Joint/VfCoef                  1
Agent0/ActorLoss              0.0750245
Agent0/Entropy                2.00222
Agent0/ISRatio                0.999874
Agent0/ClipRate               0.0876357
Agent1/ActorLoss              0.0481079
Agent1/Entropy                2.15311
Agent1/ISRatio                0.999914
Agent1/ClipRate               0.156282
Agent2/ActorLoss              0.0778472
Agent2/Entropy                2.17972
Agent2/ISRatio                0.99992
Agent2/ClipRate               0.0849415
Agent3/ActorLoss              0.0270436
Agent3/Entropy                2.10761
Agent3/ISRatio                0.999927
Agent3/ClipRate               0.117373
Agent4/ActorLoss              0.139742
Agent4/Entropy                2.20348
Agent4/ISRatio                0.999793
Agent4/ClipRate               0.174969
Agent5/ActorLoss              0.0932489
Agent5/Entropy                2.05462
Agent5/ISRatio                0.999823
Agent5/ClipRate               0.11359
Eps                           0.40188
Episodes                  12600
Timesteps                     5.03864e+06
SamplingTime                210.574
TrainingTime                 31.9485
EpochTime                   264.541
TotalTime                 16793.1
------------------------  ---------------
2026-04-17 14:06:31.850877 UTC | [s1_260417_18:22:08] Episode 12800 | Eval Finished
------------------------  ---------------
Train/ReturnAverage         -37.975
Train/ReturnStd               8.70485
Train/ReturnMedian          -40
Train/ReturnMin             -60
Train/ReturnMax              -5
Train/DiscReturnAverage     -18.6748
Train/DiscReturnStd           2.99493
Train/DiscReturnMedian      -18.3471
Train/DiscReturnMin         -33.6441
Train/DiscReturnMax          -9.56474
Train/EpiLenAverage         400
Train/EpiLenStd               0
Train/EpiLenMedian          400
Train/EpiLenMin             400
Train/EpiLenMax             400
Train/NumDeliveryAverage      0
Train/NumDeliveryStd          0
Train/NumDeliveryMedian       0
Train/NumDeliveryMin          0
Train/NumDeliveryMax          0
Train/PickRateAverage         0
Train/PickRateStd             0
Train/PickRateMedian          0
Train/PickRateMin             0
Train/PickRateMax             0
Eval/ReturnAverage          -40
Eval/ReturnStd                0
Eval/ReturnMedian           -40
Eval/ReturnMin              -40
Eval/ReturnMax              -40
Eval/DiscReturnAverage      -17.3068
Eval/DiscReturnStd            0
Eval/DiscReturnMedian       -17.3068
Eval/DiscReturnMin          -17.3068
Eval/DiscReturnMax          -17.3068
Eval/EpiLenAverage          400
Eval/EpiLenStd                0
Eval/EpiLenMedian           400
Eval/EpiLenMin              400
Eval/EpiLenMax              400
Eval/NumDeliveryAverage       0
Eval/NumDeliveryStd           0
Eval/NumDeliveryMedian        0
Eval/NumDeliveryMin           0
Eval/NumDeliveryMax           0
Eval/PickRateAverage          0
Eval/PickRateStd              0
Eval/PickRateMedian           0
Eval/PickRateMin              0
Eval/PickRateMax              0
Agent0/NMacroActions        132.415
Agent1/NMacroActions        114.18
Agent2/NMacroActions        119.755
Agent3/NMacroActions        116.52
Agent4/NMacroActions        101.685
Agent5/NMacroActions        109.81
Joint/Value                   0.648864
Joint/Advantage              -0.00159913
Joint/CriticLoss              0.122081
Joint/VfCoef                  1
Agent0/ActorLoss              0.0718208
Agent0/Entropy                1.9597
Agent0/ISRatio                0.999957
Agent0/ClipRate               0.0569179
Agent1/ActorLoss              0.0751046
Agent1/Entropy                2.12575
Agent1/ISRatio                0.9998
Agent1/ClipRate               0.177462
Agent2/ActorLoss              0.140595
Agent2/Entropy                2.1612
Agent2/ISRatio                0.999971
Agent2/ClipRate               0.0694698
Agent3/ActorLoss              0.148622
Agent3/Entropy                2.11095
Agent3/ISRatio                0.999832
Agent3/ClipRate               0.115864
Agent4/ActorLoss              0.133034
Agent4/Entropy                2.18557
Agent4/ISRatio                0.999733
Agent4/ClipRate               0.176731
Agent5/ActorLoss              0.0866015
Agent5/Entropy                2.03462
Agent5/ISRatio                0.999879
Agent5/ClipRate               0.112073
Eps                           0.39238
Episodes                  12800
Timesteps                     5.11864e+06
SamplingTime                211.341
TrainingTime                 32.9767
EpochTime                   266.347
TotalTime                 17059.4
------------------------  ---------------
2026-04-17 14:10:54.065233 UTC | [s1_260417_18:22:08] Episode 13000 | Eval Finished
------------------------  ---------------
Train/ReturnAverage         -39.2
Train/ReturnStd               9.4
Train/ReturnMedian          -40
Train/ReturnMin             -65
Train/ReturnMax             -10
Train/DiscReturnAverage     -18.9607
Train/DiscReturnStd           3.24911
Train/DiscReturnMedian      -18.2963
Train/DiscReturnMin         -29.7861
Train/DiscReturnMax         -10.4905
Train/EpiLenAverage         400
Train/EpiLenStd               0
Train/EpiLenMedian          400
Train/EpiLenMin             400
Train/EpiLenMax             400
Train/NumDeliveryAverage      0
Train/NumDeliveryStd          0
Train/NumDeliveryMedian       0
Train/NumDeliveryMin          0
Train/NumDeliveryMax          0
Train/PickRateAverage         0
Train/PickRateStd             0
Train/PickRateMedian          0
Train/PickRateMin             0
Train/PickRateMax             0
Eval/ReturnAverage          -40
Eval/ReturnStd                0
Eval/ReturnMedian           -40
Eval/ReturnMin              -40
Eval/ReturnMax              -40
Eval/DiscReturnAverage      -17.3068
Eval/DiscReturnStd            0
Eval/DiscReturnMedian       -17.3068
Eval/DiscReturnMin          -17.3068
Eval/DiscReturnMax          -17.3068
Eval/EpiLenAverage          400
Eval/EpiLenStd                0
Eval/EpiLenMedian           400
Eval/EpiLenMin              400
Eval/EpiLenMax              400
Eval/NumDeliveryAverage       0
Eval/NumDeliveryStd           0
Eval/NumDeliveryMedian        0
Eval/NumDeliveryMin           0
Eval/NumDeliveryMax           0
Eval/PickRateAverage          0
Eval/PickRateStd              0
Eval/PickRateMedian           0
Eval/PickRateMin              0
Eval/PickRateMax              0
Agent0/NMacroActions        130.55
Agent1/NMacroActions        115.925
Agent2/NMacroActions        121.72
Agent3/NMacroActions        115.45
Agent4/NMacroActions        104.695
Agent5/NMacroActions        114.31
Joint/Value                   0.588681
Joint/Advantage              -0.000637672
Joint/CriticLoss              0.119972
Joint/VfCoef                  1
Agent0/ActorLoss              0.154846
Agent0/Entropy                1.92786
Agent0/ISRatio                0.999926
Agent0/ClipRate               0.0707401
Agent1/ActorLoss              0.165664
Agent1/Entropy                2.09218
Agent1/ISRatio                0.999776
Agent1/ClipRate               0.165393
Agent2/ActorLoss              0.165621
Agent2/Entropy                2.13125
Agent2/ISRatio                0.999879
Agent2/ClipRate               0.0710724
Agent3/ActorLoss              0.171347
Agent3/Entropy                2.08855
Agent3/ISRatio                0.999876
Agent3/ClipRate               0.11066
Agent4/ActorLoss              0.143994
Agent4/Entropy                2.15665
Agent4/ISRatio                0.999769
Agent4/ClipRate               0.173024
Agent5/ActorLoss              0.148966
Agent5/Entropy                2.00496
Agent5/ISRatio                0.999777
Agent5/ClipRate               0.109443
Eps                           0.38288
Episodes                  13000
Timesteps                     5.19864e+06
SamplingTime                208.306
TrainingTime                 32.0929
EpochTime                   262.153
TotalTime                 17321.6
------------------------  ---------------
2026-04-17 14:15:16.813307 UTC | [s1_260417_18:22:08] Episode 13200 | Eval Finished
------------------------  ---------------
Train/ReturnAverage         -38.65
Train/ReturnStd               9.84518
Train/ReturnMedian          -40
Train/ReturnMin             -70
Train/ReturnMax             -10
Train/DiscReturnAverage     -18.4888
Train/DiscReturnStd           3.09542
Train/DiscReturnMedian      -18.2457
Train/DiscReturnMin         -28.9901
Train/DiscReturnMax          -7.3722
Train/EpiLenAverage         400
Train/EpiLenStd               0
Train/EpiLenMedian          400
Train/EpiLenMin             400
Train/EpiLenMax             400
Train/NumDeliveryAverage      0
Train/NumDeliveryStd          0
Train/NumDeliveryMedian       0
Train/NumDeliveryMin          0
Train/NumDeliveryMax          0
Train/PickRateAverage         0
Train/PickRateStd             0
Train/PickRateMedian          0
Train/PickRateMin             0
Train/PickRateMax             0
Eval/ReturnAverage          -40
Eval/ReturnStd                0
Eval/ReturnMedian           -40
Eval/ReturnMin              -40
Eval/ReturnMax              -40
Eval/DiscReturnAverage      -17.3068
Eval/DiscReturnStd            0
Eval/DiscReturnMedian       -17.3068
Eval/DiscReturnMin          -17.3068
Eval/DiscReturnMax          -17.3068
Eval/EpiLenAverage          400
Eval/EpiLenStd                0
Eval/EpiLenMedian           400
Eval/EpiLenMin              400
Eval/EpiLenMax              400
Eval/NumDeliveryAverage       0
Eval/NumDeliveryStd           0
Eval/NumDeliveryMedian        0
Eval/NumDeliveryMin           0
Eval/NumDeliveryMax           0
Eval/PickRateAverage          0
Eval/PickRateStd              0
Eval/PickRateMedian           0
Eval/PickRateMin              0
Eval/PickRateMax              0
Agent0/NMacroActions        133.56
Agent1/NMacroActions        112.55
Agent2/NMacroActions        122.6
Agent3/NMacroActions        114.315
Agent4/NMacroActions        100.855
Agent5/NMacroActions        115.91
Joint/Value                   0.606676
Joint/Advantage               0.0026005
Joint/CriticLoss              0.107933
Joint/VfCoef                  1
Agent0/ActorLoss              0.145144
Agent0/Entropy                1.90673
Agent0/ISRatio                0.999837
Agent0/ClipRate               0.071337
Agent1/ActorLoss              0.119793
Agent1/Entropy                2.07122
Agent1/ISRatio                0.999808
Agent1/ClipRate               0.16572
Agent2/ActorLoss              0.16909
Agent2/Entropy                2.11545
Agent2/ISRatio                0.999931
Agent2/ClipRate               0.0955454
Agent3/ActorLoss              0.225895
Agent3/Entropy                2.05866
Agent3/ISRatio                0.999891
Agent3/ClipRate               0.112435
Agent4/ActorLoss              0.172808
Agent4/Entropy                2.15903
Agent4/ISRatio                0.999606
Agent4/ClipRate               0.187479
Agent5/ActorLoss              0.181855
Agent5/Entropy                1.97664
Agent5/ISRatio                0.999812
Agent5/ClipRate               0.0944717
Eps                           0.37338
Episodes                  13200
Timesteps                     5.27864e+06
SamplingTime                207.84
TrainingTime                 33.0331
EpochTime                   262.707
TotalTime                 17584.3
------------------------  ---------------
2026-04-17 14:19:40.658743 UTC | [s1_260417_18:22:08] Episode 13400 | Eval Finished
------------------------  ---------------
Train/ReturnAverage         -37.275
Train/ReturnStd              11.476
Train/ReturnMedian          -40
Train/ReturnMin             -70
Train/ReturnMax              -5
Train/DiscReturnAverage     -18.2145
Train/DiscReturnStd           3.71823
Train/DiscReturnMedian      -18.035
Train/DiscReturnMin         -29.9365
Train/DiscReturnMax          -7.64056
Train/EpiLenAverage         400
Train/EpiLenStd               0
Train/EpiLenMedian          400
Train/EpiLenMin             400
Train/EpiLenMax             400
Train/NumDeliveryAverage      0
Train/NumDeliveryStd          0
Train/NumDeliveryMedian       0
Train/NumDeliveryMin          0
Train/NumDeliveryMax          0
Train/PickRateAverage         0
Train/PickRateStd             0
Train/PickRateMedian          0
Train/PickRateMin             0
Train/PickRateMax             0
Eval/ReturnAverage          -40
Eval/ReturnStd                0
Eval/ReturnMedian           -40
Eval/ReturnMin              -40
Eval/ReturnMax              -40
Eval/DiscReturnAverage      -17.3068
Eval/DiscReturnStd            0
Eval/DiscReturnMedian       -17.3068
Eval/DiscReturnMin          -17.3068
Eval/DiscReturnMax          -17.3068
Eval/EpiLenAverage          400
Eval/EpiLenStd                0
Eval/EpiLenMedian           400
Eval/EpiLenMin              400
Eval/EpiLenMax              400
Eval/NumDeliveryAverage       0
Eval/NumDeliveryStd           0
Eval/NumDeliveryMedian        0
Eval/NumDeliveryMin           0
Eval/NumDeliveryMax           0
Eval/PickRateAverage          0
Eval/PickRateStd              0
Eval/PickRateMedian           0
Eval/PickRateMin              0
Eval/PickRateMax              0
Agent0/NMacroActions        131.705
Agent1/NMacroActions        115.595
Agent2/NMacroActions        118.9
Agent3/NMacroActions        113.165
Agent4/NMacroActions        103.265
Agent5/NMacroActions        116.48
Joint/Value                   0.834573
Joint/Advantage               0.0039809
Joint/CriticLoss              0.119841
Joint/VfCoef                  1
Agent0/ActorLoss              0.189861
Agent0/Entropy                1.88636
Agent0/ISRatio                0.999862
Agent0/ClipRate               0.0786465
Agent1/ActorLoss              0.183513
Agent1/Entropy                2.04862
Agent1/ISRatio                0.999753
Agent1/ClipRate               0.172806
Agent2/ActorLoss              0.198291
Agent2/Entropy                2.10891
Agent2/ISRatio                0.999897
Agent2/ClipRate               0.084708
Agent3/ActorLoss              0.268906
Agent3/Entropy                2.0465
Agent3/ISRatio                0.999785
Agent3/ClipRate               0.127101
Agent4/ActorLoss              0.204322
Agent4/Entropy                2.14121
Agent4/ISRatio                0.999607
Agent4/ClipRate               0.196826
Agent5/ActorLoss              0.256632
Agent5/Entropy                1.95236
Agent5/ISRatio                0.999747
Agent5/ClipRate               0.116228
Eps                           0.36388
Episodes                  13400
Timesteps                     5.35864e+06
SamplingTime                209.273
TrainingTime                 32.6779
EpochTime                   263.805
TotalTime                 17848.1
------------------------  ---------------
2026-04-17 14:24:04.198858 UTC | [s1_260417_18:22:08] Episode 13600 | Eval Finished
------------------------  ---------------
Train/ReturnAverage         -38.45
Train/ReturnStd              10.7516
Train/ReturnMedian          -40
Train/ReturnMin             -70
Train/ReturnMax             -10
Train/DiscReturnAverage     -18.6215
Train/DiscReturnStd           3.62379
Train/DiscReturnMedian      -18.1965
Train/DiscReturnMin         -32.8379
Train/DiscReturnMax          -9.00341
Train/EpiLenAverage         400
Train/EpiLenStd               0
Train/EpiLenMedian          400
Train/EpiLenMin             400
Train/EpiLenMax             400
Train/NumDeliveryAverage      0
Train/NumDeliveryStd          0
Train/NumDeliveryMedian       0
Train/NumDeliveryMin          0
Train/NumDeliveryMax          0
Train/PickRateAverage         0
Train/PickRateStd             0
Train/PickRateMedian          0
Train/PickRateMin             0
Train/PickRateMax             0
Eval/ReturnAverage          -40
Eval/ReturnStd                0
Eval/ReturnMedian           -40
Eval/ReturnMin              -40
Eval/ReturnMax              -40
Eval/DiscReturnAverage      -17.3068
Eval/DiscReturnStd            0
Eval/DiscReturnMedian       -17.3068
Eval/DiscReturnMin          -17.3068
Eval/DiscReturnMax          -17.3068
Eval/EpiLenAverage          400
Eval/EpiLenStd                0
Eval/EpiLenMedian           400
Eval/EpiLenMin              400
Eval/EpiLenMax              400
Eval/NumDeliveryAverage       0
Eval/NumDeliveryStd           0
Eval/NumDeliveryMedian        0
Eval/NumDeliveryMin           0
Eval/NumDeliveryMax           0
Eval/PickRateAverage          0
Eval/PickRateStd              0
Eval/PickRateMedian           0
Eval/PickRateMin              0
Eval/PickRateMax              0
Agent0/NMacroActions        134.595
Agent1/NMacroActions        115.1
Agent2/NMacroActions        117.81
Agent3/NMacroActions        111.27
Agent4/NMacroActions        103.69
Agent5/NMacroActions        116.785
Joint/Value                   0.6999
Joint/Advantage              -0.00156632
Joint/CriticLoss              0.123391
Joint/VfCoef                  1
Agent0/ActorLoss              0.195935
Agent0/Entropy                1.85565
Agent0/ISRatio                0.999832
Agent0/ClipRate               0.0820965
Agent1/ActorLoss              0.211878
Agent1/Entropy                2.02964
Agent1/ISRatio                0.999841
Agent1/ClipRate               0.154315
Agent2/ActorLoss              0.207617
Agent2/Entropy                2.11066
Agent2/ISRatio                0.999917
Agent2/ClipRate               0.0887161
Agent3/ActorLoss              0.25366
Agent3/Entropy                2.0443
Agent3/ISRatio                0.999845
Agent3/ClipRate               0.14049
Agent4/ActorLoss              0.259712
Agent4/Entropy                2.14551
Agent4/ISRatio                0.999463
Agent4/ClipRate               0.207068
Agent5/ActorLoss              0.197701
Agent5/Entropy                1.94661
Agent5/ISRatio                0.999666
Agent5/ClipRate               0.107683
Eps                           0.35438
Episodes                  13600
Timesteps                     5.43864e+06
SamplingTime                208.589
TrainingTime                 33.3244
EpochTime                   263.485
TotalTime                 18111.6
------------------------  ---------------
2026-04-17 14:28:27.985401 UTC | [s1_260417_18:22:08] Episode 13800 | Eval Finished
------------------------  ---------------
Train/ReturnAverage         -38.85
Train/ReturnStd              10.4608
Train/ReturnMedian          -40
Train/ReturnMin             -65
Train/ReturnMax              10
Train/DiscReturnAverage     -18.5367
Train/DiscReturnStd           3.39446
Train/DiscReturnMedian      -18.3001
Train/DiscReturnMin         -31.1702
Train/DiscReturnMax          -2.65808
Train/EpiLenAverage         400
Train/EpiLenStd               0
Train/EpiLenMedian          400
Train/EpiLenMin             400
Train/EpiLenMax             400
Train/NumDeliveryAverage      0
Train/NumDeliveryStd          0
Train/NumDeliveryMedian       0
Train/NumDeliveryMin          0
Train/NumDeliveryMax          0
Train/PickRateAverage         0
Train/PickRateStd             0
Train/PickRateMedian          0
Train/PickRateMin             0
Train/PickRateMax             0
Eval/ReturnAverage          -40
Eval/ReturnStd                0
Eval/ReturnMedian           -40
Eval/ReturnMin              -40
Eval/ReturnMax              -40
Eval/DiscReturnAverage      -17.3068
Eval/DiscReturnStd            0
Eval/DiscReturnMedian       -17.3068
Eval/DiscReturnMin          -17.3068
Eval/DiscReturnMax          -17.3068
Eval/EpiLenAverage          400
Eval/EpiLenStd                0
Eval/EpiLenMedian           400
Eval/EpiLenMin              400
Eval/EpiLenMax              400
Eval/NumDeliveryAverage       0
Eval/NumDeliveryStd           0
Eval/NumDeliveryMedian        0
Eval/NumDeliveryMin           0
Eval/NumDeliveryMax           0
Eval/PickRateAverage          0
Eval/PickRateStd              0
Eval/PickRateMedian           0
Eval/PickRateMin              0
Eval/PickRateMax              0
Agent0/NMacroActions        134.305
Agent1/NMacroActions        116.135
Agent2/NMacroActions        116.965
Agent3/NMacroActions        114.82
Agent4/NMacroActions        101.13
Agent5/NMacroActions        114.94
Joint/Value                   0.557644
Joint/Advantage              -0.00157326
Joint/CriticLoss              0.109617
Joint/VfCoef                  1
Agent0/ActorLoss              0.12998
Agent0/Entropy                1.83186
Agent0/ISRatio                0.999916
Agent0/ClipRate               0.0729016
Agent1/ActorLoss              0.165984
Agent1/Entropy                2.01007
Agent1/ISRatio                0.999772
Agent1/ClipRate               0.163078
Agent2/ActorLoss              0.175881
Agent2/Entropy                2.09571
Agent2/ISRatio                0.999902
Agent2/ClipRate               0.07744
Agent3/ActorLoss              0.184983
Agent3/Entropy                2.02103
Agent3/ISRatio                0.999805
Agent3/ClipRate               0.120558
Agent4/ActorLoss              0.147525
Agent4/Entropy                2.12071
Agent4/ISRatio                0.999711
Agent4/ClipRate               0.19636
Agent5/ActorLoss              0.167276
Agent5/Entropy                1.93492
Agent5/ISRatio                0.999808
Agent5/ClipRate               0.122045
Eps                           0.34488
Episodes                  13800
Timesteps                     5.51864e+06
SamplingTime                209.251
TrainingTime                 32.083
EpochTime                   263.744
TotalTime                 18375.3
------------------------  ---------------
2026-04-17 14:32:50.906666 UTC | [s1_260417_18:22:08] Episode 14000 | Eval Finished
------------------------  ---------------
Train/ReturnAverage         -38.45
Train/ReturnStd               8.86552
Train/ReturnMedian          -40
Train/ReturnMin             -60
Train/ReturnMax             -15
Train/DiscReturnAverage     -18.3391
Train/DiscReturnStd           2.71924
Train/DiscReturnMedian      -18.04
Train/DiscReturnMin         -27.8479
Train/DiscReturnMax         -10.0055
Train/EpiLenAverage         400
Train/EpiLenStd               0
Train/EpiLenMedian          400
Train/EpiLenMin             400
Train/EpiLenMax             400
Train/NumDeliveryAverage      0
Train/NumDeliveryStd          0
Train/NumDeliveryMedian       0
Train/NumDeliveryMin          0
Train/NumDeliveryMax          0
Train/PickRateAverage         0
Train/PickRateStd             0
Train/PickRateMedian          0
Train/PickRateMin             0
Train/PickRateMax             0
Eval/ReturnAverage          -40
Eval/ReturnStd                0
Eval/ReturnMedian           -40
Eval/ReturnMin              -40
Eval/ReturnMax              -40
Eval/DiscReturnAverage      -17.3068
Eval/DiscReturnStd            0
Eval/DiscReturnMedian       -17.3068
Eval/DiscReturnMin          -17.3068
Eval/DiscReturnMax          -17.3068
Eval/EpiLenAverage          400
Eval/EpiLenStd                0
Eval/EpiLenMedian           400
Eval/EpiLenMin              400
Eval/EpiLenMax              400
Eval/NumDeliveryAverage       0
Eval/NumDeliveryStd           0
Eval/NumDeliveryMedian        0
Eval/NumDeliveryMin           0
Eval/NumDeliveryMax           0
Eval/PickRateAverage          0
Eval/PickRateStd              0
Eval/PickRateMedian           0
Eval/PickRateMin              0
Eval/PickRateMax              0
Agent0/NMacroActions        132.395
Agent1/NMacroActions        116.95
Agent2/NMacroActions        120.215
Agent3/NMacroActions        114.58
Agent4/NMacroActions        103.115
Agent5/NMacroActions        114.605
Joint/Value                   0.574943
Joint/Advantage              -0.00134572
Joint/CriticLoss              0.0987986
Joint/VfCoef                  1
Agent0/ActorLoss              0.17639
Agent0/Entropy                1.81477
Agent0/ISRatio                0.999804
Agent0/ClipRate               0.0759165
Agent1/ActorLoss              0.146165
Agent1/Entropy                1.99978
Agent1/ISRatio                0.999676
Agent1/ClipRate               0.16589
Agent2/ActorLoss              0.146338
Agent2/Entropy                2.06829
Agent2/ISRatio                0.999971
Agent2/ClipRate               0.0790561
Agent3/ActorLoss              0.149234
Agent3/Entropy                1.99474
Agent3/ISRatio                0.999907
Agent3/ClipRate               0.127606
Agent4/ActorLoss              0.159739
Agent4/Entropy                2.10338
Agent4/ISRatio                0.999675
Agent4/ClipRate               0.19886
Agent5/ActorLoss              0.191987
Agent5/Entropy                1.91748
Agent5/ISRatio                0.99984
Agent5/ClipRate               0.121159
Eps                           0.33538
Episodes                  14000
Timesteps                     5.59864e+06
SamplingTime                208.121
TrainingTime                 32.4138
EpochTime                   262.86
TotalTime                 18638.2
------------------------  ---------------
2026-04-17 14:37:16.159164 UTC | [s1_260417_18:22:08] Episode 14200 | Eval Finished
------------------------  ---------------
Train/ReturnAverage         -37.95
Train/ReturnStd               9.672
Train/ReturnMedian          -40
Train/ReturnMin             -65
Train/ReturnMax              20
Train/DiscReturnAverage     -17.9957
Train/DiscReturnStd           3.0752
Train/DiscReturnMedian      -17.3187
Train/DiscReturnMin         -29.458
Train/DiscReturnMax          -5.03813
Train/EpiLenAverage         400
Train/EpiLenStd               0
Train/EpiLenMedian          400
Train/EpiLenMin             400
Train/EpiLenMax             400
Train/NumDeliveryAverage      0
Train/NumDeliveryStd          0
Train/NumDeliveryMedian       0
Train/NumDeliveryMin          0
Train/NumDeliveryMax          0
Train/PickRateAverage         0
Train/PickRateStd             0
Train/PickRateMedian          0
Train/PickRateMin             0
Train/PickRateMax             0
Eval/ReturnAverage          -40
Eval/ReturnStd                0
Eval/ReturnMedian           -40
Eval/ReturnMin              -40
Eval/ReturnMax              -40
Eval/DiscReturnAverage      -17.3068
Eval/DiscReturnStd            0
Eval/DiscReturnMedian       -17.3068
Eval/DiscReturnMin          -17.3068
Eval/DiscReturnMax          -17.3068
Eval/EpiLenAverage          400
Eval/EpiLenStd                0
Eval/EpiLenMedian           400
Eval/EpiLenMin              400
Eval/EpiLenMax              400
Eval/NumDeliveryAverage       0
Eval/NumDeliveryStd           0
Eval/NumDeliveryMedian        0
Eval/NumDeliveryMin           0
Eval/NumDeliveryMax           0
Eval/PickRateAverage          0
Eval/PickRateStd              0
Eval/PickRateMedian           0
Eval/PickRateMin              0
Eval/PickRateMax              0
Agent0/NMacroActions        134.455
Agent1/NMacroActions        116.97
Agent2/NMacroActions        118.41
Agent3/NMacroActions        113.71
Agent4/NMacroActions        105.475
Agent5/NMacroActions        116.59
Joint/Value                   0.547669
Joint/Advantage               0.00192438
Joint/CriticLoss              0.0964703
Joint/VfCoef                  1
Agent0/ActorLoss              0.074466
Agent0/Entropy                1.79183
Agent0/ISRatio                0.99998
Agent0/ClipRate               0.0783081
Agent1/ActorLoss              0.12418
Agent1/Entropy                1.96751
Agent1/ISRatio                0.999811
Agent1/ClipRate               0.167279
Agent2/ActorLoss              0.128134
Agent2/Entropy                2.05226
Agent2/ISRatio                0.999926
Agent2/ClipRate               0.0878654
Agent3/ActorLoss              0.102212
Agent3/Entropy                1.95608
Agent3/ISRatio                0.999938
Agent3/ClipRate               0.121191
Agent4/ActorLoss              0.122255
Agent4/Entropy                2.07333
Agent4/ISRatio                0.999664
Agent4/ClipRate               0.180386
Agent5/ActorLoss              0.114931
Agent5/Entropy                1.89402
Agent5/ISRatio                0.999885
Agent5/ClipRate               0.133521
Eps                           0.32588
Episodes                  14200
Timesteps                     5.67864e+06
SamplingTime                210.41
TrainingTime                 32.8293
EpochTime                   265.211
TotalTime                 18903.4
------------------------  ---------------
2026-04-17 14:41:39.574730 UTC | [s1_260417_18:22:08] Episode 14400 | Eval Finished
------------------------  ---------------
Train/ReturnAverage         -38.375
Train/ReturnStd               8.58687
Train/ReturnMedian          -40
Train/ReturnMin             -65
Train/ReturnMax             -10
Train/DiscReturnAverage     -18.2708
Train/DiscReturnStd           2.73534
Train/DiscReturnMedian      -17.9509
Train/DiscReturnMin         -26.9054
Train/DiscReturnMax         -11.0947
Train/EpiLenAverage         400
Train/EpiLenStd               0
Train/EpiLenMedian          400
Train/EpiLenMin             400
Train/EpiLenMax             400
Train/NumDeliveryAverage      0
Train/NumDeliveryStd          0
Train/NumDeliveryMedian       0
Train/NumDeliveryMin          0
Train/NumDeliveryMax          0
Train/PickRateAverage         0
Train/PickRateStd             0
Train/PickRateMedian          0
Train/PickRateMin             0
Train/PickRateMax             0
Eval/ReturnAverage          -40
Eval/ReturnStd                0
Eval/ReturnMedian           -40
Eval/ReturnMin              -40
Eval/ReturnMax              -40
Eval/DiscReturnAverage      -17.3068
Eval/DiscReturnStd            0
Eval/DiscReturnMedian       -17.3068
Eval/DiscReturnMin          -17.3068
Eval/DiscReturnMax          -17.3068
Eval/EpiLenAverage          400
Eval/EpiLenStd                0
Eval/EpiLenMedian           400
Eval/EpiLenMin              400
Eval/EpiLenMax              400
Eval/NumDeliveryAverage       0
Eval/NumDeliveryStd           0
Eval/NumDeliveryMedian        0
Eval/NumDeliveryMin           0
Eval/NumDeliveryMax           0
Eval/PickRateAverage          0
Eval/PickRateStd              0
Eval/PickRateMedian           0
Eval/PickRateMin              0
Eval/PickRateMax              0
Agent0/NMacroActions        136.135
Agent1/NMacroActions        119.84
Agent2/NMacroActions        117
Agent3/NMacroActions        116.29
Agent4/NMacroActions        103.065
Agent5/NMacroActions        117.69
Joint/Value                   0.510524
Joint/Advantage              -0.000609771
Joint/CriticLoss              0.0962725
Joint/VfCoef                  1
Agent0/ActorLoss              0.0773142
Agent0/Entropy                1.74929
Agent0/ISRatio                0.999905
Agent0/ClipRate               0.0745858
Agent1/ActorLoss              0.148141
Agent1/Entropy                1.94376
Agent1/ISRatio                0.999816
Agent1/ClipRate               0.160934
Agent2/ActorLoss              0.0979006
Agent2/Entropy                2.02683
Agent2/ISRatio                0.999976
Agent2/ClipRate               0.10351
Agent3/ActorLoss              0.105069
Agent3/Entropy                1.9254
Agent3/ISRatio                0.999788
Agent3/ClipRate               0.136206
Agent4/ActorLoss              0.151298
Agent4/Entropy                2.04396
Agent4/ISRatio                0.999603
Agent4/ClipRate               0.199797
Agent5/ActorLoss              0.123621
Agent5/Entropy                1.87588
Agent5/ISRatio                0.999841
Agent5/ClipRate               0.157077
Eps                           0.31638
Episodes                  14400
Timesteps                     5.75864e+06
SamplingTime                207.919
TrainingTime                 33.0194
EpochTime                   263.376
TotalTime                 19166.7
------------------------  ---------------
2026-04-17 14:46:06.298976 UTC | [s1_260417_18:22:08] Episode 14600 | Eval Finished
------------------------  ---------------
Train/ReturnAverage         -38.5
Train/ReturnStd               8.93029
Train/ReturnMedian          -40
Train/ReturnMin             -55
Train/ReturnMax              -5
Train/DiscReturnAverage     -18.4093
Train/DiscReturnStd           2.86792
Train/DiscReturnMedian      -18.1237
Train/DiscReturnMin         -27.2992
Train/DiscReturnMax          -9.24409
Train/EpiLenAverage         400
Train/EpiLenStd               0
Train/EpiLenMedian          400
Train/EpiLenMin             400
Train/EpiLenMax             400
Train/NumDeliveryAverage      0
Train/NumDeliveryStd          0
Train/NumDeliveryMedian       0
Train/NumDeliveryMin          0
Train/NumDeliveryMax          0
Train/PickRateAverage         0
Train/PickRateStd             0
Train/PickRateMedian          0
Train/PickRateMin             0
Train/PickRateMax             0
Eval/ReturnAverage          -40
Eval/ReturnStd                0
Eval/ReturnMedian           -40
Eval/ReturnMin              -40
Eval/ReturnMax              -40
Eval/DiscReturnAverage      -17.3068
Eval/DiscReturnStd            0
Eval/DiscReturnMedian       -17.3068
Eval/DiscReturnMin          -17.3068
Eval/DiscReturnMax          -17.3068
Eval/EpiLenAverage          400
Eval/EpiLenStd                0
Eval/EpiLenMedian           400
Eval/EpiLenMin              400
Eval/EpiLenMax              400
Eval/NumDeliveryAverage       0
Eval/NumDeliveryStd           0
Eval/NumDeliveryMedian        0
Eval/NumDeliveryMin           0
Eval/NumDeliveryMax           0
Eval/PickRateAverage          0
Eval/PickRateStd              0
Eval/PickRateMedian           0
Eval/PickRateMin              0
Eval/PickRateMax              0
Agent0/NMacroActions        140.325
Agent1/NMacroActions        119.205
Agent2/NMacroActions        116.905
Agent3/NMacroActions        112.255
Agent4/NMacroActions        102.93
Agent5/NMacroActions        110.93
Joint/Value                   0.47324
Joint/Advantage              -0.00124122
Joint/CriticLoss              0.0987745
Joint/VfCoef                  1
Agent0/ActorLoss              0.103483
Agent0/Entropy                1.71
Agent0/ISRatio                0.999865
Agent0/ClipRate               0.0904496
Agent1/ActorLoss              0.0792901
Agent1/Entropy                1.90887
Agent1/ISRatio                0.999871
Agent1/ClipRate               0.159888
Agent2/ActorLoss              0.117685
Agent2/Entropy                1.99736
Agent2/ISRatio                0.999981
Agent2/ClipRate               0.0995999
Agent3/ActorLoss              0.114823
Agent3/Entropy                1.90322
Agent3/ISRatio                0.999811
Agent3/ClipRate               0.14247
Agent4/ActorLoss              0.0808291
Agent4/Entropy                2.02791
Agent4/ISRatio                0.999801
Agent4/ClipRate               0.217012
Agent5/ActorLoss              0.133798
Agent5/Entropy                1.86194
Agent5/ISRatio                0.99974
Agent5/ClipRate               0.146653
Eps                           0.30688
Episodes                  14600
Timesteps                     5.83864e+06
SamplingTime                211.135
TrainingTime                 33.31
EpochTime                   266.683
TotalTime                 19433.4
------------------------  ---------------
2026-04-17 14:50:30.983912 UTC | [s1_260417_18:22:08] Episode 14800 | Eval Finished
------------------------  ---------------
Train/ReturnAverage         -37.875
Train/ReturnStd               9.07521
Train/ReturnMedian          -40
Train/ReturnMin             -65
Train/ReturnMax             -10
Train/DiscReturnAverage     -18.0489
Train/DiscReturnStd           2.8108
Train/DiscReturnMedian      -17.3068
Train/DiscReturnMin         -27.3035
Train/DiscReturnMax          -9.66061
Train/EpiLenAverage         400
Train/EpiLenStd               0
Train/EpiLenMedian          400
Train/EpiLenMin             400
Train/EpiLenMax             400
Train/NumDeliveryAverage      0
Train/NumDeliveryStd          0
Train/NumDeliveryMedian       0
Train/NumDeliveryMin          0
Train/NumDeliveryMax          0
Train/PickRateAverage         0
Train/PickRateStd             0
Train/PickRateMedian          0
Train/PickRateMin             0
Train/PickRateMax             0
Eval/ReturnAverage          -40
Eval/ReturnStd                0
Eval/ReturnMedian           -40
Eval/ReturnMin              -40
Eval/ReturnMax              -40
Eval/DiscReturnAverage      -17.3068
Eval/DiscReturnStd            0
Eval/DiscReturnMedian       -17.3068
Eval/DiscReturnMin          -17.3068
Eval/DiscReturnMax          -17.3068
Eval/EpiLenAverage          400
Eval/EpiLenStd                0
Eval/EpiLenMedian           400
Eval/EpiLenMin              400
Eval/EpiLenMax              400
Eval/NumDeliveryAverage       0
Eval/NumDeliveryStd           0
Eval/NumDeliveryMedian        0
Eval/NumDeliveryMin           0
Eval/NumDeliveryMax           0
Eval/PickRateAverage          0
Eval/PickRateStd              0
Eval/PickRateMedian           0
Eval/PickRateMin              0
Eval/PickRateMax              0
Agent0/NMacroActions        134.66
Agent1/NMacroActions        123.33
Agent2/NMacroActions        121.51
Agent3/NMacroActions        113.67
Agent4/NMacroActions        106.04
Agent5/NMacroActions        106.15
Joint/Value                   0.418323
Joint/Advantage              -0.00057094
Joint/CriticLoss              0.09946
Joint/VfCoef                  1
Agent0/ActorLoss              0.0386324
Agent0/Entropy                1.67621
Agent0/ISRatio                0.999898
Agent0/ClipRate               0.0780849
Agent1/ActorLoss              0.0155426
Agent1/Entropy                1.87504
Agent1/ISRatio                0.999902
Agent1/ClipRate               0.164966
Agent2/ActorLoss              0.0342925
Agent2/Entropy                1.95495
Agent2/ISRatio                1
Agent2/ClipRate               0.099094
Agent3/ActorLoss              0.0364452
Agent3/Entropy                1.87035
Agent3/ISRatio                0.999955
Agent3/ClipRate               0.145657
Agent4/ActorLoss              0.0851536
Agent4/Entropy                2.00864
Agent4/ISRatio                0.999888
Agent4/ClipRate               0.207805
Agent5/ActorLoss              0.0461668
Agent5/Entropy                1.86067
Agent5/ISRatio                0.999913
Agent5/ClipRate               0.144847
Eps                           0.29738
Episodes                  14800
Timesteps                     5.91864e+06
SamplingTime                210.597
TrainingTime                 31.583
EpochTime                   264.638
TotalTime                 19698.1
------------------------  ---------------
2026-04-17 14:54:56.687332 UTC | [s1_260417_18:22:08] Episode 15000 | Eval Finished
------------------------  ---------------
Train/ReturnAverage         -38.15
Train/ReturnStd               8.99041
Train/ReturnMedian          -40
Train/ReturnMin             -55
Train/ReturnMax              -5
Train/DiscReturnAverage     -17.9542
Train/DiscReturnStd           2.5904
Train/DiscReturnMedian      -17.7567
Train/DiscReturnMin         -26.47
Train/DiscReturnMax          -8.99416
Train/EpiLenAverage         400
Train/EpiLenStd               0
Train/EpiLenMedian          400
Train/EpiLenMin             400
Train/EpiLenMax             400
Train/NumDeliveryAverage      0
Train/NumDeliveryStd          0
Train/NumDeliveryMedian       0
Train/NumDeliveryMin          0
Train/NumDeliveryMax          0
Train/PickRateAverage         0
Train/PickRateStd             0
Train/PickRateMedian          0
Train/PickRateMin             0
Train/PickRateMax             0
Eval/ReturnAverage          -40
Eval/ReturnStd                0
Eval/ReturnMedian           -40
Eval/ReturnMin              -40
Eval/ReturnMax              -40
Eval/DiscReturnAverage      -17.3068
Eval/DiscReturnStd            0
Eval/DiscReturnMedian       -17.3068
Eval/DiscReturnMin          -17.3068
Eval/DiscReturnMax          -17.3068
Eval/EpiLenAverage          400
Eval/EpiLenStd                0
Eval/EpiLenMedian           400
Eval/EpiLenMin              400
Eval/EpiLenMax              400
Eval/NumDeliveryAverage       0
Eval/NumDeliveryStd           0
Eval/NumDeliveryMedian        0
Eval/NumDeliveryMin           0
Eval/NumDeliveryMax           0
Eval/PickRateAverage          0
Eval/PickRateStd              0
Eval/PickRateMedian           0
Eval/PickRateMin              0
Eval/PickRateMax              0
Agent0/NMacroActions        143.375
Agent1/NMacroActions        121.755
Agent2/NMacroActions        120.655
Agent3/NMacroActions        116.8
Agent4/NMacroActions        107.105
Agent5/NMacroActions        106.675
Joint/Value                   0.565444
Joint/Advantage               0.00197296
Joint/CriticLoss              0.0876718
Joint/VfCoef                  1
Agent0/ActorLoss              0.171008
Agent0/Entropy                1.64862
Agent0/ISRatio                0.99988
Agent0/ClipRate               0.0794501
Agent1/ActorLoss              0.11412
Agent1/Entropy                1.83368
Agent1/ISRatio                0.999714
Agent1/ClipRate               0.150089
Agent2/ActorLoss              0.127232
Agent2/Entropy                1.91873
Agent2/ISRatio                0.999945
Agent2/ClipRate               0.0870065
Agent3/ActorLoss              0.147949
Agent3/Entropy                1.83162
Agent3/ISRatio                0.999819
Agent3/ClipRate               0.126024
Agent4/ActorLoss              0.177064
Agent4/Entropy                1.98914
Agent4/ISRatio                0.999649
Agent4/ClipRate               0.208238
Agent5/ActorLoss              0.149159
Agent5/Entropy                1.84438
Agent5/ISRatio                0.999809
Agent5/ClipRate               0.144461
Eps                           0.28788
Episodes                  15000
Timesteps                     5.99864e+06
SamplingTime                210.384
TrainingTime                 33.2573
EpochTime                   265.662
TotalTime                 19963.7
------------------------  ---------------
2026-04-17 14:59:20.984363 UTC | [s1_260417_18:22:08] Episode 15200 | Eval Finished
------------------------  ---------------
Train/ReturnAverage         -39.475
Train/ReturnStd               7.81661
Train/ReturnMedian          -40
Train/ReturnMin             -60
Train/ReturnMax             -15
Train/DiscReturnAverage     -18.3332
Train/DiscReturnStd           2.64108
Train/DiscReturnMedian      -17.4723
Train/DiscReturnMin         -28.4368
Train/DiscReturnMax         -10.6561
Train/EpiLenAverage         400
Train/EpiLenStd               0
Train/EpiLenMedian          400
Train/EpiLenMin             400
Train/EpiLenMax             400
Train/NumDeliveryAverage      0
Train/NumDeliveryStd          0
Train/NumDeliveryMedian       0
Train/NumDeliveryMin          0
Train/NumDeliveryMax          0
Train/PickRateAverage         0
Train/PickRateStd             0
Train/PickRateMedian          0
Train/PickRateMin             0
Train/PickRateMax             0
Eval/ReturnAverage          -40
Eval/ReturnStd                0
Eval/ReturnMedian           -40
Eval/ReturnMin              -40
Eval/ReturnMax              -40
Eval/DiscReturnAverage      -17.3068
Eval/DiscReturnStd            0
Eval/DiscReturnMedian       -17.3068
Eval/DiscReturnMin          -17.3068
Eval/DiscReturnMax          -17.3068
Eval/EpiLenAverage          400
Eval/EpiLenStd                0
Eval/EpiLenMedian           400
Eval/EpiLenMin              400
Eval/EpiLenMax              400
Eval/NumDeliveryAverage       0
Eval/NumDeliveryStd           0
Eval/NumDeliveryMedian        0
Eval/NumDeliveryMin           0
Eval/NumDeliveryMax           0
Eval/PickRateAverage          0
Eval/PickRateStd              0
Eval/PickRateMedian           0
Eval/PickRateMin              0
Eval/PickRateMax              0
Agent0/NMacroActions        143.07
Agent1/NMacroActions        122.95
Agent2/NMacroActions        114.945
Agent3/NMacroActions        113.87
Agent4/NMacroActions        104.765
Agent5/NMacroActions         99.225
Joint/Value                   0.532532
Joint/Advantage              -0.00103646
Joint/CriticLoss              0.0801959
Joint/VfCoef                  1
Agent0/ActorLoss              0.225925
Agent0/Entropy                1.62949
Agent0/ISRatio                0.99986
Agent0/ClipRate               0.0813601
Agent1/ActorLoss              0.258484
Agent1/Entropy                1.8146
Agent1/ISRatio                0.999545
Agent1/ClipRate               0.148519
Agent2/ActorLoss              0.262172
Agent2/Entropy                1.92373
Agent2/ISRatio                0.99985
Agent2/ClipRate               0.111833
Agent3/ActorLoss              0.206547
Agent3/Entropy                1.81451
Agent3/ISRatio                0.999724
Agent3/ClipRate               0.136811
Agent4/ActorLoss              0.26304
Agent4/Entropy                1.97022
Agent4/ISRatio                0.999514
Agent4/ClipRate               0.196007
Agent5/ActorLoss              0.239138
Agent5/Entropy                1.86655
Agent5/ISRatio                0.999526
Agent5/ClipRate               0.163682
Eps                           0.27838
Episodes                  15200
Timesteps                     6.07864e+06
SamplingTime                209.213
TrainingTime                 32.4518
EpochTime                   264.257
TotalTime                 20228
------------------------  ---------------
2026-04-17 15:03:46.825221 UTC | [s1_260417_18:22:08] Episode 15400 | Eval Finished
------------------------  ---------------
Train/ReturnAverage         -38.5
Train/ReturnStd               7.43303
Train/ReturnMedian          -40
Train/ReturnMin             -55
Train/ReturnMax             -10
Train/DiscReturnAverage     -17.9414
Train/DiscReturnStd           2.18064
Train/DiscReturnMedian      -17.3068
Train/DiscReturnMin         -24.8536
Train/DiscReturnMax         -11.3147
Train/EpiLenAverage         400
Train/EpiLenStd               0
Train/EpiLenMedian          400
Train/EpiLenMin             400
Train/EpiLenMax             400
Train/NumDeliveryAverage      0
Train/NumDeliveryStd          0
Train/NumDeliveryMedian       0
Train/NumDeliveryMin          0
Train/NumDeliveryMax          0
Train/PickRateAverage         0
Train/PickRateStd             0
Train/PickRateMedian          0
Train/PickRateMin             0
Train/PickRateMax             0
Eval/ReturnAverage          -40
Eval/ReturnStd                0
Eval/ReturnMedian           -40
Eval/ReturnMin              -40
Eval/ReturnMax              -40
Eval/DiscReturnAverage      -17.3068
Eval/DiscReturnStd            0
Eval/DiscReturnMedian       -17.3068
Eval/DiscReturnMin          -17.3068
Eval/DiscReturnMax          -17.3068
Eval/EpiLenAverage          400
Eval/EpiLenStd                0
Eval/EpiLenMedian           400
Eval/EpiLenMin              400
Eval/EpiLenMax              400
Eval/NumDeliveryAverage       0
Eval/NumDeliveryStd           0
Eval/NumDeliveryMedian        0
Eval/NumDeliveryMin           0
Eval/NumDeliveryMax           0
Eval/PickRateAverage          0
Eval/PickRateStd              0
Eval/PickRateMedian           0
Eval/PickRateMin              0
Eval/PickRateMax              0
Agent0/NMacroActions        143.1
Agent1/NMacroActions        125.55
Agent2/NMacroActions        115.65
Agent3/NMacroActions        110.195
Agent4/NMacroActions        105.015
Agent5/NMacroActions        101.77
Joint/Value                   0.522771
Joint/Advantage               0.000325134
Joint/CriticLoss              0.0838496
Joint/VfCoef                  1
Agent0/ActorLoss              0.139289
Agent0/Entropy                1.59965
Agent0/ISRatio                0.99992
Agent0/ClipRate               0.0873875
Agent1/ActorLoss              0.157509
Agent1/Entropy                1.79205
Agent1/ISRatio                0.999714
Agent1/ClipRate               0.174854
Agent2/ActorLoss              0.153626
Agent2/Entropy                1.90794
Agent2/ISRatio                0.99989
Agent2/ClipRate               0.103798
Agent3/ActorLoss              0.135523
Agent3/Entropy                1.80172
Agent3/ISRatio                0.999809
Agent3/ClipRate               0.147136
Agent4/ActorLoss              0.165027
Agent4/Entropy                1.95783
Agent4/ISRatio                0.999598
Agent4/ClipRate               0.206866
Agent5/ActorLoss              0.163419
Agent5/Entropy                1.855
Agent5/ISRatio                0.999696
Agent5/ClipRate               0.1465
Eps                           0.26888
Episodes                  15400
Timesteps                     6.15864e+06
SamplingTime                210.118
TrainingTime                 32.6849
EpochTime                   265.801
TotalTime                 20493.8
------------------------  ---------------
2026-04-17 15:08:12.865435 UTC | [s1_260417_18:22:08] Episode 15600 | Eval Finished
------------------------  ---------------
Train/ReturnAverage         -39.65
Train/ReturnStd               7.23723
Train/ReturnMedian          -40
Train/ReturnMin             -60
Train/ReturnMax             -15
Train/DiscReturnAverage     -18.3455
Train/DiscReturnStd           2.2909
Train/DiscReturnMedian      -17.41
Train/DiscReturnMin         -26.4912
Train/DiscReturnMax         -12.1056
Train/EpiLenAverage         400
Train/EpiLenStd               0
Train/EpiLenMedian          400
Train/EpiLenMin             400
Train/EpiLenMax             400
Train/NumDeliveryAverage      0
Train/NumDeliveryStd          0
Train/NumDeliveryMedian       0
Train/NumDeliveryMin          0
Train/NumDeliveryMax          0
Train/PickRateAverage         0
Train/PickRateStd             0
Train/PickRateMedian          0
Train/PickRateMin             0
Train/PickRateMax             0
Eval/ReturnAverage          -40
Eval/ReturnStd                0
Eval/ReturnMedian           -40
Eval/ReturnMin              -40
Eval/ReturnMax              -40
Eval/DiscReturnAverage      -17.3068
Eval/DiscReturnStd            0
Eval/DiscReturnMedian       -17.3068
Eval/DiscReturnMin          -17.3068
Eval/DiscReturnMax          -17.3068
Eval/EpiLenAverage          400
Eval/EpiLenStd                0
Eval/EpiLenMedian           400
Eval/EpiLenMin              400
Eval/EpiLenMax              400
Eval/NumDeliveryAverage       0
Eval/NumDeliveryStd           0
Eval/NumDeliveryMedian        0
Eval/NumDeliveryMin           0
Eval/NumDeliveryMax           0
Eval/PickRateAverage          0
Eval/PickRateStd              0
Eval/PickRateMedian           0
Eval/PickRateMin              0
Eval/PickRateMax              0
Agent0/NMacroActions        144.165
Agent1/NMacroActions        126.59
Agent2/NMacroActions        114.03
Agent3/NMacroActions        110.595
Agent4/NMacroActions        107.12
Agent5/NMacroActions         94.86
Joint/Value                   0.414842
Joint/Advantage              -0.000221342
Joint/CriticLoss              0.0757797
Joint/VfCoef                  1
Agent0/ActorLoss              0.180186
Agent0/Entropy                1.57538
Agent0/ISRatio                0.999829
Agent0/ClipRate               0.0982243
Agent1/ActorLoss              0.153634
Agent1/Entropy                1.76927
Agent1/ISRatio                0.999683
Agent1/ClipRate               0.18602
Agent2/ActorLoss              0.165956
Agent2/Entropy                1.88465
Agent2/ISRatio                0.999807
Agent2/ClipRate               0.122944
Agent3/ActorLoss              0.189159
Agent3/Entropy                1.78862
Agent3/ISRatio                0.999698
Agent3/ClipRate               0.147941
Agent4/ActorLoss              0.15845
Agent4/Entropy                1.92945
Agent4/ISRatio                0.999483
Agent4/ClipRate               0.210686
Agent5/ActorLoss              0.21748
Agent5/Entropy                1.88093
Agent5/ISRatio                0.999669
Agent5/ClipRate               0.155498
Eps                           0.25938
Episodes                  15600
Timesteps                     6.23864e+06
SamplingTime                209.75
TrainingTime                 33.8371
EpochTime                   265.983
TotalTime                 20759.8
------------------------  ---------------
2026-04-17 15:12:38.300257 UTC | [s1_260417_18:22:08] Episode 15800 | Eval Finished
------------------------  ---------------
Train/ReturnAverage         -38.925
Train/ReturnStd               6.92599
Train/ReturnMedian          -40
Train/ReturnMin             -55
Train/ReturnMax             -15
Train/DiscReturnAverage     -17.8726
Train/DiscReturnStd           2.04309
Train/DiscReturnMedian      -17.3068
Train/DiscReturnMin         -25.3307
Train/DiscReturnMax         -10.8867
Train/EpiLenAverage         400
Train/EpiLenStd               0
Train/EpiLenMedian          400
Train/EpiLenMin             400
Train/EpiLenMax             400
Train/NumDeliveryAverage      0
Train/NumDeliveryStd          0
Train/NumDeliveryMedian       0
Train/NumDeliveryMin          0
Train/NumDeliveryMax          0
Train/PickRateAverage         0
Train/PickRateStd             0
Train/PickRateMedian          0
Train/PickRateMin             0
Train/PickRateMax             0
Eval/ReturnAverage          -40
Eval/ReturnStd                0
Eval/ReturnMedian           -40
Eval/ReturnMin              -40
Eval/ReturnMax              -40
Eval/DiscReturnAverage      -17.3068
Eval/DiscReturnStd            0
Eval/DiscReturnMedian       -17.3068
Eval/DiscReturnMin          -17.3068
Eval/DiscReturnMax          -17.3068
Eval/EpiLenAverage          400
Eval/EpiLenStd                0
Eval/EpiLenMedian           400
Eval/EpiLenMin              400
Eval/EpiLenMax              400
Eval/NumDeliveryAverage       0
Eval/NumDeliveryStd           0
Eval/NumDeliveryMedian        0
Eval/NumDeliveryMin           0
Eval/NumDeliveryMax           0
Eval/PickRateAverage          0
Eval/PickRateStd              0
Eval/PickRateMedian           0
Eval/PickRateMin              0
Eval/PickRateMax              0
Agent0/NMacroActions        146.915
Agent1/NMacroActions        130.48
Agent2/NMacroActions        116.435
Agent3/NMacroActions        112.08
Agent4/NMacroActions        106.89
Agent5/NMacroActions         92.675
Joint/Value                   0.342166
Joint/Advantage              -0.00115138
Joint/CriticLoss              0.0723942
Joint/VfCoef                  1
Agent0/ActorLoss              0.121602
Agent0/Entropy                1.54019
Agent0/ISRatio                0.999892
Agent0/ClipRate               0.0915513
Agent1/ActorLoss              0.125655
Agent1/Entropy                1.75547
Agent1/ISRatio                0.99971
Agent1/ClipRate               0.18714
Agent2/ActorLoss              0.150254
Agent2/Entropy                1.87387
Agent2/ISRatio                0.999885
Agent2/ClipRate               0.113241
Agent3/ActorLoss              0.133757
Agent3/Entropy                1.75623
Agent3/ISRatio                0.999805
Agent3/ClipRate               0.153202
Agent4/ActorLoss              0.117192
Agent4/Entropy                1.90933
Agent4/ISRatio                0.999811
Agent4/ClipRate               0.188174
Agent5/ActorLoss              0.0967072
Agent5/Entropy                1.86419
Agent5/ISRatio                0.999791
Agent5/ClipRate               0.16785
Eps                           0.24988
Episodes                  15800
Timesteps                     6.31864e+06
SamplingTime                210.181
TrainingTime                 32.9836
EpochTime                   265.378
TotalTime                 21025.1
------------------------  ---------------
2026-04-17 15:17:00.103778 UTC | [s1_260417_18:22:08] Episode 16000 | Eval Finished
------------------------  ---------------
Train/ReturnAverage         -38.625
Train/ReturnStd               7.8412
Train/ReturnMedian          -40
Train/ReturnMin             -55
Train/ReturnMax              -5.82867e-16
Train/DiscReturnAverage     -17.8617
Train/DiscReturnStd           2.58116
Train/DiscReturnMedian      -17.3068
Train/DiscReturnMin         -26.0007
Train/DiscReturnMax          -4.03602
Train/EpiLenAverage         400
Train/EpiLenStd               0
Train/EpiLenMedian          400
Train/EpiLenMin             400
Train/EpiLenMax             400
Train/NumDeliveryAverage      0
Train/NumDeliveryStd          0
Train/NumDeliveryMedian       0
Train/NumDeliveryMin          0
Train/NumDeliveryMax          0
Train/PickRateAverage         0
Train/PickRateStd             0
Train/PickRateMedian          0
Train/PickRateMin             0
Train/PickRateMax             0
Eval/ReturnAverage          -40
Eval/ReturnStd                0
Eval/ReturnMedian           -40
Eval/ReturnMin              -40
Eval/ReturnMax              -40
Eval/DiscReturnAverage      -17.3068
Eval/DiscReturnStd            0
Eval/DiscReturnMedian       -17.3068
Eval/DiscReturnMin          -17.3068
Eval/DiscReturnMax          -17.3068
Eval/EpiLenAverage          400
Eval/EpiLenStd                0
Eval/EpiLenMedian           400
Eval/EpiLenMin              400
Eval/EpiLenMax              400
Eval/NumDeliveryAverage       0
Eval/NumDeliveryStd           0
Eval/NumDeliveryMedian        0
Eval/NumDeliveryMin           0
Eval/NumDeliveryMax           0
Eval/PickRateAverage          0
Eval/PickRateStd              0
Eval/PickRateMedian           0
Eval/PickRateMin              0
Eval/PickRateMax              0
Agent0/NMacroActions        146.445
Agent1/NMacroActions        128.09
Agent2/NMacroActions        117.725
Agent3/NMacroActions        116.51
Agent4/NMacroActions        108.005
Agent5/NMacroActions         94.715
Joint/Value                   0.245462
Joint/Advantage              -0.00126981
Joint/CriticLoss              0.079688
Joint/VfCoef                  1
Agent0/ActorLoss              0.046799
Agent0/Entropy                1.51822
Agent0/ISRatio                0.999945
Agent0/ClipRate               0.0839904
Agent1/ActorLoss              0.0522254
Agent1/Entropy                1.71251
Agent1/ISRatio                0.999885
Agent1/ClipRate               0.166481
Agent2/ActorLoss              0.020672
Agent2/Entropy                1.8482
Agent2/ISRatio                0.999953
Agent2/ClipRate               0.112342
Agent3/ActorLoss              0.0589216
Agent3/Entropy                1.72322
Agent3/ISRatio                0.999907
Agent3/ClipRate               0.142719
Agent4/ActorLoss              0.0118192
Agent4/Entropy                1.87142
Agent4/ISRatio                0.999934
Agent4/ClipRate               0.218675
Agent5/ActorLoss              0.0352072
Agent5/Entropy                1.8383
Agent5/ISRatio                0.999857
Agent5/ClipRate               0.177039
Eps                           0.24038
Episodes                  16000
Timesteps                     6.39864e+06
SamplingTime                207.709
TrainingTime                 31.6601
EpochTime                   261.75
TotalTime                 21286.9
------------------------  ---------------
2026-04-17 15:21:26.206187 UTC | [s1_260417_18:22:08] Episode 16200 | Eval Finished
------------------------  ---------------
Train/ReturnAverage         -38.95
Train/ReturnStd               6.71919
Train/ReturnMedian          -40
Train/ReturnMin             -55
Train/ReturnMax             -15
Train/DiscReturnAverage     -17.9875
Train/DiscReturnStd           2.1179
Train/DiscReturnMedian      -17.3068
Train/DiscReturnMin         -27.9693
Train/DiscReturnMax          -9.33508
Train/EpiLenAverage         400
Train/EpiLenStd               0
Train/EpiLenMedian          400
Train/EpiLenMin             400
Train/EpiLenMax             400
Train/NumDeliveryAverage      0
Train/NumDeliveryStd          0
Train/NumDeliveryMedian       0
Train/NumDeliveryMin          0
Train/NumDeliveryMax          0
Train/PickRateAverage         0
Train/PickRateStd             0
Train/PickRateMedian          0
Train/PickRateMin             0
Train/PickRateMax             0
Eval/ReturnAverage          -40
Eval/ReturnStd                0
Eval/ReturnMedian           -40
Eval/ReturnMin              -40
Eval/ReturnMax              -40
Eval/DiscReturnAverage      -17.3068
Eval/DiscReturnStd            0
Eval/DiscReturnMedian       -17.3068
Eval/DiscReturnMin          -17.3068
Eval/DiscReturnMax          -17.3068
Eval/EpiLenAverage          400
Eval/EpiLenStd                0
Eval/EpiLenMedian           400
Eval/EpiLenMin              400
Eval/EpiLenMax              400
Eval/NumDeliveryAverage       0
Eval/NumDeliveryStd           0
Eval/NumDeliveryMedian        0
Eval/NumDeliveryMin           0
Eval/NumDeliveryMax           0
Eval/PickRateAverage          0
Eval/PickRateStd              0
Eval/PickRateMedian           0
Eval/PickRateMin              0
Eval/PickRateMax              0
Agent0/NMacroActions        144.59
Agent1/NMacroActions        131.8
Agent2/NMacroActions        114.675
Agent3/NMacroActions        114.505
Agent4/NMacroActions        108.43
Agent5/NMacroActions         90.25
Joint/Value                   0.180582
Joint/Advantage               3.31469e-06
Joint/CriticLoss              0.0722788
Joint/VfCoef                  1
Agent0/ActorLoss              0.0245786
Agent0/Entropy                1.47846
Agent0/ISRatio                0.999948
Agent0/ClipRate               0.0992283
Agent1/ActorLoss              0.0152732
Agent1/Entropy                1.69347
Agent1/ISRatio                0.999907
Agent1/ClipRate               0.180914
Agent2/ActorLoss              0.0159796
Agent2/Entropy                1.79259
Agent2/ISRatio                1.00003
Agent2/ClipRate               0.128553
Agent3/ActorLoss              0.0217104
Agent3/Entropy                1.68759
Agent3/ISRatio                0.999868
Agent3/ClipRate               0.130092
Agent4/ActorLoss              0.0309729
Agent4/Entropy                1.84355
Agent4/ISRatio                0.99981
Agent4/ClipRate               0.192645
Agent5/ActorLoss              0.0117291
Agent5/Entropy                1.80627
Agent5/ISRatio                0.999993
Agent5/ClipRate               0.188146
Eps                           0.23088
Episodes                  16200
Timesteps                     6.47864e+06
SamplingTime                211.523
TrainingTime                 32.3882
EpochTime                   266.048
TotalTime                 21552.9
------------------------  ---------------
2026-04-17 15:25:50.710355 UTC | [s1_260417_18:22:08] Episode 16400 | Eval Finished
------------------------  ---------------
Train/ReturnAverage         -39.75
Train/ReturnStd               6.95971
Train/ReturnMedian          -40
Train/ReturnMin             -60
Train/ReturnMax             -10
Train/DiscReturnAverage     -18.0739
Train/DiscReturnStd           2.20671
Train/DiscReturnMedian      -17.3333
Train/DiscReturnMin         -26.4149
Train/DiscReturnMax         -11.0423
Train/EpiLenAverage         400
Train/EpiLenStd               0
Train/EpiLenMedian          400
Train/EpiLenMin             400
Train/EpiLenMax             400
Train/NumDeliveryAverage      0
Train/NumDeliveryStd          0
Train/NumDeliveryMedian       0
Train/NumDeliveryMin          0
Train/NumDeliveryMax          0
Train/PickRateAverage         0
Train/PickRateStd             0
Train/PickRateMedian          0
Train/PickRateMin             0
Train/PickRateMax             0
Eval/ReturnAverage          -40
Eval/ReturnStd                0
Eval/ReturnMedian           -40
Eval/ReturnMin              -40
Eval/ReturnMax              -40
Eval/DiscReturnAverage      -17.3068
Eval/DiscReturnStd            0
Eval/DiscReturnMedian       -17.3068
Eval/DiscReturnMin          -17.3068
Eval/DiscReturnMax          -17.3068
Eval/EpiLenAverage          400
Eval/EpiLenStd                0
Eval/EpiLenMedian           400
Eval/EpiLenMin              400
Eval/EpiLenMax              400
Eval/NumDeliveryAverage       0
Eval/NumDeliveryStd           0
Eval/NumDeliveryMedian        0
Eval/NumDeliveryMin           0
Eval/NumDeliveryMax           0
Eval/PickRateAverage          0
Eval/PickRateStd              0
Eval/PickRateMedian           0
Eval/PickRateMin              0
Eval/PickRateMax              0
Agent0/NMacroActions        141.91
Agent1/NMacroActions        131.995
Agent2/NMacroActions        123.125
Agent3/NMacroActions        116.065
Agent4/NMacroActions        109.115
Agent5/NMacroActions         95.715
Joint/Value                   0.16147
Joint/Advantage              -8.60111e-05
Joint/CriticLoss              0.0685851
Joint/VfCoef                  1
Agent0/ActorLoss              0.0523494
Agent0/Entropy                1.44506
Agent0/ISRatio                0.999936
Agent0/ClipRate               0.0845646
Agent1/ActorLoss              0.0482223
Agent1/Entropy                1.65733
Agent1/ISRatio                0.999946
Agent1/ClipRate               0.180829
Agent2/ActorLoss              0.0490865
Agent2/Entropy                1.74089
Agent2/ISRatio                0.999916
Agent2/ClipRate               0.11586
Agent3/ActorLoss              0.0381122
Agent3/Entropy                1.63519
Agent3/ISRatio                0.999925
Agent3/ClipRate               0.133581
Agent4/ActorLoss              0.0359167
Agent4/Entropy                1.80362
Agent4/ISRatio                0.999863
Agent4/ClipRate               0.206574
Agent5/ActorLoss              0.0395306
Agent5/Entropy                1.76808
Agent5/ISRatio                0.999947
Agent5/ClipRate               0.181268
Eps                           0.22138
Episodes                  16400
Timesteps                     6.55864e+06
SamplingTime                208.427
TrainingTime                 33.2862
EpochTime                   264.465
TotalTime                 21817.4
------------------------  ---------------
2026-04-17 15:30:15.053409 UTC | [s1_260417_18:22:08] Episode 16600 | Eval Finished
------------------------  ---------------
Train/ReturnAverage         -38.95
Train/ReturnStd               6.8664
Train/ReturnMedian          -40
Train/ReturnMin             -55
Train/ReturnMax             -15
Train/DiscReturnAverage     -17.8436
Train/DiscReturnStd           2.12186
Train/DiscReturnMedian      -17.3068
Train/DiscReturnMin         -24.7097
Train/DiscReturnMax         -11.1784
Train/EpiLenAverage         400
Train/EpiLenStd               0
Train/EpiLenMedian          400
Train/EpiLenMin             400
Train/EpiLenMax             400
Train/NumDeliveryAverage      0
Train/NumDeliveryStd          0
Train/NumDeliveryMedian       0
Train/NumDeliveryMin          0
Train/NumDeliveryMax          0
Train/PickRateAverage         0
Train/PickRateStd             0
Train/PickRateMedian          0
Train/PickRateMin             0
Train/PickRateMax             0
Eval/ReturnAverage          -40
Eval/ReturnStd                0
Eval/ReturnMedian           -40
Eval/ReturnMin              -40
Eval/ReturnMax              -40
Eval/DiscReturnAverage      -17.3068
Eval/DiscReturnStd            0
Eval/DiscReturnMedian       -17.3068
Eval/DiscReturnMin          -17.3068
Eval/DiscReturnMax          -17.3068
Eval/EpiLenAverage          400
Eval/EpiLenStd                0
Eval/EpiLenMedian           400
Eval/EpiLenMin              400
Eval/EpiLenMax              400
Eval/NumDeliveryAverage       0
Eval/NumDeliveryStd           0
Eval/NumDeliveryMedian        0
Eval/NumDeliveryMin           0
Eval/NumDeliveryMax           0
Eval/PickRateAverage          0
Eval/PickRateStd              0
Eval/PickRateMedian           0
Eval/PickRateMin              0
Eval/PickRateMax              0
Agent0/NMacroActions        141.98
Agent1/NMacroActions        133.26
Agent2/NMacroActions        118.885
Agent3/NMacroActions        117.37
Agent4/NMacroActions        108.43
Agent5/NMacroActions         96.98
Joint/Value                   0.21251
Joint/Advantage               0.000515009
Joint/CriticLoss              0.0708817
Joint/VfCoef                  1
Agent0/ActorLoss             -0.00791813
Agent0/Entropy                1.41243
Agent0/ISRatio                1.00003
Agent0/ClipRate               0.105321
Agent1/ActorLoss              0.0190987
Agent1/Entropy                1.62253
Agent1/ISRatio                0.999983
Agent1/ClipRate               0.172658
Agent2/ActorLoss              0.0183131
Agent2/Entropy                1.72496
Agent2/ISRatio                0.999902
Agent2/ClipRate               0.117304
Agent3/ActorLoss              0.00024756
Agent3/Entropy                1.60915
Agent3/ISRatio                0.999983
Agent3/ClipRate               0.14801
Agent4/ActorLoss              0.0279992
Agent4/Entropy                1.77149
Agent4/ISRatio                0.999824
Agent4/ClipRate               0.201528
Agent5/ActorLoss              0.0438851
Agent5/Entropy                1.7288
Agent5/ISRatio                0.999799
Agent5/ClipRate               0.162174
Eps                           0.21188
Episodes                  16600
Timesteps                     6.63864e+06
SamplingTime                208.782
TrainingTime                 32.9498
EpochTime                   264.286
TotalTime                 22081.7
------------------------  ---------------
2026-04-17 15:34:39.789268 UTC | [s1_260417_18:22:08] Episode 16800 | Eval Finished
------------------------  ---------------
Train/ReturnAverage         -39.75
Train/ReturnStd               6.09816
Train/ReturnMedian          -40
Train/ReturnMin             -55
Train/ReturnMax             -15
Train/DiscReturnAverage     -17.9928
Train/DiscReturnStd           1.83156
Train/DiscReturnMedian      -17.3068
Train/DiscReturnMin         -25.1038
Train/DiscReturnMax         -12.1153
Train/EpiLenAverage         400
Train/EpiLenStd               0
Train/EpiLenMedian          400
Train/EpiLenMin             400
Train/EpiLenMax             400
Train/NumDeliveryAverage      0
Train/NumDeliveryStd          0
Train/NumDeliveryMedian       0
Train/NumDeliveryMin          0
Train/NumDeliveryMax          0
Train/PickRateAverage         0
Train/PickRateStd             0
Train/PickRateMedian          0
Train/PickRateMin             0
Train/PickRateMax             0
Eval/ReturnAverage          -40
Eval/ReturnStd                0
Eval/ReturnMedian           -40
Eval/ReturnMin              -40
Eval/ReturnMax              -40
Eval/DiscReturnAverage      -17.3068
Eval/DiscReturnStd            0
Eval/DiscReturnMedian       -17.3068
Eval/DiscReturnMin          -17.3068
Eval/DiscReturnMax          -17.3068
Eval/EpiLenAverage          400
Eval/EpiLenStd                0
Eval/EpiLenMedian           400
Eval/EpiLenMin              400
Eval/EpiLenMax              400
Eval/NumDeliveryAverage       0
Eval/NumDeliveryStd           0
Eval/NumDeliveryMedian        0
Eval/NumDeliveryMin           0
Eval/NumDeliveryMax           0
Eval/PickRateAverage          0
Eval/PickRateStd              0
Eval/PickRateMedian           0
Eval/PickRateMin              0
Eval/PickRateMax              0
Agent0/NMacroActions        147.81
Agent1/NMacroActions        134.66
Agent2/NMacroActions        115.58
Agent3/NMacroActions        119.935
Agent4/NMacroActions        109.025
Agent5/NMacroActions         95.32
Joint/Value                   0.17671
Joint/Advantage               0.000241872
Joint/CriticLoss              0.0610796
Joint/VfCoef                  1
Agent0/ActorLoss              0.0492307
Agent0/Entropy                1.37536
Agent0/ISRatio                0.999929
Agent0/ClipRate               0.102199
Agent1/ActorLoss              0.0290279
Agent1/Entropy                1.59345
Agent1/ISRatio                0.999853
Agent1/ClipRate               0.174198
Agent2/ActorLoss              0.0845652
Agent2/Entropy                1.73124
Agent2/ISRatio                0.99993
Agent2/ClipRate               0.130283
Agent3/ActorLoss              0.0513974
Agent3/Entropy                1.54224
Agent3/ISRatio                0.999894
Agent3/ClipRate               0.124525
Agent4/ActorLoss              0.0402908
Agent4/Entropy                1.76005
Agent4/ISRatio                0.99976
Agent4/ClipRate               0.208171
Agent5/ActorLoss              0.0497154
Agent5/Entropy                1.67279
Agent5/ISRatio                0.999804
Agent5/ClipRate               0.173509
Eps                           0.20238
Episodes                  16800
Timesteps                     6.71864e+06
SamplingTime                208.932
TrainingTime                 33.2158
EpochTime                   264.68
TotalTime                 22346.4
------------------------  ---------------
2026-04-17 15:39:03.965995 UTC | [s1_260417_18:22:08] Episode 17000 | Eval Finished
------------------------  ---------------
Train/ReturnAverage         -39.325
Train/ReturnStd               5.62755
Train/ReturnMedian          -40
Train/ReturnMin             -55
Train/ReturnMax             -15
Train/DiscReturnAverage     -17.7496
Train/DiscReturnStd           1.7966
Train/DiscReturnMedian      -17.3068
Train/DiscReturnMin         -25.3457
Train/DiscReturnMax          -9.60389
Train/EpiLenAverage         400
Train/EpiLenStd               0
Train/EpiLenMedian          400
Train/EpiLenMin             400
Train/EpiLenMax             400
Train/NumDeliveryAverage      0
Train/NumDeliveryStd          0
Train/NumDeliveryMedian       0
Train/NumDeliveryMin          0
Train/NumDeliveryMax          0
Train/PickRateAverage         0
Train/PickRateStd             0
Train/PickRateMedian          0
Train/PickRateMin             0
Train/PickRateMax             0
Eval/ReturnAverage          -40
Eval/ReturnStd                0
Eval/ReturnMedian           -40
Eval/ReturnMin              -40
Eval/ReturnMax              -40
Eval/DiscReturnAverage      -17.3068
Eval/DiscReturnStd            0
Eval/DiscReturnMedian       -17.3068
Eval/DiscReturnMin          -17.3068
Eval/DiscReturnMax          -17.3068
Eval/EpiLenAverage          400
Eval/EpiLenStd                0
Eval/EpiLenMedian           400
Eval/EpiLenMin              400
Eval/EpiLenMax              400
Eval/NumDeliveryAverage       0
Eval/NumDeliveryStd           0
Eval/NumDeliveryMedian        0
Eval/NumDeliveryMin           0
Eval/NumDeliveryMax           0
Eval/PickRateAverage          0
Eval/PickRateStd              0
Eval/PickRateMedian           0
Eval/PickRateMin              0
Eval/PickRateMax              0
Agent0/NMacroActions        149.23
Agent1/NMacroActions        132.09
Agent2/NMacroActions        108.895
Agent3/NMacroActions        126.555
Agent4/NMacroActions        106.43
Agent5/NMacroActions         95.035
Joint/Value                   0.146287
Joint/Advantage              -0.000521486
Joint/CriticLoss              0.0608142
Joint/VfCoef                  1
Agent0/ActorLoss              0.0474437
Agent0/Entropy                1.34317
Agent0/ISRatio                0.999909
Agent0/ClipRate               0.0945403
Agent1/ActorLoss              0.0320911
Agent1/Entropy                1.57301
Agent1/ISRatio                0.999937
Agent1/ClipRate               0.190518
Agent2/ActorLoss              0.070934
Agent2/Entropy                1.74701
Agent2/ISRatio                0.99993
Agent2/ClipRate               0.14912
Agent3/ActorLoss              0.038277
Agent3/Entropy                1.50422
Agent3/ISRatio                0.99988
Agent3/ClipRate               0.115808
Agent4/ActorLoss              0.0587663
Agent4/Entropy                1.75022
Agent4/ISRatio                0.999831
Agent4/ClipRate               0.211563
Agent5/ActorLoss              0.0492064
Agent5/Entropy                1.67161
Agent5/ISRatio                0.9998
Agent5/ClipRate               0.172534
Eps                           0.19288
Episodes                  17000
Timesteps                     6.79864e+06
SamplingTime                208.55
TrainingTime                 33.4782
EpochTime                   264.118
TotalTime                 22610.5
------------------------  ---------------
2026-04-17 15:43:28.978059 UTC | [s1_260417_18:22:08] Episode 17200 | Eval Finished
------------------------  ---------------
Train/ReturnAverage         -40.05
Train/ReturnStd               5.58995
Train/ReturnMedian          -40
Train/ReturnMin             -55
Train/ReturnMax             -15
Train/DiscReturnAverage     -17.7225
Train/DiscReturnStd           1.36296
Train/DiscReturnMedian      -17.3068
Train/DiscReturnMin         -22.7743
Train/DiscReturnMax         -12.7903
Train/EpiLenAverage         400
Train/EpiLenStd               0
Train/EpiLenMedian          400
Train/EpiLenMin             400
Train/EpiLenMax             400
Train/NumDeliveryAverage      0
Train/NumDeliveryStd          0
Train/NumDeliveryMedian       0
Train/NumDeliveryMin          0
Train/NumDeliveryMax          0
Train/PickRateAverage         0
Train/PickRateStd             0
Train/PickRateMedian          0
Train/PickRateMin             0
Train/PickRateMax             0
Eval/ReturnAverage          -40
Eval/ReturnStd                0
Eval/ReturnMedian           -40
Eval/ReturnMin              -40
Eval/ReturnMax              -40
Eval/DiscReturnAverage      -17.3068
Eval/DiscReturnStd            0
Eval/DiscReturnMedian       -17.3068
Eval/DiscReturnMin          -17.3068
Eval/DiscReturnMax          -17.3068
Eval/EpiLenAverage          400
Eval/EpiLenStd                0
Eval/EpiLenMedian           400
Eval/EpiLenMin              400
Eval/EpiLenMax              400
Eval/NumDeliveryAverage       0
Eval/NumDeliveryStd           0
Eval/NumDeliveryMedian        0
Eval/NumDeliveryMin           0
Eval/NumDeliveryMax           0
Eval/PickRateAverage          0
Eval/PickRateStd              0
Eval/PickRateMedian           0
Eval/PickRateMin              0
Eval/PickRateMax              0
Agent0/NMacroActions        147.485
Agent1/NMacroActions        134.105
Agent2/NMacroActions        108.405
Agent3/NMacroActions        119.56
Agent4/NMacroActions        103.54
Agent5/NMacroActions         91.05
Joint/Value                   0.101889
Joint/Advantage               0.000369229
Joint/CriticLoss              0.0527475
Joint/VfCoef                  1
Agent0/ActorLoss              0.0794508
Agent0/Entropy                1.30503
Agent0/ISRatio                0.999864
Agent0/ClipRate               0.0900045
Agent1/ActorLoss              0.0736737
Agent1/Entropy                1.57389
Agent1/ISRatio                0.99982
Agent1/ClipRate               0.160523
Agent2/ActorLoss              0.0870235
Agent2/Entropy                1.72728
Agent2/ISRatio                0.999909
Agent2/ClipRate               0.143379
Agent3/ActorLoss              0.0905381
Agent3/Entropy                1.48799
Agent3/ISRatio                0.999843
Agent3/ClipRate               0.130569
Agent4/ActorLoss              0.0802127
Agent4/Entropy                1.74196
Agent4/ISRatio                0.999699
Agent4/ClipRate               0.212351
Agent5/ActorLoss              0.118561
Agent5/Entropy                1.68407
Agent5/ISRatio                0.999696
Agent5/ClipRate               0.17762
Eps                           0.18338
Episodes                  17200
Timesteps                     6.87864e+06
SamplingTime                209.119
TrainingTime                 33.2468
EpochTime                   264.956
TotalTime                 22875.4
------------------------  ---------------
2026-04-17 15:47:54.419698 UTC | [s1_260417_18:22:08] Episode 17400 | Eval Finished
------------------------  ---------------
Train/ReturnAverage         -39.525
Train/ReturnStd               5.62578
Train/ReturnMedian          -40
Train/ReturnMin             -55
Train/ReturnMax             -20
Train/DiscReturnAverage     -17.923
Train/DiscReturnStd           1.69569
Train/DiscReturnMedian      -17.3068
Train/DiscReturnMin         -25.4378
Train/DiscReturnMax         -11.3648
Train/EpiLenAverage         400
Train/EpiLenStd               0
Train/EpiLenMedian          400
Train/EpiLenMin             400
Train/EpiLenMax             400
Train/NumDeliveryAverage      0
Train/NumDeliveryStd          0
Train/NumDeliveryMedian       0
Train/NumDeliveryMin          0
Train/NumDeliveryMax          0
Train/PickRateAverage         0
Train/PickRateStd             0
Train/PickRateMedian          0
Train/PickRateMin             0
Train/PickRateMax             0
Eval/ReturnAverage          -40
Eval/ReturnStd                0
Eval/ReturnMedian           -40
Eval/ReturnMin              -40
Eval/ReturnMax              -40
Eval/DiscReturnAverage      -17.3068
Eval/DiscReturnStd            0
Eval/DiscReturnMedian       -17.3068
Eval/DiscReturnMin          -17.3068
Eval/DiscReturnMax          -17.3068
Eval/EpiLenAverage          400
Eval/EpiLenStd                0
Eval/EpiLenMedian           400
Eval/EpiLenMin              400
Eval/EpiLenMax              400
Eval/NumDeliveryAverage       0
Eval/NumDeliveryStd           0
Eval/NumDeliveryMedian        0
Eval/NumDeliveryMin           0
Eval/NumDeliveryMax           0
Eval/PickRateAverage          0
Eval/PickRateStd              0
Eval/PickRateMedian           0
Eval/PickRateMin              0
Eval/PickRateMax              0
Agent0/NMacroActions        148.37
Agent1/NMacroActions        137.295
Agent2/NMacroActions        105.765
Agent3/NMacroActions        121.81
Agent4/NMacroActions        103.51
Agent5/NMacroActions         90.92
Joint/Value                   0.164225
Joint/Advantage              -0.000572949
Joint/CriticLoss              0.0619688
Joint/VfCoef                  1
Agent0/ActorLoss              0.0861108
Agent0/Entropy                1.2764
Agent0/ISRatio                0.999858
Agent0/ClipRate               0.0918806
Agent1/ActorLoss              0.0617208
Agent1/Entropy                1.5238
Agent1/ISRatio                0.99993
Agent1/ClipRate               0.188876
Agent2/ActorLoss              0.0782224
Agent2/Entropy                1.70787
Agent2/ISRatio                0.999882
Agent2/ClipRate               0.155521
Agent3/ActorLoss              0.0628724
Agent3/Entropy                1.45077
Agent3/ISRatio                0.99987
Agent3/ClipRate               0.127629
Agent4/ActorLoss              0.0514348
Agent4/Entropy                1.72733
Agent4/ISRatio                0.999693
Agent4/ClipRate               0.267885
Agent5/ActorLoss              0.0487673
Agent5/Entropy                1.66956
Agent5/ISRatio                0.999703
Agent5/ClipRate               0.198399
Eps                           0.17388
Episodes                  17400
Timesteps                     6.95864e+06
SamplingTime                210.05
TrainingTime                 33.2929
EpochTime                   265.381
TotalTime                 23140.8
------------------------  ---------------
2026-04-17 15:52:19.129701 UTC | [s1_260417_18:22:08] Episode 17600 | Eval Finished
------------------------  ---------------
Train/ReturnAverage         -39.55
Train/ReturnStd               5.41272
Train/ReturnMedian          -40
Train/ReturnMin             -50
Train/ReturnMax             -10
Train/DiscReturnAverage     -17.7111
Train/DiscReturnStd           1.47143
Train/DiscReturnMedian      -17.3068
Train/DiscReturnMin         -24.2842
Train/DiscReturnMax         -12.6352
Train/EpiLenAverage         400
Train/EpiLenStd               0
Train/EpiLenMedian          400
Train/EpiLenMin             400
Train/EpiLenMax             400
Train/NumDeliveryAverage      0
Train/NumDeliveryStd          0
Train/NumDeliveryMedian       0
Train/NumDeliveryMin          0
Train/NumDeliveryMax          0
Train/PickRateAverage         0
Train/PickRateStd             0
Train/PickRateMedian          0
Train/PickRateMin             0
Train/PickRateMax             0
Eval/ReturnAverage          -40
Eval/ReturnStd                0
Eval/ReturnMedian           -40
Eval/ReturnMin              -40
Eval/ReturnMax              -40
Eval/DiscReturnAverage      -17.3068
Eval/DiscReturnStd            0
Eval/DiscReturnMedian       -17.3068
Eval/DiscReturnMin          -17.3068
Eval/DiscReturnMax          -17.3068
Eval/EpiLenAverage          400
Eval/EpiLenStd                0
Eval/EpiLenMedian           400
Eval/EpiLenMin              400
Eval/EpiLenMax              400
Eval/NumDeliveryAverage       0
Eval/NumDeliveryStd           0
Eval/NumDeliveryMedian        0
Eval/NumDeliveryMin           0
Eval/NumDeliveryMax           0
Eval/PickRateAverage          0
Eval/PickRateStd              0
Eval/PickRateMedian           0
Eval/PickRateMin              0
Eval/PickRateMax              0
Agent0/NMacroActions        149.935
Agent1/NMacroActions        139.585
Agent2/NMacroActions        103.11
Agent3/NMacroActions        120.73
Agent4/NMacroActions        102.44
Agent5/NMacroActions         89.245
Joint/Value                   0.198403
Joint/Advantage               0.000858477
Joint/CriticLoss              0.0519431
Joint/VfCoef                  1
Agent0/ActorLoss              0.0245215
Agent0/Entropy                1.23335
Agent0/ISRatio                0.999889
Agent0/ClipRate               0.114044
Agent1/ActorLoss              0.0725804
Agent1/Entropy                1.46209
Agent1/ISRatio                0.999743
Agent1/ClipRate               0.183008
Agent2/ActorLoss              0.0736686
Agent2/Entropy                1.71857
Agent2/ISRatio                0.999888
Agent2/ClipRate               0.151415
Agent3/ActorLoss              0.0615569
Agent3/Entropy                1.42391
Agent3/ISRatio                0.99985
Agent3/ClipRate               0.13532
Agent4/ActorLoss              0.0601964
Agent4/Entropy                1.70749
Agent4/ISRatio                0.999807
Agent4/ClipRate               0.238604
Agent5/ActorLoss              0.0757289
Agent5/Entropy                1.65154
Agent5/ISRatio                0.999789
Agent5/ClipRate               0.181592
Eps                           0.16438
Episodes                  17600
Timesteps                     7.03864e+06
SamplingTime                209.458
TrainingTime                 32.5712
EpochTime                   264.648
TotalTime                 23405.5
------------------------  ---------------
2026-04-17 15:56:41.274544 UTC | [s1_260417_18:22:08] Episode 17800 | Eval Finished
------------------------  ---------------
Train/ReturnAverage         -39.625
Train/ReturnStd               4.87179
Train/ReturnMedian          -40
Train/ReturnMin             -55
Train/ReturnMax             -15
Train/DiscReturnAverage     -17.6505
Train/DiscReturnStd           1.40494
Train/DiscReturnMedian      -17.3068
Train/DiscReturnMin         -27.0168
Train/DiscReturnMax         -13.7255
Train/EpiLenAverage         400
Train/EpiLenStd               0
Train/EpiLenMedian          400
Train/EpiLenMin             400
Train/EpiLenMax             400
Train/NumDeliveryAverage      0
Train/NumDeliveryStd          0
Train/NumDeliveryMedian       0
Train/NumDeliveryMin          0
Train/NumDeliveryMax          0
Train/PickRateAverage         0
Train/PickRateStd             0
Train/PickRateMedian          0
Train/PickRateMin             0
Train/PickRateMax             0
Eval/ReturnAverage          -40
Eval/ReturnStd                0
Eval/ReturnMedian           -40
Eval/ReturnMin              -40
Eval/ReturnMax              -40
Eval/DiscReturnAverage      -17.3068
Eval/DiscReturnStd            0
Eval/DiscReturnMedian       -17.3068
Eval/DiscReturnMin          -17.3068
Eval/DiscReturnMax          -17.3068
Eval/EpiLenAverage          400
Eval/EpiLenStd                0
Eval/EpiLenMedian           400
Eval/EpiLenMin              400
Eval/EpiLenMax              400
Eval/NumDeliveryAverage       0
Eval/NumDeliveryStd           0
Eval/NumDeliveryMedian        0
Eval/NumDeliveryMin           0
Eval/NumDeliveryMax           0
Eval/PickRateAverage          0
Eval/PickRateStd              0
Eval/PickRateMedian           0
Eval/PickRateMin              0
Eval/PickRateMax              0
Agent0/NMacroActions        159.11
Agent1/NMacroActions        144.285
Agent2/NMacroActions        105.98
Agent3/NMacroActions        122.975
Agent4/NMacroActions        104.49
Agent5/NMacroActions         87.5
Joint/Value                   0.28841
Joint/Advantage               0.000580158
Joint/CriticLoss              0.0453714
Joint/VfCoef                  1
Agent0/ActorLoss              0.0849119
Agent0/Entropy                1.18648
Agent0/ISRatio                0.999904
Agent0/ClipRate               0.104757
Agent1/ActorLoss              0.0866051
Agent1/Entropy                1.46131
Agent1/ISRatio                0.999788
Agent1/ClipRate               0.156208
Agent2/ActorLoss              0.0952915
Agent2/Entropy                1.62123
Agent2/ISRatio                0.999918
Agent2/ClipRate               0.150559
Agent3/ActorLoss              0.0979667
Agent3/Entropy                1.38587
Agent3/ISRatio                0.999761
Agent3/ClipRate               0.122088
Agent4/ActorLoss              0.0911495
Agent4/Entropy                1.69674
Agent4/ISRatio                0.999572
Agent4/ClipRate               0.228046
Agent5/ActorLoss              0.0820229
Agent5/Entropy                1.65224
Agent5/ISRatio                0.999771
Agent5/ClipRate               0.199897
Eps                           0.15488
Episodes                  17800
Timesteps                     7.11864e+06
SamplingTime                208.915
TrainingTime                 30.862
EpochTime                   262.085
TotalTime                 23667.6
------------------------  ---------------
2026-04-17 16:01:05.193456 UTC | [s1_260417_18:22:08] Episode 18000 | Eval Finished
------------------------  ---------------
Train/ReturnAverage         -39.375
Train/ReturnStd               4.74177
Train/ReturnMedian          -40
Train/ReturnMin             -50
Train/ReturnMax             -15
Train/DiscReturnAverage     -17.6811
Train/DiscReturnStd           1.28799
Train/DiscReturnMedian      -17.3068
Train/DiscReturnMin         -22.8494
Train/DiscReturnMax         -13.4575
Train/EpiLenAverage         400
Train/EpiLenStd               0
Train/EpiLenMedian          400
Train/EpiLenMin             400
Train/EpiLenMax             400
Train/NumDeliveryAverage      0
Train/NumDeliveryStd          0
Train/NumDeliveryMedian       0
Train/NumDeliveryMin          0
Train/NumDeliveryMax          0
Train/PickRateAverage         0
Train/PickRateStd             0
Train/PickRateMedian          0
Train/PickRateMin             0
Train/PickRateMax             0
Eval/ReturnAverage          -40
Eval/ReturnStd                0
Eval/ReturnMedian           -40
Eval/ReturnMin              -40
Eval/ReturnMax              -40
Eval/DiscReturnAverage      -17.3068
Eval/DiscReturnStd            0
Eval/DiscReturnMedian       -17.3068
Eval/DiscReturnMin          -17.3068
Eval/DiscReturnMax          -17.3068
Eval/EpiLenAverage          400
Eval/EpiLenStd                0
Eval/EpiLenMedian           400
Eval/EpiLenMin              400
Eval/EpiLenMax              400
Eval/NumDeliveryAverage       0
Eval/NumDeliveryStd           0
Eval/NumDeliveryMedian        0
Eval/NumDeliveryMin           0
Eval/NumDeliveryMax           0
Eval/PickRateAverage          0
Eval/PickRateStd              0
Eval/PickRateMedian           0
Eval/PickRateMin              0
Eval/PickRateMax              0
Agent0/NMacroActions        157
Agent1/NMacroActions        146.73
Agent2/NMacroActions        108.095
Agent3/NMacroActions        119.995
Agent4/NMacroActions        105.095
Agent5/NMacroActions         85.305
Joint/Value                   0.227582
Joint/Advantage               0.000379041
Joint/CriticLoss              0.0468735
Joint/VfCoef                  1
Agent0/ActorLoss              0.0675808
Agent0/Entropy                1.1716
Agent0/ISRatio                0.999851
Agent0/ClipRate               0.0984671
Agent1/ActorLoss              0.0650106
Agent1/Entropy                1.4407
Agent1/ISRatio                0.999807
Agent1/ClipRate               0.172637
Agent2/ActorLoss              0.0731921
Agent2/Entropy                1.58355
Agent2/ISRatio                0.999869
Agent2/ClipRate               0.133361
Agent3/ActorLoss              0.0733255
Agent3/Entropy                1.35881
Agent3/ISRatio                0.9998
Agent3/ClipRate               0.130578
Agent4/ActorLoss              0.0796138
Agent4/Entropy                1.67745
Agent4/ISRatio                0.999688
Agent4/ClipRate               0.22323
Agent5/ActorLoss              0.0902542
Agent5/Entropy                1.64518
Agent5/ISRatio                0.999767
Agent5/ClipRate               0.20759
Eps                           0.14538
Episodes                  18000
Timesteps                     7.19864e+06
SamplingTime                208.199
TrainingTime                 33.3069
EpochTime                   263.864
TotalTime                 23931.4
------------------------  ---------------
2026-04-17 16:05:32.068914 UTC | [s1_260417_18:22:08] Episode 18200 | Eval Finished
------------------------  ---------------
Train/ReturnAverage         -40.025
Train/ReturnStd               4.75651
Train/ReturnMedian          -40
Train/ReturnMin             -50
Train/ReturnMax             -15
Train/DiscReturnAverage     -17.6728
Train/DiscReturnStd           1.31455
Train/DiscReturnMedian      -17.3068
Train/DiscReturnMin         -21.9215
Train/DiscReturnMax         -12.3853
Train/EpiLenAverage         400
Train/EpiLenStd               0
Train/EpiLenMedian          400
Train/EpiLenMin             400
Train/EpiLenMax             400
Train/NumDeliveryAverage      0
Train/NumDeliveryStd          0
Train/NumDeliveryMedian       0
Train/NumDeliveryMin          0
Train/NumDeliveryMax          0
Train/PickRateAverage         0
Train/PickRateStd             0
Train/PickRateMedian          0
Train/PickRateMin             0
Train/PickRateMax             0
Eval/ReturnAverage          -40
Eval/ReturnStd                0
Eval/ReturnMedian           -40
Eval/ReturnMin              -40
Eval/ReturnMax              -40
Eval/DiscReturnAverage      -17.3068
Eval/DiscReturnStd            0
Eval/DiscReturnMedian       -17.3068
Eval/DiscReturnMin          -17.3068
Eval/DiscReturnMax          -17.3068
Eval/EpiLenAverage          400
Eval/EpiLenStd                0
Eval/EpiLenMedian           400
Eval/EpiLenMin              400
Eval/EpiLenMax              400
Eval/NumDeliveryAverage       0
Eval/NumDeliveryStd           0
Eval/NumDeliveryMedian        0
Eval/NumDeliveryMin           0
Eval/NumDeliveryMax           0
Eval/PickRateAverage          0
Eval/PickRateStd              0
Eval/PickRateMedian           0
Eval/PickRateMin              0
Eval/PickRateMax              0
Agent0/NMacroActions        154.21
Agent1/NMacroActions        150.365
Agent2/NMacroActions        106.41
Agent3/NMacroActions        116.225
Agent4/NMacroActions        105.86
Agent5/NMacroActions         83.155
Joint/Value                   0.245532
Joint/Advantage              -0.0010624
Joint/CriticLoss              0.0406229
Joint/VfCoef                  1
Agent0/ActorLoss              0.104843
Agent0/Entropy                1.14248
Agent0/ISRatio                0.999808
Agent0/ClipRate               0.0994986
Agent1/ActorLoss              0.134209
Agent1/Entropy                1.40318
Agent1/ISRatio                0.999564
Agent1/ClipRate               0.156339
Agent2/ActorLoss              0.170359
Agent2/Entropy                1.57428
Agent2/ISRatio                0.999706
Agent2/ClipRate               0.153431
Agent3/ActorLoss              0.122861
Agent3/Entropy                1.36179
Agent3/ISRatio                0.999703
Agent3/ClipRate               0.159493
Agent4/ActorLoss              0.122875
Agent4/Entropy                1.65865
Agent4/ISRatio                0.999629
Agent4/ClipRate               0.226049
Agent5/ActorLoss              0.149003
Agent5/Entropy                1.63185
Agent5/ISRatio                0.999579
Agent5/ClipRate               0.190406
Eps                           0.13588
Episodes                  18200
Timesteps                     7.27864e+06
SamplingTime                210.366
TrainingTime                 33.8863
EpochTime                   266.815
TotalTime                 24198.2
------------------------  ---------------
2026-04-17 16:09:57.028958 UTC | [s1_260417_18:22:08] Episode 18400 | Eval Finished
------------------------  ---------------
Train/ReturnAverage         -39.85
Train/ReturnStd               4.41333
Train/ReturnMedian          -40
Train/ReturnMin             -55
Train/ReturnMax             -15
Train/DiscReturnAverage     -17.6758
Train/DiscReturnStd           1.48622
Train/DiscReturnMedian      -17.3068
Train/DiscReturnMin         -22.7695
Train/DiscReturnMax          -8.49432
Train/EpiLenAverage         400
Train/EpiLenStd               0
Train/EpiLenMedian          400
Train/EpiLenMin             400
Train/EpiLenMax             400
Train/NumDeliveryAverage      0
Train/NumDeliveryStd          0
Train/NumDeliveryMedian       0
Train/NumDeliveryMin          0
Train/NumDeliveryMax          0
Train/PickRateAverage         0
Train/PickRateStd             0
Train/PickRateMedian          0
Train/PickRateMin             0
Train/PickRateMax             0
Eval/ReturnAverage          -40
Eval/ReturnStd                0
Eval/ReturnMedian           -40
Eval/ReturnMin              -40
Eval/ReturnMax              -40
Eval/DiscReturnAverage      -17.3068
Eval/DiscReturnStd            0
Eval/DiscReturnMedian       -17.3068
Eval/DiscReturnMin          -17.3068
Eval/DiscReturnMax          -17.3068
Eval/EpiLenAverage          400
Eval/EpiLenStd                0
Eval/EpiLenMedian           400
Eval/EpiLenMin              400
Eval/EpiLenMax              400
Eval/NumDeliveryAverage       0
Eval/NumDeliveryStd           0
Eval/NumDeliveryMedian        0
Eval/NumDeliveryMin           0
Eval/NumDeliveryMax           0
Eval/PickRateAverage          0
Eval/PickRateStd              0
Eval/PickRateMedian           0
Eval/PickRateMin              0
Eval/PickRateMax              0
Agent0/NMacroActions        152.075
Agent1/NMacroActions        150.33
Agent2/NMacroActions        102.215
Agent3/NMacroActions        115.645
Agent4/NMacroActions        106.48
Agent5/NMacroActions         82.215
Joint/Value                   0.124834
Joint/Advantage              -5.81083e-05
Joint/CriticLoss              0.0412903
Joint/VfCoef                  1
Agent0/ActorLoss              0.0656839
Agent0/Entropy                1.11569
Agent0/ISRatio                0.999904
Agent0/ClipRate               0.113379
Agent1/ActorLoss              0.0686318
Agent1/Entropy                1.40826
Agent1/ISRatio                0.999784
Agent1/ClipRate               0.156698
Agent2/ActorLoss              0.107855
Agent2/Entropy                1.59766
Agent2/ISRatio                0.999918
Agent2/ClipRate               0.194138
Agent3/ActorLoss              0.102881
Agent3/Entropy                1.34883
Agent3/ISRatio                0.999743
Agent3/ClipRate               0.148901
Agent4/ActorLoss              0.0751574
Agent4/Entropy                1.67559
Agent4/ISRatio                0.999707
Agent4/ClipRate               0.211287
Agent5/ActorLoss              0.112876
Agent5/Entropy                1.61587
Agent5/ISRatio                0.999689
Agent5/ClipRate               0.200216
Eps                           0.12638
Episodes                  18400
Timesteps                     7.35864e+06
SamplingTime                209.113
TrainingTime                 33.1961
EpochTime                   264.903
TotalTime                 24463.1
------------------------  ---------------
2026-04-17 16:14:23.420234 UTC | [s1_260417_18:22:08] Episode 18600 | Eval Finished
------------------------  ---------------
Train/ReturnAverage         -40.125
Train/ReturnStd               4.45639
Train/ReturnMedian          -40
Train/ReturnMin             -60
Train/ReturnMax             -25
Train/DiscReturnAverage     -17.8238
Train/DiscReturnStd           1.67984
Train/DiscReturnMedian      -17.3068
Train/DiscReturnMin         -25.06
Train/DiscReturnMax         -12.7774
Train/EpiLenAverage         400
Train/EpiLenStd               0
Train/EpiLenMedian          400
Train/EpiLenMin             400
Train/EpiLenMax             400
Train/NumDeliveryAverage      0
Train/NumDeliveryStd          0
Train/NumDeliveryMedian       0
Train/NumDeliveryMin          0
Train/NumDeliveryMax          0
Train/PickRateAverage         0
Train/PickRateStd             0
Train/PickRateMedian          0
Train/PickRateMin             0
Train/PickRateMax             0
Eval/ReturnAverage          -40
Eval/ReturnStd                0
Eval/ReturnMedian           -40
Eval/ReturnMin              -40
Eval/ReturnMax              -40
Eval/DiscReturnAverage      -17.3068
Eval/DiscReturnStd            0
Eval/DiscReturnMedian       -17.3068
Eval/DiscReturnMin          -17.3068
Eval/DiscReturnMax          -17.3068
Eval/EpiLenAverage          400
Eval/EpiLenStd                0
Eval/EpiLenMedian           400
Eval/EpiLenMin              400
Eval/EpiLenMax              400
Eval/NumDeliveryAverage       0
Eval/NumDeliveryStd           0
Eval/NumDeliveryMedian        0
Eval/NumDeliveryMin           0
Eval/NumDeliveryMax           0
Eval/PickRateAverage          0
Eval/PickRateStd              0
Eval/PickRateMedian           0
Eval/PickRateMin              0
Eval/PickRateMax              0
Agent0/NMacroActions        155.195
Agent1/NMacroActions        154.565
Agent2/NMacroActions         90.975
Agent3/NMacroActions        113.15
Agent4/NMacroActions        104.245
Agent5/NMacroActions         78
Joint/Value                   0.0575043
Joint/Advantage              -0.000600095
Joint/CriticLoss              0.0450185
Joint/VfCoef                  1
Agent0/ActorLoss              0.0345172
Agent0/Entropy                1.09087
Agent0/ISRatio                0.999912
Agent0/ClipRate               0.111275
Agent1/ActorLoss              0.0460803
Agent1/Entropy                1.37013
Agent1/ISRatio                0.999849
Agent1/ClipRate               0.158145
Agent2/ActorLoss              0.0808314
Agent2/Entropy                1.62219
Agent2/ISRatio                0.999827
Agent2/ClipRate               0.188659
Agent3/ActorLoss              0.066911
Agent3/Entropy                1.35582
Agent3/ISRatio                0.999849
Agent3/ClipRate               0.182166
Agent4/ActorLoss              0.0648325
Agent4/Entropy                1.63086
Agent4/ISRatio                0.999729
Agent4/ClipRate               0.247177
Agent5/ActorLoss              0.0763726
Agent5/Entropy                1.64178
Agent5/ISRatio                0.999789
Agent5/ClipRate               0.234282
Eps                           0.11688
Episodes                  18600
Timesteps                     7.43864e+06
SamplingTime                210.384
TrainingTime                 33.1371
EpochTime                   266.336
TotalTime                 24729.5
------------------------  ---------------
2026-04-17 16:18:47.896966 UTC | [s1_260417_18:22:08] Episode 18800 | Eval Finished
------------------------  ---------------
Train/ReturnAverage         -40.65
Train/ReturnStd               3.51105
Train/ReturnMedian          -40
Train/ReturnMin             -55
Train/ReturnMax             -25
Train/DiscReturnAverage     -17.8495
Train/DiscReturnStd           1.21541
Train/DiscReturnMedian      -17.3068
Train/DiscReturnMin         -25.0978
Train/DiscReturnMax         -14.2185
Train/EpiLenAverage         400
Train/EpiLenStd               0
Train/EpiLenMedian          400
Train/EpiLenMin             400
Train/EpiLenMax             400
Train/NumDeliveryAverage      0
Train/NumDeliveryStd          0
Train/NumDeliveryMedian       0
Train/NumDeliveryMin          0
Train/NumDeliveryMax          0
Train/PickRateAverage         0
Train/PickRateStd             0
Train/PickRateMedian          0
Train/PickRateMin             0
Train/PickRateMax             0
Eval/ReturnAverage          -40
Eval/ReturnStd                0
Eval/ReturnMedian           -40
Eval/ReturnMin              -40
Eval/ReturnMax              -40
Eval/DiscReturnAverage      -17.3068
Eval/DiscReturnStd            0
Eval/DiscReturnMedian       -17.3068
Eval/DiscReturnMin          -17.3068
Eval/DiscReturnMax          -17.3068
Eval/EpiLenAverage          400
Eval/EpiLenStd                0
Eval/EpiLenMedian           400
Eval/EpiLenMin              400
Eval/EpiLenMax              400
Eval/NumDeliveryAverage       0
Eval/NumDeliveryStd           0
Eval/NumDeliveryMedian        0
Eval/NumDeliveryMin           0
Eval/NumDeliveryMax           0
Eval/PickRateAverage          0
Eval/PickRateStd              0
Eval/PickRateMedian           0
Eval/PickRateMin              0
Eval/PickRateMax              0
Agent0/NMacroActions        153.59
Agent1/NMacroActions        155.8
Agent2/NMacroActions         93.89
Agent3/NMacroActions        107.07
Agent4/NMacroActions        103.57
Agent5/NMacroActions         79.445
Joint/Value                   0.0576988
Joint/Advantage              -7.69636e-05
Joint/CriticLoss              0.0362867
Joint/VfCoef                  1
Agent0/ActorLoss              0.105362
Agent0/Entropy                1.0581
Agent0/ISRatio                0.999822
Agent0/ClipRate               0.1037
Agent1/ActorLoss              0.0893607
Agent1/Entropy                1.3214
Agent1/ISRatio                0.999752
Agent1/ClipRate               0.149154
Agent2/ActorLoss              0.0907024
Agent2/Entropy                1.607
Agent2/ISRatio                0.999833
Agent2/ClipRate               0.168283
Agent3/ActorLoss              0.111208
Agent3/Entropy                1.36621
Agent3/ISRatio                0.999737
Agent3/ClipRate               0.174891
Agent4/ActorLoss              0.103442
Agent4/Entropy                1.62185
Agent4/ISRatio                0.999692
Agent4/ClipRate               0.2353
Agent5/ActorLoss              0.122601
Agent5/Entropy                1.64153
Agent5/ISRatio                0.999744
Agent5/ClipRate               0.192355
Eps                           0.10738
Episodes                  18800
Timesteps                     7.51864e+06
SamplingTime                207.947
TrainingTime                 33.6609
EpochTime                   264.421
TotalTime                 24993.9
------------------------  ---------------
2026-04-17 16:23:11.401272 UTC | [s1_260417_18:22:08] Episode 19000 | Eval Finished
------------------------  ---------------
Train/ReturnAverage         -40.175
Train/ReturnStd               3.2549
Train/ReturnMedian          -40
Train/ReturnMin             -50
Train/ReturnMax             -20
Train/DiscReturnAverage     -17.6689
Train/DiscReturnStd           1.17537
Train/DiscReturnMedian      -17.3068
Train/DiscReturnMin         -22.6594
Train/DiscReturnMax         -11.5065
Train/EpiLenAverage         400
Train/EpiLenStd               0
Train/EpiLenMedian          400
Train/EpiLenMin             400
Train/EpiLenMax             400
Train/NumDeliveryAverage      0
Train/NumDeliveryStd          0
Train/NumDeliveryMedian       0
Train/NumDeliveryMin          0
Train/NumDeliveryMax          0
Train/PickRateAverage         0
Train/PickRateStd             0
Train/PickRateMedian          0
Train/PickRateMin             0
Train/PickRateMax             0
Eval/ReturnAverage          -40
Eval/ReturnStd                0
Eval/ReturnMedian           -40
Eval/ReturnMin              -40
Eval/ReturnMax              -40
Eval/DiscReturnAverage      -17.3068
Eval/DiscReturnStd            0
Eval/DiscReturnMedian       -17.3068
Eval/DiscReturnMin          -17.3068
Eval/DiscReturnMax          -17.3068
Eval/EpiLenAverage          400
Eval/EpiLenStd                0
Eval/EpiLenMedian           400
Eval/EpiLenMin              400
Eval/EpiLenMax              400
Eval/NumDeliveryAverage       0
Eval/NumDeliveryStd           0
Eval/NumDeliveryMedian        0
Eval/NumDeliveryMin           0
Eval/NumDeliveryMax           0
Eval/PickRateAverage          0
Eval/PickRateStd              0
Eval/PickRateMedian           0
Eval/PickRateMin              0
Eval/PickRateMax              0
Agent0/NMacroActions        153.925
Agent1/NMacroActions        159.355
Agent2/NMacroActions         90.105
Agent3/NMacroActions        104.465
Agent4/NMacroActions        106.54
Agent5/NMacroActions         79.81
Joint/Value                   0.040565
Joint/Advantage              -0.000809405
Joint/CriticLoss              0.0331254
Joint/VfCoef                  1
Agent0/ActorLoss              0.0468488
Agent0/Entropy                1.0404
Agent0/ISRatio                0.999884
Agent0/ClipRate               0.107739
Agent1/ActorLoss              0.0681718
Agent1/Entropy                1.33237
Agent1/ISRatio                0.999753
Agent1/ClipRate               0.158164
Agent2/ActorLoss              0.0696857
Agent2/Entropy                1.60443
Agent2/ISRatio                0.999901
Agent2/ClipRate               0.170022
Agent3/ActorLoss              0.0665739
Agent3/Entropy                1.38204
Agent3/ISRatio                0.999871
Agent3/ClipRate               0.167734
Agent4/ActorLoss              0.061112
Agent4/Entropy                1.59666
Agent4/ISRatio                0.999732
Agent4/ClipRate               0.215631
Agent5/ActorLoss              0.0717761
Agent5/Entropy                1.65051
Agent5/ISRatio                0.999818
Agent5/ClipRate               0.22304
Eps                           0.09788
Episodes                  19000
Timesteps                     7.59864e+06
SamplingTime                208.32
TrainingTime                 32.7818
EpochTime                   263.448
TotalTime                 25257.3
------------------------  ---------------
2026-04-17 16:27:38.071127 UTC | [s1_260417_18:22:08] Episode 19200 | Eval Finished
------------------------  ---------------
Train/ReturnAverage         -40.4
Train/ReturnStd               3.36749
Train/ReturnMedian          -40
Train/ReturnMin             -50
Train/ReturnMax             -25
Train/DiscReturnAverage     -17.6678
Train/DiscReturnStd           1.09762
Train/DiscReturnMedian      -17.3068
Train/DiscReturnMin         -22.6359
Train/DiscReturnMax         -12.9891
Train/EpiLenAverage         400
Train/EpiLenStd               0
Train/EpiLenMedian          400
Train/EpiLenMin             400
Train/EpiLenMax             400
Train/NumDeliveryAverage      0
Train/NumDeliveryStd          0
Train/NumDeliveryMedian       0
Train/NumDeliveryMin          0
Train/NumDeliveryMax          0
Train/PickRateAverage         0
Train/PickRateStd             0
Train/PickRateMedian          0
Train/PickRateMin             0
Train/PickRateMax             0
Eval/ReturnAverage          -40
Eval/ReturnStd                0
Eval/ReturnMedian           -40
Eval/ReturnMin              -40
Eval/ReturnMax              -40
Eval/DiscReturnAverage      -17.3068
Eval/DiscReturnStd            0
Eval/DiscReturnMedian       -17.3068
Eval/DiscReturnMin          -17.3068
Eval/DiscReturnMax          -17.3068
Eval/EpiLenAverage          400
Eval/EpiLenStd                0
Eval/EpiLenMedian           400
Eval/EpiLenMin              400
Eval/EpiLenMax              400
Eval/NumDeliveryAverage       0
Eval/NumDeliveryStd           0
Eval/NumDeliveryMedian        0
Eval/NumDeliveryMin           0
Eval/NumDeliveryMax           0
Eval/PickRateAverage          0
Eval/PickRateStd              0
Eval/PickRateMedian           0
Eval/PickRateMin              0
Eval/PickRateMax              0
Agent0/NMacroActions        156.165
Agent1/NMacroActions        164.225
Agent2/NMacroActions         86.79
Agent3/NMacroActions        102.7
Agent4/NMacroActions        107.295
Agent5/NMacroActions         75.81
Joint/Value                   0.0271328
Joint/Advantage              -6.7299e-05
Joint/CriticLoss              0.0332331
Joint/VfCoef                  1
Agent0/ActorLoss              0.045826
Agent0/Entropy                1.01552
Agent0/ISRatio                0.999914
Agent0/ClipRate               0.0914086
Agent1/ActorLoss              0.0465078
Agent1/Entropy                1.30174
Agent1/ISRatio                0.99983
Agent1/ClipRate               0.165896
Agent2/ActorLoss              0.0650887
Agent2/Entropy                1.58609
Agent2/ISRatio                0.999845
Agent2/ClipRate               0.188168
Agent3/ActorLoss              0.0543723
Agent3/Entropy                1.38088
Agent3/ISRatio                0.999773
Agent3/ClipRate               0.198563
Agent4/ActorLoss              0.0622951
Agent4/Entropy                1.57349
Agent4/ISRatio                0.999839
Agent4/ClipRate               0.221765
Agent5/ActorLoss              0.0718896
Agent5/Entropy                1.62882
Agent5/ISRatio                0.999819
Agent5/ClipRate               0.231952
Eps                           0.08838
Episodes                  19200
Timesteps                     7.67864e+06
SamplingTime                209.781
TrainingTime                 33.6846
EpochTime                   266.61
TotalTime                 25524
------------------------  ---------------
2026-04-17 16:32:02.590102 UTC | [s1_260417_18:22:08] Episode 19400 | Eval Finished
------------------------  ---------------
Train/ReturnAverage         -40.05
Train/ReturnStd               2.87185
Train/ReturnMedian          -40
Train/ReturnMin             -50
Train/ReturnMax             -25
Train/DiscReturnAverage     -17.546
Train/DiscReturnStd           0.991247
Train/DiscReturnMedian      -17.3068
Train/DiscReturnMin         -22.2337
Train/DiscReturnMax         -13.1846
Train/EpiLenAverage         400
Train/EpiLenStd               0
Train/EpiLenMedian          400
Train/EpiLenMin             400
Train/EpiLenMax             400
Train/NumDeliveryAverage      0
Train/NumDeliveryStd          0
Train/NumDeliveryMedian       0
Train/NumDeliveryMin          0
Train/NumDeliveryMax          0
Train/PickRateAverage         0
Train/PickRateStd             0
Train/PickRateMedian          0
Train/PickRateMin             0
Train/PickRateMax             0
Eval/ReturnAverage          -40
Eval/ReturnStd                0
Eval/ReturnMedian           -40
Eval/ReturnMin              -40
Eval/ReturnMax              -40
Eval/DiscReturnAverage      -17.3068
Eval/DiscReturnStd            0
Eval/DiscReturnMedian       -17.3068
Eval/DiscReturnMin          -17.3068
Eval/DiscReturnMax          -17.3068
Eval/EpiLenAverage          400
Eval/EpiLenStd                0
Eval/EpiLenMedian           400
Eval/EpiLenMin              400
Eval/EpiLenMax              400
Eval/NumDeliveryAverage       0
Eval/NumDeliveryStd           0
Eval/NumDeliveryMedian        0
Eval/NumDeliveryMin           0
Eval/NumDeliveryMax           0
Eval/PickRateAverage          0
Eval/PickRateStd              0
Eval/PickRateMedian           0
Eval/PickRateMin              0
Eval/PickRateMax              0
Agent0/NMacroActions        149.755
Agent1/NMacroActions        166.755
Agent2/NMacroActions         85.285
Agent3/NMacroActions        101.03
Agent4/NMacroActions        108.51
Agent5/NMacroActions         74.62
Joint/Value                   0.00508736
Joint/Advantage               0.000940508
Joint/CriticLoss              0.0301025
Joint/VfCoef                  1
Agent0/ActorLoss              0.016234
Agent0/Entropy                0.990716
Agent0/ISRatio                0.99995
Agent0/ClipRate               0.107666
Agent1/ActorLoss              0.0226751
Agent1/Entropy                1.2743
Agent1/ISRatio                0.999919
Agent1/ClipRate               0.152369
Agent2/ActorLoss              0.0458078
Agent2/Entropy                1.56705
Agent2/ISRatio                0.999926
Agent2/ClipRate               0.195195
Agent3/ActorLoss              0.0141053
Agent3/Entropy                1.39342
Agent3/ISRatio                0.999909
Agent3/ClipRate               0.202709
Agent4/ActorLoss              0.0231381
Agent4/Entropy                1.57136
Agent4/ISRatio                0.999924
Agent4/ClipRate               0.228869
Agent5/ActorLoss              0.0262715
Agent5/Entropy                1.60846
Agent5/ISRatio                0.999946
Agent5/ClipRate               0.2507
Eps                           0.07888
Episodes                  19400
Timesteps                     7.75864e+06
SamplingTime                209.146
TrainingTime                 32.547
EpochTime                   264.457
TotalTime                 25788.4
------------------------  ---------------
2026-04-17 16:36:28.124023 UTC | [s1_260417_18:22:08] Episode 19600 | Eval Finished
------------------------  ---------------
Train/ReturnAverage         -39.975
Train/ReturnStd               2.97899
Train/ReturnMedian          -40
Train/ReturnMin             -50
Train/ReturnMax             -15
Train/DiscReturnAverage     -17.4214
Train/DiscReturnStd           0.716776
Train/DiscReturnMedian      -17.3068
Train/DiscReturnMin         -21.3169
Train/DiscReturnMax         -14.6064
Train/EpiLenAverage         400
Train/EpiLenStd               0
Train/EpiLenMedian          400
Train/EpiLenMin             400
Train/EpiLenMax             400
Train/NumDeliveryAverage      0
Train/NumDeliveryStd          0
Train/NumDeliveryMedian       0
Train/NumDeliveryMin          0
Train/NumDeliveryMax          0
Train/PickRateAverage         0
Train/PickRateStd             0
Train/PickRateMedian          0
Train/PickRateMin             0
Train/PickRateMax             0
Eval/ReturnAverage          -40
Eval/ReturnStd                0
Eval/ReturnMedian           -40
Eval/ReturnMin              -40
Eval/ReturnMax              -40
Eval/DiscReturnAverage      -17.3068
Eval/DiscReturnStd            0
Eval/DiscReturnMedian       -17.3068
Eval/DiscReturnMin          -17.3068
Eval/DiscReturnMax          -17.3068
Eval/EpiLenAverage          400
Eval/EpiLenStd                0
Eval/EpiLenMedian           400
Eval/EpiLenMin              400
Eval/EpiLenMax              400
Eval/NumDeliveryAverage       0
Eval/NumDeliveryStd           0
Eval/NumDeliveryMedian        0
Eval/NumDeliveryMin           0
Eval/NumDeliveryMax           0
Eval/PickRateAverage          0
Eval/PickRateStd              0
Eval/PickRateMedian           0
Eval/PickRateMin              0
Eval/PickRateMax              0
Agent0/NMacroActions        155.695
Agent1/NMacroActions        179.395
Agent2/NMacroActions         87.28
Agent3/NMacroActions        103.59
Agent4/NMacroActions        107.135
Agent5/NMacroActions         70.985
Joint/Value                   0.0115134
Joint/Advantage              -0.000386734
Joint/CriticLoss              0.0277297
Joint/VfCoef                  1
Agent0/ActorLoss              0.0166382
Agent0/Entropy                0.938156
Agent0/ISRatio                0.999921
Agent0/ClipRate               0.101383
Agent1/ActorLoss              0.0179375
Agent1/Entropy                1.20886
Agent1/ISRatio                0.999935
Agent1/ClipRate               0.139808
Agent2/ActorLoss              0.00451933
Agent2/Entropy                1.53394
Agent2/ISRatio                0.999959
Agent2/ClipRate               0.206866
Agent3/ActorLoss              0.00866015
Agent3/Entropy                1.33915
Agent3/ISRatio                0.999895
Agent3/ClipRate               0.188966
Agent4/ActorLoss              0.0154842
Agent4/Entropy                1.53218
Agent4/ISRatio                0.999891
Agent4/ClipRate               0.189668
Agent5/ActorLoss              0.0189475
Agent5/Entropy                1.57871
Agent5/ISRatio                0.999918
Agent5/ClipRate               0.204197
Eps                           0.06938
Episodes                  19600
Timesteps                     7.83864e+06
SamplingTime                209.41
TrainingTime                 33.2411
EpochTime                   265.493
TotalTime                 26053.9
------------------------  ---------------
2026-04-17 16:40:53.448148 UTC | [s1_260417_18:22:08] Episode 19800 | Eval Finished
------------------------  ---------------
Train/ReturnAverage         -40.425
Train/ReturnStd               2.10817
Train/ReturnMedian          -40
Train/ReturnMin             -50
Train/ReturnMax             -35
Train/DiscReturnAverage     -17.5284
Train/DiscReturnStd           0.739547
Train/DiscReturnMedian      -17.3068
Train/DiscReturnMin         -23.0406
Train/DiscReturnMax         -16.694
Train/EpiLenAverage         400
Train/EpiLenStd               0
Train/EpiLenMedian          400
Train/EpiLenMin             400
Train/EpiLenMax             400
Train/NumDeliveryAverage      0
Train/NumDeliveryStd          0
Train/NumDeliveryMedian       0
Train/NumDeliveryMin          0
Train/NumDeliveryMax          0
Train/PickRateAverage         0
Train/PickRateStd             0
Train/PickRateMedian          0
Train/PickRateMin             0
Train/PickRateMax             0
Eval/ReturnAverage          -40
Eval/ReturnStd                0
Eval/ReturnMedian           -40
Eval/ReturnMin              -40
Eval/ReturnMax              -40
Eval/DiscReturnAverage      -17.3068
Eval/DiscReturnStd            0
Eval/DiscReturnMedian       -17.3068
Eval/DiscReturnMin          -17.3068
Eval/DiscReturnMax          -17.3068
Eval/EpiLenAverage          400
Eval/EpiLenStd                0
Eval/EpiLenMedian           400
Eval/EpiLenMin              400
Eval/EpiLenMax              400
Eval/NumDeliveryAverage       0
Eval/NumDeliveryStd           0
Eval/NumDeliveryMedian        0
Eval/NumDeliveryMin           0
Eval/NumDeliveryMax           0
Eval/PickRateAverage          0
Eval/PickRateStd              0
Eval/PickRateMedian           0
Eval/PickRateMin              0
Eval/PickRateMax              0
Agent0/NMacroActions        153.41
Agent1/NMacroActions        181.735
Agent2/NMacroActions         86.09
Agent3/NMacroActions        106.535
Agent4/NMacroActions        111.23
Agent5/NMacroActions         69.52
Joint/Value                   0.0339992
Joint/Advantage               0.000217289
Joint/CriticLoss              0.0231872
Joint/VfCoef                  1
Agent0/ActorLoss              0.0413407
Agent0/Entropy                0.904157
Agent0/ISRatio                0.99983
Agent0/ClipRate               0.105798
Agent1/ActorLoss              0.0344015
Agent1/Entropy                1.18714
Agent1/ISRatio                0.999899
Agent1/ClipRate               0.137885
Agent2/ActorLoss              0.05402
Agent2/Entropy                1.50317
Agent2/ISRatio                0.999823
Agent2/ClipRate               0.200938
Agent3/ActorLoss              0.0422302
Agent3/Entropy                1.30277
Agent3/ISRatio                0.999896
Agent3/ClipRate               0.167555
Agent4/ActorLoss              0.0531224
Agent4/Entropy                1.51295
Agent4/ISRatio                0.999762
Agent4/ClipRate               0.172144
Agent5/ActorLoss              0.0537246
Agent5/Entropy                1.55722
Agent5/ISRatio                0.999887
Agent5/ClipRate               0.233184
Eps                           0.05988
Episodes                  19800
Timesteps                     7.91864e+06
SamplingTime                208.908
TrainingTime                 33.6207
EpochTime                   265.265
TotalTime                 26319.2
------------------------  ---------------
2026-04-17 16:45:18.747852 UTC | [s1_260417_18:22:08] Episode 20000 | Eval Finished
------------------------  ---------------
Train/ReturnAverage         -40.15
Train/ReturnStd               2.44489
Train/ReturnMedian          -40
Train/ReturnMin             -50
Train/ReturnMax             -25
Train/DiscReturnAverage     -17.4773
Train/DiscReturnStd           0.726749
Train/DiscReturnMedian      -17.3068
Train/DiscReturnMin         -20.8627
Train/DiscReturnMax         -14.1187
Train/EpiLenAverage         400
Train/EpiLenStd               0
Train/EpiLenMedian          400
Train/EpiLenMin             400
Train/EpiLenMax             400
Train/NumDeliveryAverage      0
Train/NumDeliveryStd          0
Train/NumDeliveryMedian       0
Train/NumDeliveryMin          0
Train/NumDeliveryMax          0
Train/PickRateAverage         0
Train/PickRateStd             0
Train/PickRateMedian          0
Train/PickRateMin             0
Train/PickRateMax             0
Eval/ReturnAverage          -40
Eval/ReturnStd                0
Eval/ReturnMedian           -40
Eval/ReturnMin              -40
Eval/ReturnMax              -40
Eval/DiscReturnAverage      -17.3068
Eval/DiscReturnStd            0
Eval/DiscReturnMedian       -17.3068
Eval/DiscReturnMin          -17.3068
Eval/DiscReturnMax          -17.3068
Eval/EpiLenAverage          400
Eval/EpiLenStd                0
Eval/EpiLenMedian           400
Eval/EpiLenMin              400
Eval/EpiLenMax              400
Eval/NumDeliveryAverage       0
Eval/NumDeliveryStd           0
Eval/NumDeliveryMedian        0
Eval/NumDeliveryMin           0
Eval/NumDeliveryMax           0
Eval/PickRateAverage          0
Eval/PickRateStd              0
Eval/PickRateMedian           0
Eval/PickRateMin              0
Eval/PickRateMax              0
Agent0/NMacroActions        151.915
Agent1/NMacroActions        183.655
Agent2/NMacroActions         86.06
Agent3/NMacroActions        107.795
Agent4/NMacroActions        111.04
Agent5/NMacroActions         71.27
Joint/Value                   0.0551034
Joint/Advantage              -5.54327e-05
Joint/CriticLoss              0.0248449
Joint/VfCoef                  1
Agent0/ActorLoss              0.0222712
Agent0/Entropy                0.893777
Agent0/ISRatio                0.999915
Agent0/ClipRate               0.11748
Agent1/ActorLoss              0.0447825
Agent1/Entropy                1.18933
Agent1/ISRatio                0.999834
Agent1/ClipRate               0.165102
Agent2/ActorLoss              0.056721
Agent2/Entropy                1.49454
Agent2/ISRatio                0.999856
Agent2/ClipRate               0.173562
Agent3/ActorLoss              0.045529
Agent3/Entropy                1.28125
Agent3/ISRatio                0.999833
Agent3/ClipRate               0.178324
Agent4/ActorLoss              0.0382178
Agent4/Entropy                1.51365
Agent4/ISRatio                0.999703
Agent4/ClipRate               0.194955
Agent5/ActorLoss              0.0458128
Agent5/Entropy                1.51646
Agent5/ISRatio                0.999939
Agent5/ClipRate               0.232091
Eps                           0.05038
Episodes                  20000
Timesteps                     7.99864e+06
SamplingTime                209.298
TrainingTime                 32.9952
EpochTime                   265.245
TotalTime                 26584.4
------------------------  ---------------
2026-04-17 16:49:45.507203 UTC | [s1_260417_18:22:08] Episode 20200 | Eval Finished
------------------------  ---------------
Train/ReturnAverage         -40.15
Train/ReturnStd               1.79652
Train/ReturnMedian          -40
Train/ReturnMin             -45
Train/ReturnMax             -35
Train/DiscReturnAverage     -17.4408
Train/DiscReturnStd           0.724325
Train/DiscReturnMedian      -17.3068
Train/DiscReturnMin         -21.5446
Train/DiscReturnMax         -13.3009
Train/EpiLenAverage         400
Train/EpiLenStd               0
Train/EpiLenMedian          400
Train/EpiLenMin             400
Train/EpiLenMax             400
Train/NumDeliveryAverage      0
Train/NumDeliveryStd          0
Train/NumDeliveryMedian       0
Train/NumDeliveryMin          0
Train/NumDeliveryMax          0
Train/PickRateAverage         0
Train/PickRateStd             0
Train/PickRateMedian          0
Train/PickRateMin             0
Train/PickRateMax             0
Eval/ReturnAverage          -40
Eval/ReturnStd                0
Eval/ReturnMedian           -40
Eval/ReturnMin              -40
Eval/ReturnMax              -40
Eval/DiscReturnAverage      -17.3068
Eval/DiscReturnStd            0
Eval/DiscReturnMedian       -17.3068
Eval/DiscReturnMin          -17.3068
Eval/DiscReturnMax          -17.3068
Eval/EpiLenAverage          400
Eval/EpiLenStd                0
Eval/EpiLenMedian           400
Eval/EpiLenMin              400
Eval/EpiLenMax              400
Eval/NumDeliveryAverage       0
Eval/NumDeliveryStd           0
Eval/NumDeliveryMedian        0
Eval/NumDeliveryMin           0
Eval/NumDeliveryMax           0
Eval/PickRateAverage          0
Eval/PickRateStd              0
Eval/PickRateMedian           0
Eval/PickRateMin              0
Eval/PickRateMax              0
Agent0/NMacroActions        152.07
Agent1/NMacroActions        192.8
Agent2/NMacroActions         90.625
Agent3/NMacroActions        110.09
Agent4/NMacroActions        103.385
Agent5/NMacroActions         68.565
Joint/Value                   0.0529398
Joint/Advantage              -5.90263e-06
Joint/CriticLoss              0.0214211
Joint/VfCoef                  1
Agent0/ActorLoss             -0.00336542
Agent0/Entropy                0.861089
Agent0/ISRatio                0.999952
Agent0/ClipRate               0.085248
Agent1/ActorLoss              0.00936229
Agent1/Entropy                1.16121
Agent1/ISRatio                1.00002
Agent1/ClipRate               0.11654
Agent2/ActorLoss              0.0207074
Agent2/Entropy                1.4929
Agent2/ISRatio                0.999874
Agent2/ClipRate               0.168522
Agent3/ActorLoss              0.0230645
Agent3/Entropy                1.25589
Agent3/ISRatio                0.999848
Agent3/ClipRate               0.151409
Agent4/ActorLoss              0.0221
Agent4/Entropy                1.51923
Agent4/ISRatio                0.999837
Agent4/ClipRate               0.209403
Agent5/ActorLoss              0.0322104
Agent5/Entropy                1.50508
Agent5/ISRatio                0.999861
Agent5/ClipRate               0.224188
Eps                           0.05
Episodes                  20200
Timesteps                     8.07864e+06
SamplingTime                209.88
TrainingTime                 33.2613
EpochTime                   266.702
TotalTime                 26851.1
------------------------  ---------------
2026-04-17 16:54:10.891629 UTC | [s1_260417_18:22:08] Episode 20400 | Eval Finished
------------------------  ---------------
Train/ReturnAverage         -39.975
Train/ReturnStd               1.90378
Train/ReturnMedian          -40
Train/ReturnMin             -45
Train/ReturnMax             -25
Train/DiscReturnAverage     -17.3961
Train/DiscReturnStd           0.591608
Train/DiscReturnMedian      -17.3068
Train/DiscReturnMin         -21.5873
Train/DiscReturnMax         -15.1959
Train/EpiLenAverage         400
Train/EpiLenStd               0
Train/EpiLenMedian          400
Train/EpiLenMin             400
Train/EpiLenMax             400
Train/NumDeliveryAverage      0
Train/NumDeliveryStd          0
Train/NumDeliveryMedian       0
Train/NumDeliveryMin          0
Train/NumDeliveryMax          0
Train/PickRateAverage         0
Train/PickRateStd             0
Train/PickRateMedian          0
Train/PickRateMin             0
Train/PickRateMax             0
Eval/ReturnAverage          -40
Eval/ReturnStd                0
Eval/ReturnMedian           -40
Eval/ReturnMin              -40
Eval/ReturnMax              -40
Eval/DiscReturnAverage      -17.3068
Eval/DiscReturnStd            0
Eval/DiscReturnMedian       -17.3068
Eval/DiscReturnMin          -17.3068
Eval/DiscReturnMax          -17.3068
Eval/EpiLenAverage          400
Eval/EpiLenStd                0
Eval/EpiLenMedian           400
Eval/EpiLenMin              400
Eval/EpiLenMax              400
Eval/NumDeliveryAverage       0
Eval/NumDeliveryStd           0
Eval/NumDeliveryMedian        0
Eval/NumDeliveryMin           0
Eval/NumDeliveryMax           0
Eval/PickRateAverage          0
Eval/PickRateStd              0
Eval/PickRateMedian           0
Eval/PickRateMin              0
Eval/PickRateMax              0
Agent0/NMacroActions        154.05
Agent1/NMacroActions        201.055
Agent2/NMacroActions         84.67
Agent3/NMacroActions        109.805
Agent4/NMacroActions        104.71
Agent5/NMacroActions         70.78
Joint/Value                   0.110463
Joint/Advantage               0.00036334
Joint/CriticLoss              0.019826
Joint/VfCoef                  1
Agent0/ActorLoss             -0.0187187
Agent0/Entropy                0.840367
Agent0/ISRatio                1
Agent0/ClipRate               0.0969303
Agent1/ActorLoss              0.00772781
Agent1/Entropy                1.16075
Agent1/ISRatio                0.999994
Agent1/ClipRate               0.129983
Agent2/ActorLoss              0.00295646
Agent2/Entropy                1.49029
Agent2/ISRatio                1.00001
Agent2/ClipRate               0.215801
Agent3/ActorLoss              0.0113614
Agent3/Entropy                1.22657
Agent3/ISRatio                0.999967
Agent3/ClipRate               0.147212
Agent4/ActorLoss              0.00519815
Agent4/Entropy                1.53213
Agent4/ISRatio                0.999947
Agent4/ClipRate               0.202407
Agent5/ActorLoss              0.0103681
Agent5/Entropy                1.48363
Agent5/ISRatio                0.999889
Agent5/ClipRate               0.194163
Eps                           0.05
Episodes                  20400
Timesteps                     8.15864e+06
SamplingTime                208.555
TrainingTime                 33.8296
EpochTime                   265.313
TotalTime                 27116.4
------------------------  ---------------
2026-04-17 16:58:36.128537 UTC | [s1_260417_18:22:08] Episode 20600 | Eval Finished
------------------------  ---------------
Train/ReturnAverage         -40.1
Train/ReturnStd               2.39583
Train/ReturnMedian          -40
Train/ReturnMin             -50
Train/ReturnMax             -25
Train/DiscReturnAverage     -17.3945
Train/DiscReturnStd           0.718786
Train/DiscReturnMedian      -17.3068
Train/DiscReturnMin         -21.378
Train/DiscReturnMax         -12.0971
Train/EpiLenAverage         400
Train/EpiLenStd               0
Train/EpiLenMedian          400
Train/EpiLenMin             400
Train/EpiLenMax             400
Train/NumDeliveryAverage      0
Train/NumDeliveryStd          0
Train/NumDeliveryMedian       0
Train/NumDeliveryMin          0
Train/NumDeliveryMax          0
Train/PickRateAverage         0
Train/PickRateStd             0
Train/PickRateMedian          0
Train/PickRateMin             0
Train/PickRateMax             0
Eval/ReturnAverage          -40
Eval/ReturnStd                0
Eval/ReturnMedian           -40
Eval/ReturnMin              -40
Eval/ReturnMax              -40
Eval/DiscReturnAverage      -17.3068
Eval/DiscReturnStd            0
Eval/DiscReturnMedian       -17.3068
Eval/DiscReturnMin          -17.3068
Eval/DiscReturnMax          -17.3068
Eval/EpiLenAverage          400
Eval/EpiLenStd                0
Eval/EpiLenMedian           400
Eval/EpiLenMin              400
Eval/EpiLenMax              400
Eval/NumDeliveryAverage       0
Eval/NumDeliveryStd           0
Eval/NumDeliveryMedian        0
Eval/NumDeliveryMin           0
Eval/NumDeliveryMax           0
Eval/PickRateAverage          0
Eval/PickRateStd              0
Eval/PickRateMedian           0
Eval/PickRateMin              0
Eval/PickRateMax              0
Agent0/NMacroActions        146.615
Agent1/NMacroActions        202.25
Agent2/NMacroActions         86.96
Agent3/NMacroActions        112.215
Agent4/NMacroActions        104.08
Agent5/NMacroActions         73.015
Joint/Value                   0.106956
Joint/Advantage              -0.000435482
Joint/CriticLoss              0.0210362
Joint/VfCoef                  1
Agent0/ActorLoss              9.48767e-05
Agent0/Entropy                0.832566
Agent0/ISRatio                0.999934
Agent0/ClipRate               0.111511
Agent1/ActorLoss             -0.00562972
Agent1/Entropy                1.16289
Agent1/ISRatio                0.999968
Agent1/ClipRate               0.17665
Agent2/ActorLoss              0.0196461
Agent2/Entropy                1.52021
Agent2/ISRatio                0.999975
Agent2/ClipRate               0.213399
Agent3/ActorLoss              0.00528429
Agent3/Entropy                1.2075
Agent3/ISRatio                1.00004
Agent3/ClipRate               0.159055
Agent4/ActorLoss              0.00452411
Agent4/Entropy                1.55606
Agent4/ISRatio                0.999987
Agent4/ClipRate               0.18535
Agent5/ActorLoss              0.0146405
Agent5/Entropy                1.48038
Agent5/ISRatio                1.00003
Agent5/ClipRate               0.214081
Eps                           0.05
Episodes                  20600
Timesteps                     8.23864e+06
SamplingTime                208.482
TrainingTime                 33.4067
EpochTime                   265.18
TotalTime                 27381.6
------------------------  ---------------
2026-04-17 17:03:03.150449 UTC | [s1_260417_18:22:08] Episode 20800 | Eval Finished
------------------------  ---------------
Train/ReturnAverage         -39.925
Train/ReturnStd               2.47374
Train/ReturnMedian          -40
Train/ReturnMin             -50
Train/ReturnMax             -30
Train/DiscReturnAverage     -17.378
Train/DiscReturnStd           0.676105
Train/DiscReturnMedian      -17.3068
Train/DiscReturnMin         -21.3374
Train/DiscReturnMax         -14.5478
Train/EpiLenAverage         400
Train/EpiLenStd               0
Train/EpiLenMedian          400
Train/EpiLenMin             400
Train/EpiLenMax             400
Train/NumDeliveryAverage      0
Train/NumDeliveryStd          0
Train/NumDeliveryMedian       0
Train/NumDeliveryMin          0
Train/NumDeliveryMax          0
Train/PickRateAverage         0
Train/PickRateStd             0
Train/PickRateMedian          0
Train/PickRateMin             0
Train/PickRateMax             0
Eval/ReturnAverage          -40
Eval/ReturnStd                0
Eval/ReturnMedian           -40
Eval/ReturnMin              -40
Eval/ReturnMax              -40
Eval/DiscReturnAverage      -17.3068
Eval/DiscReturnStd            0
Eval/DiscReturnMedian       -17.3068
Eval/DiscReturnMin          -17.3068
Eval/DiscReturnMax          -17.3068
Eval/EpiLenAverage          400
Eval/EpiLenStd                0
Eval/EpiLenMedian           400
Eval/EpiLenMin              400
Eval/EpiLenMax              400
Eval/NumDeliveryAverage       0
Eval/NumDeliveryStd           0
Eval/NumDeliveryMedian        0
Eval/NumDeliveryMin           0
Eval/NumDeliveryMax           0
Eval/PickRateAverage          0
Eval/PickRateStd              0
Eval/PickRateMedian           0
Eval/PickRateMin              0
Eval/PickRateMax              0
Agent0/NMacroActions        154.64
Agent1/NMacroActions        207.845
Agent2/NMacroActions         83.355
Agent3/NMacroActions        111.235
Agent4/NMacroActions        101.755
Agent5/NMacroActions         72.62
Joint/Value                   0.203329
Joint/Advantage               0.000254359
Joint/CriticLoss              0.0240161
Joint/VfCoef                  1
Agent0/ActorLoss              0.00664818
Agent0/Entropy                0.847611
Agent0/ISRatio                0.999947
Agent0/ClipRate               0.114449
Agent1/ActorLoss              0.0226569
Agent1/Entropy                1.12785
Agent1/ISRatio                0.999969
Agent1/ClipRate               0.152446
Agent2/ActorLoss              0.0190936
Agent2/Entropy                1.52071
Agent2/ISRatio                0.999907
Agent2/ClipRate               0.186078
Agent3/ActorLoss              0.0174165
Agent3/Entropy                1.22554
Agent3/ISRatio                1
Agent3/ClipRate               0.229222
Agent4/ActorLoss              0.0182644
Agent4/Entropy                1.57538
Agent4/ISRatio                0.999931
Agent4/ClipRate               0.278181
Agent5/ActorLoss             -0.00768672
Agent5/Entropy                1.47015
Agent5/ISRatio                0.999967
Agent5/ClipRate               0.24502
Eps                           0.05
Episodes                  20800
Timesteps                     8.31864e+06
SamplingTime                208.813
TrainingTime                 33.6731
EpochTime                   266.963
TotalTime                 27648.6
------------------------  ---------------
2026-04-17 17:07:25.558114 UTC | [s1_260417_18:22:08] Episode 21000 | Eval Finished
------------------------  ---------------
Train/ReturnAverage         -40.225
Train/ReturnStd               1.52459
Train/ReturnMedian          -40
Train/ReturnMin             -45
Train/ReturnMax             -35
Train/DiscReturnAverage     -17.4428
Train/DiscReturnStd           0.567331
Train/DiscReturnMedian      -17.3068
Train/DiscReturnMin         -20.4755
Train/DiscReturnMax         -15.2859
Train/EpiLenAverage         400
Train/EpiLenStd               0
Train/EpiLenMedian          400
Train/EpiLenMin             400
Train/EpiLenMax             400
Train/NumDeliveryAverage      0
Train/NumDeliveryStd          0
Train/NumDeliveryMedian       0
Train/NumDeliveryMin          0
Train/NumDeliveryMax          0
Train/PickRateAverage         0
Train/PickRateStd             0
Train/PickRateMedian          0
Train/PickRateMin             0
Train/PickRateMax             0
Eval/ReturnAverage          -40
Eval/ReturnStd                0
Eval/ReturnMedian           -40
Eval/ReturnMin              -40
Eval/ReturnMax              -40
Eval/DiscReturnAverage      -17.3068
Eval/DiscReturnStd            0
Eval/DiscReturnMedian       -17.3068
Eval/DiscReturnMin          -17.3068
Eval/DiscReturnMax          -17.3068
Eval/EpiLenAverage          400
Eval/EpiLenStd                0
Eval/EpiLenMedian           400
Eval/EpiLenMin              400
Eval/EpiLenMax              400
Eval/NumDeliveryAverage       0
Eval/NumDeliveryStd           0
Eval/NumDeliveryMedian        0
Eval/NumDeliveryMin           0
Eval/NumDeliveryMax           0
Eval/PickRateAverage          0
Eval/PickRateStd              0
Eval/PickRateMedian           0
Eval/PickRateMin              0
Eval/PickRateMax              0
Agent0/NMacroActions        150.985
Agent1/NMacroActions        206.025
Agent2/NMacroActions         85.845
Agent3/NMacroActions        110.165
Agent4/NMacroActions        104.6
Agent5/NMacroActions         74.49
Joint/Value                   0.194844
Joint/Advantage               0.00023983
Joint/CriticLoss              0.017232
Joint/VfCoef                  1
Agent0/ActorLoss              0.0542211
Agent0/Entropy                0.84768
Agent0/ISRatio                0.999893
Agent0/ClipRate               0.106614
Agent1/ActorLoss              0.0582814
Agent1/Entropy                1.20836
Agent1/ISRatio                0.999827
Agent1/ClipRate               0.156437
Agent2/ActorLoss              0.0637302
Agent2/Entropy                1.49946
Agent2/ISRatio                0.999799
Agent2/ClipRate               0.184233
Agent3/ActorLoss              0.0645481
Agent3/Entropy                1.25803
Agent3/ISRatio                0.999791
Agent3/ClipRate               0.163122
Agent4/ActorLoss              0.0626635
Agent4/Entropy                1.59934
Agent4/ISRatio                0.999497
Agent4/ClipRate               0.233318
Agent5/ActorLoss              0.0584006
Agent5/Entropy                1.49108
Agent5/ISRatio                0.999639
Agent5/ClipRate               0.223366
Eps                           0.05
Episodes                  21000
Timesteps                     8.39864e+06
SamplingTime                206.915
TrainingTime                 32.7286
EpochTime                   262.351
TotalTime                 27910.9
------------------------  ---------------
2026-04-17 17:11:52.127702 UTC | [s1_260417_18:22:08] Episode 21200 | Eval Finished
------------------------  ---------------
Train/ReturnAverage         -40.075
Train/ReturnStd               1.76618
Train/ReturnMedian          -40
Train/ReturnMin             -45
Train/ReturnMax             -35
Train/DiscReturnAverage     -17.4522
Train/DiscReturnStd           0.65793
Train/DiscReturnMedian      -17.3068
Train/DiscReturnMin         -21.218
Train/DiscReturnMax         -15.3544
Train/EpiLenAverage         400
Train/EpiLenStd               0
Train/EpiLenMedian          400
Train/EpiLenMin             400
Train/EpiLenMax             400
Train/NumDeliveryAverage      0
Train/NumDeliveryStd          0
Train/NumDeliveryMedian       0
Train/NumDeliveryMin          0
Train/NumDeliveryMax          0
Train/PickRateAverage         0
Train/PickRateStd             0
Train/PickRateMedian          0
Train/PickRateMin             0
Train/PickRateMax             0
Eval/ReturnAverage          -40
Eval/ReturnStd                0
Eval/ReturnMedian           -40
Eval/ReturnMin              -40
Eval/ReturnMax              -40
Eval/DiscReturnAverage      -17.3068
Eval/DiscReturnStd            0
Eval/DiscReturnMedian       -17.3068
Eval/DiscReturnMin          -17.3068
Eval/DiscReturnMax          -17.3068
Eval/EpiLenAverage          400
Eval/EpiLenStd                0
Eval/EpiLenMedian           400
Eval/EpiLenMin              400
Eval/EpiLenMax              400
Eval/NumDeliveryAverage       0
Eval/NumDeliveryStd           0
Eval/NumDeliveryMedian        0
Eval/NumDeliveryMin           0
Eval/NumDeliveryMax           0
Eval/PickRateAverage          0
Eval/PickRateStd              0
Eval/PickRateMedian           0
Eval/PickRateMin              0
Eval/PickRateMax              0
Agent0/NMacroActions        149.27
Agent1/NMacroActions        206.59
Agent2/NMacroActions         86.365
Agent3/NMacroActions        106.04
Agent4/NMacroActions        102.73
Agent5/NMacroActions         71.37
Joint/Value                   0.165101
Joint/Advantage              -0.000284923
Joint/CriticLoss              0.0205065
Joint/VfCoef                  1
Agent0/ActorLoss              0.0528774
Agent0/Entropy                0.873835
Agent0/ISRatio                0.999799
Agent0/ClipRate               0.106923
Agent1/ActorLoss              0.0526954
Agent1/Entropy                1.2132
Agent1/ISRatio                0.999827
Agent1/ClipRate               0.198926
Agent2/ActorLoss              0.0673578
Agent2/Entropy                1.5293
Agent2/ISRatio                0.999755
Agent2/ClipRate               0.153547
Agent3/ActorLoss              0.0471436
Agent3/Entropy                1.29437
Agent3/ISRatio                0.999717
Agent3/ClipRate               0.194923
Agent4/ActorLoss              0.0431541
Agent4/Entropy                1.63313
Agent4/ISRatio                0.999662
Agent4/ClipRate               0.21791
Agent5/ActorLoss              0.0686878
Agent5/Entropy                1.50882
Agent5/ISRatio                0.999667
Agent5/ClipRate               0.205908
Eps                           0.05
Episodes                  21200
Timesteps                     8.47864e+06
SamplingTime                209.043
TrainingTime                 33.4598
EpochTime                   266.512
TotalTime                 28177.4
------------------------  ---------------
2026-04-17 17:16:24.922770 UTC | [s1_260417_18:22:08] Episode 21400 | Eval Finished
------------------------  ---------------
Train/ReturnAverage         -40.225
Train/ReturnStd               1.82329
Train/ReturnMedian          -40
Train/ReturnMin             -50
Train/ReturnMax             -35
Train/DiscReturnAverage     -17.3726
Train/DiscReturnStd           0.474294
Train/DiscReturnMedian      -17.3068
Train/DiscReturnMin         -19.6761
Train/DiscReturnMax         -14.732
Train/EpiLenAverage         400
Train/EpiLenStd               0
Train/EpiLenMedian          400
Train/EpiLenMin             400
Train/EpiLenMax             400
Train/NumDeliveryAverage      0
Train/NumDeliveryStd          0
Train/NumDeliveryMedian       0
Train/NumDeliveryMin          0
Train/NumDeliveryMax          0
Train/PickRateAverage         0
Train/PickRateStd             0
Train/PickRateMedian          0
Train/PickRateMin             0
Train/PickRateMax             0
Eval/ReturnAverage          -40
Eval/ReturnStd                0
Eval/ReturnMedian           -40
Eval/ReturnMin              -40
Eval/ReturnMax              -40
Eval/DiscReturnAverage      -17.3068
Eval/DiscReturnStd            0
Eval/DiscReturnMedian       -17.3068
Eval/DiscReturnMin          -17.3068
Eval/DiscReturnMax          -17.3068
Eval/EpiLenAverage          400
Eval/EpiLenStd                0
Eval/EpiLenMedian           400
Eval/EpiLenMin              400
Eval/EpiLenMax              400
Eval/NumDeliveryAverage       0
Eval/NumDeliveryStd           0
Eval/NumDeliveryMedian        0
Eval/NumDeliveryMin           0
Eval/NumDeliveryMax           0
Eval/PickRateAverage          0
Eval/PickRateStd              0
Eval/PickRateMedian           0
Eval/PickRateMin              0
Eval/PickRateMax              0
Agent0/NMacroActions        147.115
Agent1/NMacroActions        218.27
Agent2/NMacroActions         83.795
Agent3/NMacroActions        100.21
Agent4/NMacroActions        110.59
Agent5/NMacroActions         68.5
Joint/Value                   0.183803
Joint/Advantage              -0.000208069
Joint/CriticLoss              0.0178209
Joint/VfCoef                  1
Agent0/ActorLoss              0.0369482
Agent0/Entropy                0.896011
Agent0/ISRatio                0.999899
Agent0/ClipRate               0.11416
Agent1/ActorLoss              0.0251798
Agent1/Entropy                1.20491
Agent1/ISRatio                0.999949
Agent1/ClipRate               0.141138
Agent2/ActorLoss              0.0353745
Agent2/Entropy                1.5267
Agent2/ISRatio                0.999861
Agent2/ClipRate               0.182937
Agent3/ActorLoss              0.0420365
Agent3/Entropy                1.31343
Agent3/ISRatio                0.999807
Agent3/ClipRate               0.162289
Agent4/ActorLoss              0.0339648
Agent4/Entropy                1.64575
Agent4/ISRatio                0.999729
Agent4/ClipRate               0.241506
Agent5/ActorLoss              0.0573706
Agent5/Entropy                1.53316
Agent5/ISRatio                0.999782
Agent5/ClipRate               0.25224
Eps                           0.05
Episodes                  21400
Timesteps                     8.55864e+06
SamplingTime                214.399
TrainingTime                 33.0563
EpochTime                   272.738
TotalTime                 28450.2
------------------------  ---------------
2026-04-17 17:21:02.298993 UTC | [s1_260417_18:22:08] Episode 21600 | Eval Finished
------------------------  ---------------
Train/ReturnAverage         -40.4
Train/ReturnStd               1.68523
Train/ReturnMedian          -40
Train/ReturnMin             -50
Train/ReturnMax             -35
Train/DiscReturnAverage     -17.5192
Train/DiscReturnStd           0.7696
Train/DiscReturnMedian      -17.3068
Train/DiscReturnMin         -22.8428
Train/DiscReturnMax         -16.159
Train/EpiLenAverage         400
Train/EpiLenStd               0
Train/EpiLenMedian          400
Train/EpiLenMin             400
Train/EpiLenMax             400
Train/NumDeliveryAverage      0
Train/NumDeliveryStd          0
Train/NumDeliveryMedian       0
Train/NumDeliveryMin          0
Train/NumDeliveryMax          0
Train/PickRateAverage         0
Train/PickRateStd             0
Train/PickRateMedian          0
Train/PickRateMin             0
Train/PickRateMax             0
Eval/ReturnAverage          -40
Eval/ReturnStd                0
Eval/ReturnMedian           -40
Eval/ReturnMin              -40
Eval/ReturnMax              -40
Eval/DiscReturnAverage      -17.3068
Eval/DiscReturnStd            0
Eval/DiscReturnMedian       -17.3068
Eval/DiscReturnMin          -17.3068
Eval/DiscReturnMax          -17.3068
Eval/EpiLenAverage          400
Eval/EpiLenStd                0
Eval/EpiLenMedian           400
Eval/EpiLenMin              400
Eval/EpiLenMax              400
Eval/NumDeliveryAverage       0
Eval/NumDeliveryStd           0
Eval/NumDeliveryMedian        0
Eval/NumDeliveryMin           0
Eval/NumDeliveryMax           0
Eval/PickRateAverage          0
Eval/PickRateStd              0
Eval/PickRateMedian           0
Eval/PickRateMin              0
Eval/PickRateMax              0
Agent0/NMacroActions        143.235
Agent1/NMacroActions        224.42
Agent2/NMacroActions         87.075
Agent3/NMacroActions         99.145
Agent4/NMacroActions        112.755
Agent5/NMacroActions         73.76
Joint/Value                   0.206576
Joint/Advantage               0.000415428
Joint/CriticLoss              0.0167892
Joint/VfCoef                  1
Agent0/ActorLoss              0.0351547
Agent0/Entropy                0.953167
Agent0/ISRatio                0.999852
Agent0/ClipRate               0.105278
Agent1/ActorLoss              0.0542441
Agent1/Entropy                1.24386
Agent1/ISRatio                0.999878
Agent1/ClipRate               0.182512
Agent2/ActorLoss              0.062144
Agent2/Entropy                1.55942
Agent2/ISRatio                0.999785
Agent2/ClipRate               0.172894
Agent3/ActorLoss              0.0488829
Agent3/Entropy                1.34835
Agent3/ISRatio                0.999768
Agent3/ClipRate               0.174835
Agent4/ActorLoss              0.0446934
Agent4/Entropy                1.66987
Agent4/ISRatio                0.999818
Agent4/ClipRate               0.212633
Agent5/ActorLoss              0.0507525
Agent5/Entropy                1.54258
Agent5/ISRatio                0.999806
Agent5/ClipRate               0.19989
Eps                           0.05
Episodes                  21600
Timesteps                     8.63864e+06
SamplingTime                218.265
TrainingTime                 35.2917
EpochTime                   277.316
TotalTime                 28727.5
------------------------  ---------------
2026-04-17 17:25:29.814727 UTC | [s1_260417_18:22:08] Episode 21800 | Eval Finished
------------------------  ---------------
Train/ReturnAverage         -40.25
Train/ReturnStd               2.16506
Train/ReturnMedian          -40
Train/ReturnMin             -50
Train/ReturnMax             -25
Train/DiscReturnAverage     -17.4955
Train/DiscReturnStd           0.776333
Train/DiscReturnMedian      -17.3068
Train/DiscReturnMin         -22.847
Train/DiscReturnMax         -15.163
Train/EpiLenAverage         400
Train/EpiLenStd               0
Train/EpiLenMedian          400
Train/EpiLenMin             400
Train/EpiLenMax             400
Train/NumDeliveryAverage      0
Train/NumDeliveryStd          0
Train/NumDeliveryMedian       0
Train/NumDeliveryMin          0
Train/NumDeliveryMax          0
Train/PickRateAverage         0
Train/PickRateStd             0
Train/PickRateMedian          0
Train/PickRateMin             0
Train/PickRateMax             0
Eval/ReturnAverage          -40
Eval/ReturnStd                0
Eval/ReturnMedian           -40
Eval/ReturnMin              -40
Eval/ReturnMax              -40
Eval/DiscReturnAverage      -17.3068
Eval/DiscReturnStd            0
Eval/DiscReturnMedian       -17.3068
Eval/DiscReturnMin          -17.3068
Eval/DiscReturnMax          -17.3068
Eval/EpiLenAverage          400
Eval/EpiLenStd                0
Eval/EpiLenMedian           400
Eval/EpiLenMin              400
Eval/EpiLenMax              400
Eval/NumDeliveryAverage       0
Eval/NumDeliveryStd           0
Eval/NumDeliveryMedian        0
Eval/NumDeliveryMin           0
Eval/NumDeliveryMax           0
Eval/PickRateAverage          0
Eval/PickRateStd              0
Eval/PickRateMedian           0
Eval/PickRateMin              0
Eval/PickRateMax              0
Agent0/NMacroActions        143.645
Agent1/NMacroActions        227.845
Agent2/NMacroActions         85.595
Agent3/NMacroActions        104.875
Agent4/NMacroActions        111.845
Agent5/NMacroActions         77.785
Joint/Value                   0.190867
Joint/Advantage              -0.000211796
Joint/CriticLoss              0.0194073
Joint/VfCoef                  1
Agent0/ActorLoss              0.0288398
Agent0/Entropy                0.952868
Agent0/ISRatio                0.999896
Agent0/ClipRate               0.127817
Agent1/ActorLoss              0.0217753
Agent1/Entropy                1.25796
Agent1/ISRatio                0.999963
Agent1/ClipRate               0.180298
Agent2/ActorLoss              0.0334653
Agent2/Entropy                1.55913
Agent2/ISRatio                0.999943
Agent2/ClipRate               0.196421
Agent3/ActorLoss              0.0291572
Agent3/Entropy                1.35742
Agent3/ISRatio                0.999899
Agent3/ClipRate               0.183027
Agent4/ActorLoss              0.03518
Agent4/Entropy                1.68442
Agent4/ISRatio                0.99981
Agent4/ClipRate               0.254438
Agent5/ActorLoss              0.0392138
Agent5/Entropy                1.57048
Agent5/ISRatio                0.999839
Agent5/ClipRate               0.22612
Eps                           0.05
Episodes                  21800
Timesteps                     8.71864e+06
SamplingTime                210.206
TrainingTime                 33.781
EpochTime                   267.458
TotalTime                 28995
------------------------  ---------------
2026-04-17 17:29:59.174709 UTC | [s1_260417_18:22:08] Episode 22000 | Eval Finished
------------------------  ---------------
Train/ReturnAverage         -40.175
Train/ReturnStd               1.82876
Train/ReturnMedian          -40
Train/ReturnMin             -45
Train/ReturnMax             -35
Train/DiscReturnAverage     -17.4146
Train/DiscReturnStd           0.483084
Train/DiscReturnMedian      -17.3068
Train/DiscReturnMin         -20.7746
Train/DiscReturnMax         -16.1439
Train/EpiLenAverage         400
Train/EpiLenStd               0
Train/EpiLenMedian          400
Train/EpiLenMin             400
Train/EpiLenMax             400
Train/NumDeliveryAverage      0
Train/NumDeliveryStd          0
Train/NumDeliveryMedian       0
Train/NumDeliveryMin          0
Train/NumDeliveryMax          0
Train/PickRateAverage         0
Train/PickRateStd             0
Train/PickRateMedian          0
Train/PickRateMin             0
Train/PickRateMax             0
Eval/ReturnAverage          -40
Eval/ReturnStd                0
Eval/ReturnMedian           -40
Eval/ReturnMin              -40
Eval/ReturnMax              -40
Eval/DiscReturnAverage      -17.3068
Eval/DiscReturnStd            0
Eval/DiscReturnMedian       -17.3068
Eval/DiscReturnMin          -17.3068
Eval/DiscReturnMax          -17.3068
Eval/EpiLenAverage          400
Eval/EpiLenStd                0
Eval/EpiLenMedian           400
Eval/EpiLenMin              400
Eval/EpiLenMax              400
Eval/NumDeliveryAverage       0
Eval/NumDeliveryStd           0
Eval/NumDeliveryMedian        0
Eval/NumDeliveryMin           0
Eval/NumDeliveryMax           0
Eval/PickRateAverage          0
Eval/PickRateStd              0
Eval/PickRateMedian           0
Eval/PickRateMin              0
Eval/PickRateMax              0
Agent0/NMacroActions        137.76
Agent1/NMacroActions        232.155
Agent2/NMacroActions         84.23
Agent3/NMacroActions        104.42
Agent4/NMacroActions        112.385
Agent5/NMacroActions         71.865
Joint/Value                   0.223037
Joint/Advantage               0.000110534
Joint/CriticLoss              0.0176405
Joint/VfCoef                  1
Agent0/ActorLoss             -0.00975768
Agent0/Entropy                0.984913
Agent0/ISRatio                1.00001
Agent0/ClipRate               0.131334
Agent1/ActorLoss             -0.00760828
Agent1/Entropy                1.25124
Agent1/ISRatio                1.00002
Agent1/ClipRate               0.177819
Agent2/ActorLoss              0.00316742
Agent2/Entropy                1.57608
Agent2/ISRatio                1.00001
Agent2/ClipRate               0.22152
Agent3/ActorLoss              2.27255e-05
Agent3/Entropy                1.32726
Agent3/ISRatio                0.999931
Agent3/ClipRate               0.194573
Agent4/ActorLoss             -0.0115437
Agent4/Entropy                1.67311
Agent4/ISRatio                1.00002
Agent4/ClipRate               0.240735
Agent5/ActorLoss              0.00517112
Agent5/Entropy                1.57057
Agent5/ISRatio                1.00003
Agent5/ClipRate               0.282422
Eps                           0.05
Episodes                  22000
Timesteps                     8.79864e+06
SamplingTime                210.87
TrainingTime                 33.9997
EpochTime                   269.304
TotalTime                 29264.3
------------------------  ---------------
2026-04-17 17:34:26.426312 UTC | [s1_260417_18:22:08] Episode 22200 | Eval Finished
------------------------  ---------------
Train/ReturnAverage         -40.2
Train/ReturnStd               1.98997
Train/ReturnMedian          -40
Train/ReturnMin             -50
Train/ReturnMax             -25
Train/DiscReturnAverage     -17.415
Train/DiscReturnStd           0.606368
Train/DiscReturnMedian      -17.3068
Train/DiscReturnMin         -21.7401
Train/DiscReturnMax         -14.2041
Train/EpiLenAverage         400
Train/EpiLenStd               0
Train/EpiLenMedian          400
Train/EpiLenMin             400
Train/EpiLenMax             400
Train/NumDeliveryAverage      0
Train/NumDeliveryStd          0
Train/NumDeliveryMedian       0
Train/NumDeliveryMin          0
Train/NumDeliveryMax          0
Train/PickRateAverage         0
Train/PickRateStd             0
Train/PickRateMedian          0
Train/PickRateMin             0
Train/PickRateMax             0
Eval/ReturnAverage          -40
Eval/ReturnStd                0
Eval/ReturnMedian           -40
Eval/ReturnMin              -40
Eval/ReturnMax              -40
Eval/DiscReturnAverage      -17.3068
Eval/DiscReturnStd            0
Eval/DiscReturnMedian       -17.3068
Eval/DiscReturnMin          -17.3068
Eval/DiscReturnMax          -17.3068
Eval/EpiLenAverage          400
Eval/EpiLenStd                0
Eval/EpiLenMedian           400
Eval/EpiLenMin              400
Eval/EpiLenMax              400
Eval/NumDeliveryAverage       0
Eval/NumDeliveryStd           0
Eval/NumDeliveryMedian        0
Eval/NumDeliveryMin           0
Eval/NumDeliveryMax           0
Eval/PickRateAverage          0
Eval/PickRateStd              0
Eval/PickRateMedian           0
Eval/PickRateMin              0
Eval/PickRateMax              0
Agent0/NMacroActions        132.9
Agent1/NMacroActions        233.015
Agent2/NMacroActions         83.445
Agent3/NMacroActions        107.6
Agent4/NMacroActions        118.975
Agent5/NMacroActions         68.99
Joint/Value                   0.268541
Joint/Advantage               0.000228692
Joint/CriticLoss              0.0154955
Joint/VfCoef                  1
Agent0/ActorLoss              0.00370151
Agent0/Entropy                0.969927
Agent0/ISRatio                0.99994
Agent0/ClipRate               0.134096
Agent1/ActorLoss              0.0179281
Agent1/Entropy                1.25749
Agent1/ISRatio                0.99993
Agent1/ClipRate               0.194292
Agent2/ActorLoss              0.0242719
Agent2/Entropy                1.56696
Agent2/ISRatio                0.999896
Agent2/ClipRate               0.179686
Agent3/ActorLoss              0.0218423
Agent3/Entropy                1.29372
Agent3/ISRatio                0.999919
Agent3/ClipRate               0.190599
Agent4/ActorLoss              0.0124047
Agent4/Entropy                1.6755
Agent4/ISRatio                0.999974
Agent4/ClipRate               0.221973
Agent5/ActorLoss              0.0204305
Agent5/Entropy                1.56814
Agent5/ISRatio                0.999909
Agent5/ClipRate               0.244921
Eps                           0.05
Episodes                  22200
Timesteps                     8.87864e+06
SamplingTime                209.637
TrainingTime                 33.6979
EpochTime                   267.193
TotalTime                 29531.4
------------------------  ---------------
2026-04-17 17:38:53.450626 UTC | [s1_260417_18:22:08] Episode 22400 | Eval Finished
------------------------  ---------------
Train/ReturnAverage         -40.325
Train/ReturnStd               1.58725
Train/ReturnMedian          -40
Train/ReturnMin             -45
Train/ReturnMax             -35
Train/DiscReturnAverage     -17.4711
Train/DiscReturnStd           0.640877
Train/DiscReturnMedian      -17.3068
Train/DiscReturnMin         -21.5446
Train/DiscReturnMax         -16.4692
Train/EpiLenAverage         400
Train/EpiLenStd               0
Train/EpiLenMedian          400
Train/EpiLenMin             400
Train/EpiLenMax             400
Train/NumDeliveryAverage      0
Train/NumDeliveryStd          0
Train/NumDeliveryMedian       0
Train/NumDeliveryMin          0
Train/NumDeliveryMax          0
Train/PickRateAverage         0
Train/PickRateStd             0
Train/PickRateMedian          0
Train/PickRateMin             0
Train/PickRateMax             0
Eval/ReturnAverage          -40
Eval/ReturnStd                0
Eval/ReturnMedian           -40
Eval/ReturnMin              -40
Eval/ReturnMax              -40
Eval/DiscReturnAverage      -17.3068
Eval/DiscReturnStd            0
Eval/DiscReturnMedian       -17.3068
Eval/DiscReturnMin          -17.3068
Eval/DiscReturnMax          -17.3068
Eval/EpiLenAverage          400
Eval/EpiLenStd                0
Eval/EpiLenMedian           400
Eval/EpiLenMin              400
Eval/EpiLenMax              400
Eval/NumDeliveryAverage       0
Eval/NumDeliveryStd           0
Eval/NumDeliveryMedian        0
Eval/NumDeliveryMin           0
Eval/NumDeliveryMax           0
Eval/PickRateAverage          0
Eval/PickRateStd              0
Eval/PickRateMedian           0
Eval/PickRateMin              0
Eval/PickRateMax              0
Agent0/NMacroActions        135.935
Agent1/NMacroActions        236.415
Agent2/NMacroActions         82.89
Agent3/NMacroActions        107.89
Agent4/NMacroActions        110.155
Agent5/NMacroActions         77.465
Joint/Value                   0.276721
Joint/Advantage              -0.000167362
Joint/CriticLoss              0.0146324
Joint/VfCoef                  1
Agent0/ActorLoss             -0.000139901
Agent0/Entropy                1.00346
Agent0/ISRatio                0.999945
Agent0/ClipRate               0.127233
Agent1/ActorLoss              0.0156456
Agent1/Entropy                1.27617
Agent1/ISRatio                0.99998
Agent1/ClipRate               0.174176
Agent2/ActorLoss              0.0184278
Agent2/Entropy                1.59473
Agent2/ISRatio                0.999867
Agent2/ClipRate               0.245763
Agent3/ActorLoss              0.013373
Agent3/Entropy                1.28375
Agent3/ISRatio                0.999984
Agent3/ClipRate               0.154087
Agent4/ActorLoss              0.021764
Agent4/Entropy                1.68788
Agent4/ISRatio                0.999807
Agent4/ClipRate               0.225724
Agent5/ActorLoss              0.0151696
Agent5/Entropy                1.57154
Agent5/ISRatio                0.999905
Agent5/ClipRate               0.208853
Eps                           0.05
Episodes                  22400
Timesteps                     8.95864e+06
SamplingTime                208.707
TrainingTime                 34.0907
EpochTime                   266.98
TotalTime                 29798.4
------------------------  ---------------
2026-04-17 17:43:21.840293 UTC | [s1_260417_18:22:08] Episode 22600 | Eval Finished
------------------------  ---------------
Train/ReturnAverage         -39.9
Train/ReturnStd               2.91376
Train/ReturnMedian          -40
Train/ReturnMin             -45
Train/ReturnMax             -15
Train/DiscReturnAverage     -17.4414
Train/DiscReturnStd           0.851176
Train/DiscReturnMedian      -17.3068
Train/DiscReturnMin         -21.7179
Train/DiscReturnMax         -13.2685
Train/EpiLenAverage         400
Train/EpiLenStd               0
Train/EpiLenMedian          400
Train/EpiLenMin             400
Train/EpiLenMax             400
Train/NumDeliveryAverage      0
Train/NumDeliveryStd          0
Train/NumDeliveryMedian       0
Train/NumDeliveryMin          0
Train/NumDeliveryMax          0
Train/PickRateAverage         0
Train/PickRateStd             0
Train/PickRateMedian          0
Train/PickRateMin             0
Train/PickRateMax             0
Eval/ReturnAverage          -40
Eval/ReturnStd                0
Eval/ReturnMedian           -40
Eval/ReturnMin              -40
Eval/ReturnMax              -40
Eval/DiscReturnAverage      -17.3068
Eval/DiscReturnStd            0
Eval/DiscReturnMedian       -17.3068
Eval/DiscReturnMin          -17.3068
Eval/DiscReturnMax          -17.3068
Eval/EpiLenAverage          400
Eval/EpiLenStd                0
Eval/EpiLenMedian           400
Eval/EpiLenMin              400
Eval/EpiLenMax              400
Eval/NumDeliveryAverage       0
Eval/NumDeliveryStd           0
Eval/NumDeliveryMedian        0
Eval/NumDeliveryMin           0
Eval/NumDeliveryMax           0
Eval/PickRateAverage          0
Eval/PickRateStd              0
Eval/PickRateMedian           0
Eval/PickRateMin              0
Eval/PickRateMax              0
Agent0/NMacroActions        135.32
Agent1/NMacroActions        239.265
Agent2/NMacroActions         85.675
Agent3/NMacroActions        106.62
Agent4/NMacroActions        108.68
Agent5/NMacroActions         75.585
Joint/Value                   0.304935
Joint/Advantage               9.2656e-05
Joint/CriticLoss              0.0214705
Joint/VfCoef                  1
Agent0/ActorLoss             -0.00613531
Agent0/Entropy                1.01161
Agent0/ISRatio                0.999968
Agent0/ClipRate               0.148951
Agent1/ActorLoss             -0.000677982
Agent1/Entropy                1.26229
Agent1/ISRatio                1.00003
Agent1/ClipRate               0.255806
Agent2/ActorLoss              0.00517498
Agent2/Entropy                1.58392
Agent2/ISRatio                0.999992
Agent2/ClipRate               0.232076
Agent3/ActorLoss             -0.0134245
Agent3/Entropy                1.26043
Agent3/ISRatio                1.00005
Agent3/ClipRate               0.238186
Agent4/ActorLoss              0.0208954
Agent4/Entropy                1.68086
Agent4/ISRatio                0.999964
Agent4/ClipRate               0.267482
Agent5/ActorLoss              0.0132898
Agent5/Entropy                1.57501
Agent5/ISRatio                0.999902
Agent5/ClipRate               0.265895
Eps                           0.05
Episodes                  22600
Timesteps                     9.03864e+06
SamplingTime                210.17
TrainingTime                 34.2911
EpochTime                   268.331
TotalTime                 30066.8
------------------------  ---------------
2026-04-17 17:47:52.768588 UTC | [s1_260417_18:22:08] Episode 22800 | Eval Finished
------------------------  ---------------
Train/ReturnAverage         -40.225
Train/ReturnStd               1.9556
Train/ReturnMedian          -40
Train/ReturnMin             -50
Train/ReturnMax             -30
Train/DiscReturnAverage     -17.5268
Train/DiscReturnStd           0.898881
Train/DiscReturnMedian      -17.3068
Train/DiscReturnMin         -25.3878
Train/DiscReturnMax         -15.5459
Train/EpiLenAverage         400
Train/EpiLenStd               0
Train/EpiLenMedian          400
Train/EpiLenMin             400
Train/EpiLenMax             400
Train/NumDeliveryAverage      0
Train/NumDeliveryStd          0
Train/NumDeliveryMedian       0
Train/NumDeliveryMin          0
Train/NumDeliveryMax          0
Train/PickRateAverage         0
Train/PickRateStd             0
Train/PickRateMedian          0
Train/PickRateMin             0
Train/PickRateMax             0
Eval/ReturnAverage          -40
Eval/ReturnStd                0
Eval/ReturnMedian           -40
Eval/ReturnMin              -40
Eval/ReturnMax              -40
Eval/DiscReturnAverage      -17.3068
Eval/DiscReturnStd            0
Eval/DiscReturnMedian       -17.3068
Eval/DiscReturnMin          -17.3068
Eval/DiscReturnMax          -17.3068
Eval/EpiLenAverage          400
Eval/EpiLenStd                0
Eval/EpiLenMedian           400
Eval/EpiLenMin              400
Eval/EpiLenMax              400
Eval/NumDeliveryAverage       0
Eval/NumDeliveryStd           0
Eval/NumDeliveryMedian        0
Eval/NumDeliveryMin           0
Eval/NumDeliveryMax           0
Eval/PickRateAverage          0
Eval/PickRateStd              0
Eval/PickRateMedian           0
Eval/PickRateMin              0
Eval/PickRateMax              0
Agent0/NMacroActions        134.765
Agent1/NMacroActions        245.355
Agent2/NMacroActions         82.21
Agent3/NMacroActions        107.545
Agent4/NMacroActions        108.55
Agent5/NMacroActions         72.425
Joint/Value                   0.327841
Joint/Advantage              -0.000879591
Joint/CriticLoss              0.0172196
Joint/VfCoef                  1
Agent0/ActorLoss              0.00145825
Agent0/Entropy                1.00974
Agent0/ISRatio                1.00001
Agent0/ClipRate               0.14327
Agent1/ActorLoss              0.0186268
Agent1/Entropy                1.25597
Agent1/ISRatio                0.999912
Agent1/ClipRate               0.173073
Agent2/ActorLoss              0.0218634
Agent2/Entropy                1.59418
Agent2/ISRatio                0.999824
Agent2/ClipRate               0.206198
Agent3/ActorLoss              0.00704888
Agent3/Entropy                1.26636
Agent3/ISRatio                1.00007
Agent3/ClipRate               0.235995
Agent4/ActorLoss              0.0152342
Agent4/Entropy                1.70193
Agent4/ISRatio                0.999809
Agent4/ClipRate               0.272305
Agent5/ActorLoss              0.0272435
Agent5/Entropy                1.56633
Agent5/ISRatio                0.999944
Agent5/ClipRate               0.21388
Eps                           0.05
Episodes                  22800
Timesteps                     9.11864e+06
SamplingTime                213.177
TrainingTime                 33.4826
EpochTime                   270.884
TotalTime                 30337.6
------------------------  ---------------
2026-04-17 17:52:21.877729 UTC | [s1_260417_18:22:08] Episode 23000 | Eval Finished
------------------------  ---------------
Train/ReturnAverage         -40.25
Train/ReturnStd               2.22205
Train/ReturnMedian          -40
Train/ReturnMin             -50
Train/ReturnMax             -25
Train/DiscReturnAverage     -17.4712
Train/DiscReturnStd           0.76619
Train/DiscReturnMedian      -17.3068
Train/DiscReturnMin         -21.5742
Train/DiscReturnMax         -15.3308
Train/EpiLenAverage         400
Train/EpiLenStd               0
Train/EpiLenMedian          400
Train/EpiLenMin             400
Train/EpiLenMax             400
Train/NumDeliveryAverage      0
Train/NumDeliveryStd          0
Train/NumDeliveryMedian       0
Train/NumDeliveryMin          0
Train/NumDeliveryMax          0
Train/PickRateAverage         0
Train/PickRateStd             0
Train/PickRateMedian          0
Train/PickRateMin             0
Train/PickRateMax             0
Eval/ReturnAverage          -40
Eval/ReturnStd                0
Eval/ReturnMedian           -40
Eval/ReturnMin              -40
Eval/ReturnMax              -40
Eval/DiscReturnAverage      -17.3068
Eval/DiscReturnStd            0
Eval/DiscReturnMedian       -17.3068
Eval/DiscReturnMin          -17.3068
Eval/DiscReturnMax          -17.3068
Eval/EpiLenAverage          400
Eval/EpiLenStd                0
Eval/EpiLenMedian           400
Eval/EpiLenMin              400
Eval/EpiLenMax              400
Eval/NumDeliveryAverage       0
Eval/NumDeliveryStd           0
Eval/NumDeliveryMedian        0
Eval/NumDeliveryMin           0
Eval/NumDeliveryMax           0
Eval/PickRateAverage          0
Eval/PickRateStd              0
Eval/PickRateMedian           0
Eval/PickRateMin              0
Eval/PickRateMax              0
Agent0/NMacroActions        138.08
Agent1/NMacroActions        248.23
Agent2/NMacroActions         81.4
Agent3/NMacroActions        103.545
Agent4/NMacroActions        113.06
Agent5/NMacroActions         73.695
Joint/Value                   0.350671
Joint/Advantage               0.00102715
Joint/CriticLoss              0.0168726
Joint/VfCoef                  1
Agent0/ActorLoss              0.0180015
Agent0/Entropy                1.0358
Agent0/ISRatio                0.999866
Agent0/ClipRate               0.145967
Agent1/ActorLoss              0.0277012
Agent1/Entropy                1.27611
Agent1/ISRatio                0.999952
Agent1/ClipRate               0.250996
Agent2/ActorLoss              0.0304282
Agent2/Entropy                1.61701
Agent2/ISRatio                0.999892
Agent2/ClipRate               0.227385
Agent3/ActorLoss              0.0369135
Agent3/Entropy                1.27855
Agent3/ISRatio                0.999895
Agent3/ClipRate               0.199484
Agent4/ActorLoss              0.0266293
Agent4/Entropy                1.68606
Agent4/ISRatio                0.999742
Agent4/ClipRate               0.307339
Agent5/ActorLoss              0.025144
Agent5/Entropy                1.54164
Agent5/ISRatio                0.999855
Agent5/ClipRate               0.247619
Eps                           0.05
Episodes                  23000
Timesteps                     9.19864e+06
SamplingTime                211.086
TrainingTime                 34.0206
EpochTime                   269.051
TotalTime                 30606.7
------------------------  ---------------
2026-04-17 17:56:48.236222 UTC | [s1_260417_18:22:08] Episode 23200 | Eval Finished
------------------------  ---------------
Train/ReturnAverage         -40.125
Train/ReturnStd               1.96453
Train/ReturnMedian          -40
Train/ReturnMin             -50
Train/ReturnMax             -35
Train/DiscReturnAverage     -17.4294
Train/DiscReturnStd           0.612388
Train/DiscReturnMedian      -17.3068
Train/DiscReturnMin         -20.6551
Train/DiscReturnMax         -15.0496
Train/EpiLenAverage         400
Train/EpiLenStd               0
Train/EpiLenMedian          400
Train/EpiLenMin             400
Train/EpiLenMax             400
Train/NumDeliveryAverage      0
Train/NumDeliveryStd          0
Train/NumDeliveryMedian       0
Train/NumDeliveryMin          0
Train/NumDeliveryMax          0
Train/PickRateAverage         0
Train/PickRateStd             0
Train/PickRateMedian          0
Train/PickRateMin             0
Train/PickRateMax             0
Eval/ReturnAverage          -40
Eval/ReturnStd                0
Eval/ReturnMedian           -40
Eval/ReturnMin              -40
Eval/ReturnMax              -40
Eval/DiscReturnAverage      -17.3068
Eval/DiscReturnStd            0
Eval/DiscReturnMedian       -17.3068
Eval/DiscReturnMin          -17.3068
Eval/DiscReturnMax          -17.3068
Eval/EpiLenAverage          400
Eval/EpiLenStd                0
Eval/EpiLenMedian           400
Eval/EpiLenMin              400
Eval/EpiLenMax              400
Eval/NumDeliveryAverage       0
Eval/NumDeliveryStd           0
Eval/NumDeliveryMedian        0
Eval/NumDeliveryMin           0
Eval/NumDeliveryMax           0
Eval/PickRateAverage          0
Eval/PickRateStd              0
Eval/PickRateMedian           0
Eval/PickRateMin              0
Eval/PickRateMax              0
Agent0/NMacroActions        139.44
Agent1/NMacroActions        252.77
Agent2/NMacroActions         82.395
Agent3/NMacroActions         97.905
Agent4/NMacroActions        117.58
Agent5/NMacroActions         80.57
Joint/Value                   0.380048
Joint/Advantage               0.000256437
Joint/CriticLoss              0.0178703
Joint/VfCoef                  1
Agent0/ActorLoss              0.0539639
Agent0/Entropy                1.03752
Agent0/ISRatio                0.999791
Agent0/ClipRate               0.156799
Agent1/ActorLoss              0.0602175
Agent1/Entropy                1.30753
Agent1/ISRatio                0.999783
Agent1/ClipRate               0.207474
Agent2/ActorLoss              0.0620528
Agent2/Entropy                1.64068
Agent2/ISRatio                0.999763
Agent2/ClipRate               0.278921
Agent3/ActorLoss              0.067925
Agent3/Entropy                1.32793
Agent3/ISRatio                0.999744
Agent3/ClipRate               0.231352
Agent4/ActorLoss              0.0649519
Agent4/Entropy                1.70703
Agent4/ISRatio                0.999621
Agent4/ClipRate               0.265399
Agent5/ActorLoss              0.050917
Agent5/Entropy                1.57842
Agent5/ISRatio                0.999729
Agent5/ClipRate               0.253429
Eps                           0.05
Episodes                  23200
Timesteps                     9.27864e+06
SamplingTime                209.046
TrainingTime                 33.9824
EpochTime                   266.297
TotalTime                 30873
------------------------  ---------------
2026-04-17 18:01:16.054879 UTC | [s1_260417_18:22:08] Episode 23400 | Eval Finished
------------------------  ---------------
Train/ReturnAverage         -39.975
Train/ReturnStd               2.26371
Train/ReturnMedian          -40
Train/ReturnMin             -50
Train/ReturnMax             -25
Train/DiscReturnAverage     -17.4266
Train/DiscReturnStd           0.698854
Train/DiscReturnMedian      -17.3068
Train/DiscReturnMin         -21.4604
Train/DiscReturnMax         -14.7552
Train/EpiLenAverage         400
Train/EpiLenStd               0
Train/EpiLenMedian          400
Train/EpiLenMin             400
Train/EpiLenMax             400
Train/NumDeliveryAverage      0
Train/NumDeliveryStd          0
Train/NumDeliveryMedian       0
Train/NumDeliveryMin          0
Train/NumDeliveryMax          0
Train/PickRateAverage         0
Train/PickRateStd             0
Train/PickRateMedian          0
Train/PickRateMin             0
Train/PickRateMax             0
Eval/ReturnAverage          -40
Eval/ReturnStd                0
Eval/ReturnMedian           -40
Eval/ReturnMin              -40
Eval/ReturnMax              -40
Eval/DiscReturnAverage      -17.3068
Eval/DiscReturnStd            0
Eval/DiscReturnMedian       -17.3068
Eval/DiscReturnMin          -17.3068
Eval/DiscReturnMax          -17.3068
Eval/EpiLenAverage          400
Eval/EpiLenStd                0
Eval/EpiLenMedian           400
Eval/EpiLenMin              400
Eval/EpiLenMax              400
Eval/NumDeliveryAverage       0
Eval/NumDeliveryStd           0
Eval/NumDeliveryMedian        0
Eval/NumDeliveryMin           0
Eval/NumDeliveryMax           0
Eval/PickRateAverage          0
Eval/PickRateStd              0
Eval/PickRateMedian           0
Eval/PickRateMin              0
Eval/PickRateMax              0
Agent0/NMacroActions        145.84
Agent1/NMacroActions        253.615
Agent2/NMacroActions         83.355
Agent3/NMacroActions         90.18
Agent4/NMacroActions        114.28
Agent5/NMacroActions         76.215
Joint/Value                   0.378778
Joint/Advantage              -0.000189852
Joint/CriticLoss              0.0170311
Joint/VfCoef                  1
Agent0/ActorLoss              0.0518468
Agent0/Entropy                1.05684
Agent0/ISRatio                0.999863
Agent0/ClipRate               0.143021
Agent1/ActorLoss              0.04477
Agent1/Entropy                1.32704
Agent1/ISRatio                0.99981
Agent1/ClipRate               0.228267
Agent2/ActorLoss              0.0494681
Agent2/Entropy                1.65093
Agent2/ISRatio                0.999727
Agent2/ClipRate               0.274113
Agent3/ActorLoss              0.0528824
Agent3/Entropy                1.40661
Agent3/ISRatio                0.999565
Agent3/ClipRate               0.278155
Agent4/ActorLoss              0.0468887
Agent4/Entropy                1.74486
Agent4/ISRatio                0.999659
Agent4/ClipRate               0.295436
Agent5/ActorLoss              0.0619423
Agent5/Entropy                1.62014
Agent5/ISRatio                0.999776
Agent5/ClipRate               0.2466
Eps                           0.05
Episodes                  23400
Timesteps                     9.35864e+06
SamplingTime                209.203
TrainingTime                 33.9744
EpochTime                   267.763
TotalTime                 31140.8
------------------------  ---------------
2026-04-17 18:05:43.535704 UTC | [s1_260417_18:22:08] Episode 23600 | Eval Finished
------------------------  ---------------
Train/ReturnAverage         -40
Train/ReturnStd               2.12132
Train/ReturnMedian          -40
Train/ReturnMin             -45
Train/ReturnMax             -35
Train/DiscReturnAverage     -17.4023
Train/DiscReturnStd           0.659116
Train/DiscReturnMedian      -17.3068
Train/DiscReturnMin         -21.0267
Train/DiscReturnMax         -13.9665
Train/EpiLenAverage         400
Train/EpiLenStd               0
Train/EpiLenMedian          400
Train/EpiLenMin             400
Train/EpiLenMax             400
Train/NumDeliveryAverage      0
Train/NumDeliveryStd          0
Train/NumDeliveryMedian       0
Train/NumDeliveryMin          0
Train/NumDeliveryMax          0
Train/PickRateAverage         0
Train/PickRateStd             0
Train/PickRateMedian          0
Train/PickRateMin             0
Train/PickRateMax             0
Eval/ReturnAverage          -40
Eval/ReturnStd                0
Eval/ReturnMedian           -40
Eval/ReturnMin              -40
Eval/ReturnMax              -40
Eval/DiscReturnAverage      -17.3068
Eval/DiscReturnStd            0
Eval/DiscReturnMedian       -17.3068
Eval/DiscReturnMin          -17.3068
Eval/DiscReturnMax          -17.3068
Eval/EpiLenAverage          400
Eval/EpiLenStd                0
Eval/EpiLenMedian           400
Eval/EpiLenMin              400
Eval/EpiLenMax              400
Eval/NumDeliveryAverage       0
Eval/NumDeliveryStd           0
Eval/NumDeliveryMedian        0
Eval/NumDeliveryMin           0
Eval/NumDeliveryMax           0
Eval/PickRateAverage          0
Eval/PickRateStd              0
Eval/PickRateMedian           0
Eval/PickRateMin              0
Eval/PickRateMax              0
Agent0/NMacroActions        139.21
Agent1/NMacroActions        258.645
Agent2/NMacroActions         83.005
Agent3/NMacroActions         90.16
Agent4/NMacroActions        103.3
Agent5/NMacroActions         69.71
Joint/Value                   0.361028
Joint/Advantage              -0.000612079
Joint/CriticLoss              0.0188935
Joint/VfCoef                  1
Agent0/ActorLoss              0.0158788
Agent0/Entropy                1.0657
Agent0/ISRatio                0.999878
Agent0/ClipRate               0.159787
Agent1/ActorLoss              0.019481
Agent1/Entropy                1.31775
Agent1/ISRatio                0.999946
Agent1/ClipRate               0.237563
Agent2/ActorLoss             -0.00198434
Agent2/Entropy                1.66548
Agent2/ISRatio                0.999903
Agent2/ClipRate               0.28807
Agent3/ActorLoss              0.0144248
Agent3/Entropy                1.4042
Agent3/ISRatio                0.999829
Agent3/ClipRate               0.252677
Agent4/ActorLoss              0.0136278
Agent4/Entropy                1.73327
Agent4/ISRatio                0.999855
Agent4/ClipRate               0.317279
Agent5/ActorLoss              0.0236971
Agent5/Entropy                1.63576
Agent5/ISRatio                0.999967
Agent5/ClipRate               0.250405
Eps                           0.05
Episodes                  23600
Timesteps                     9.43864e+06
SamplingTime                210.628
TrainingTime                 33.2836
EpochTime                   267.424
TotalTime                 31408.2
------------------------  ---------------
2026-04-17 18:10:14.513056 UTC | [s1_260417_18:22:08] Episode 23800 | Eval Finished
------------------------  ---------------
Train/ReturnAverage         -40.225
Train/ReturnStd               2.36101
Train/ReturnMedian          -40
Train/ReturnMin             -50
Train/ReturnMax             -25
Train/DiscReturnAverage     -17.4867
Train/DiscReturnStd           0.736762
Train/DiscReturnMedian      -17.3068
Train/DiscReturnMin         -21.5873
Train/DiscReturnMax         -15.4099
Train/EpiLenAverage         400
Train/EpiLenStd               0
Train/EpiLenMedian          400
Train/EpiLenMin             400
Train/EpiLenMax             400
Train/NumDeliveryAverage      0
Train/NumDeliveryStd          0
Train/NumDeliveryMedian       0
Train/NumDeliveryMin          0
Train/NumDeliveryMax          0
Train/PickRateAverage         0
Train/PickRateStd             0
Train/PickRateMedian          0
Train/PickRateMin             0
Train/PickRateMax             0
Eval/ReturnAverage          -40
Eval/ReturnStd                0
Eval/ReturnMedian           -40
Eval/ReturnMin              -40
Eval/ReturnMax              -40
Eval/DiscReturnAverage      -17.3068
Eval/DiscReturnStd            0
Eval/DiscReturnMedian       -17.3068
Eval/DiscReturnMin          -17.3068
Eval/DiscReturnMax          -17.3068
Eval/EpiLenAverage          400
Eval/EpiLenStd                0
Eval/EpiLenMedian           400
Eval/EpiLenMin              400
Eval/EpiLenMax              400
Eval/NumDeliveryAverage       0
Eval/NumDeliveryStd           0
Eval/NumDeliveryMedian        0
Eval/NumDeliveryMin           0
Eval/NumDeliveryMax           0
Eval/PickRateAverage          0
Eval/PickRateStd              0
Eval/PickRateMedian           0
Eval/PickRateMin              0
Eval/PickRateMax              0
Agent0/NMacroActions        149.605
Agent1/NMacroActions        256.705
Agent2/NMacroActions         84.09
Agent3/NMacroActions         95.23
Agent4/NMacroActions        104.4
Agent5/NMacroActions         69.705
Joint/Value                   0.380817
Joint/Advantage               0.000899905
Joint/CriticLoss              0.0167925
Joint/VfCoef                  1
Agent0/ActorLoss              0.0504114
Agent0/Entropy                1.05064
Agent0/ISRatio                0.999791
Agent0/ClipRate               0.149994
Agent1/ActorLoss              0.0535644
Agent1/Entropy                1.33386
Agent1/ISRatio                0.999816
Agent1/ClipRate               0.215815
Agent2/ActorLoss              0.0523159
Agent2/Entropy                1.66523
Agent2/ISRatio                0.999745
Agent2/ClipRate               0.248279
Agent3/ActorLoss              0.0656148
Agent3/Entropy                1.38176
Agent3/ISRatio                0.99972
Agent3/ClipRate               0.220103
Agent4/ActorLoss              0.055665
Agent4/Entropy                1.72372
Agent4/ISRatio                0.999621
Agent4/ClipRate               0.3171
Agent5/ActorLoss              0.063376
Agent5/Entropy                1.64644
Agent5/ISRatio                0.999719
Agent5/ClipRate               0.235367
Eps                           0.05
Episodes                  23800
Timesteps                     9.51864e+06
SamplingTime                212.568
TrainingTime                 33.6064
EpochTime                   270.917
TotalTime                 31679.1
------------------------  ---------------
2026-04-17 18:14:45.077334 UTC | [s1_260417_18:22:08] Episode 24000 | Eval Finished
------------------------  ---------------
Train/ReturnAverage         -40.175
Train/ReturnStd               2.84506
Train/ReturnMedian          -40
Train/ReturnMin             -55
Train/ReturnMax             -15
Train/DiscReturnAverage     -17.5071
Train/DiscReturnStd           0.900658
Train/DiscReturnMedian      -17.3068
Train/DiscReturnMin         -22.8894
Train/DiscReturnMax         -13.3987
Train/EpiLenAverage         400
Train/EpiLenStd               0
Train/EpiLenMedian          400
Train/EpiLenMin             400
Train/EpiLenMax             400
Train/NumDeliveryAverage      0
Train/NumDeliveryStd          0
Train/NumDeliveryMedian       0
Train/NumDeliveryMin          0
Train/NumDeliveryMax          0
Train/PickRateAverage         0
Train/PickRateStd             0
Train/PickRateMedian          0
Train/PickRateMin             0
Train/PickRateMax             0
Eval/ReturnAverage          -40
Eval/ReturnStd                0
Eval/ReturnMedian           -40
Eval/ReturnMin              -40
Eval/ReturnMax              -40
Eval/DiscReturnAverage      -17.3068
Eval/DiscReturnStd            0
Eval/DiscReturnMedian       -17.3068
Eval/DiscReturnMin          -17.3068
Eval/DiscReturnMax          -17.3068
Eval/EpiLenAverage          400
Eval/EpiLenStd                0
Eval/EpiLenMedian           400
Eval/EpiLenMin              400
Eval/EpiLenMax              400
Eval/NumDeliveryAverage       0
Eval/NumDeliveryStd           0
Eval/NumDeliveryMedian        0
Eval/NumDeliveryMin           0
Eval/NumDeliveryMax           0
Eval/PickRateAverage          0
Eval/PickRateStd              0
Eval/PickRateMedian           0
Eval/PickRateMin              0
Eval/PickRateMax              0
Agent0/NMacroActions        145.14
Agent1/NMacroActions        260.3
Agent2/NMacroActions         83.55
Agent3/NMacroActions         89.115
Agent4/NMacroActions        101.795
Agent5/NMacroActions         70.77
Joint/Value                   0.362926
Joint/Advantage              -0.000634381
Joint/CriticLoss              0.0193901
Joint/VfCoef                  1
Agent0/ActorLoss              0.0735059
Agent0/Entropy                1.11589
Agent0/ISRatio                0.999807
Agent0/ClipRate               0.17124
Agent1/ActorLoss              0.0638457
Agent1/Entropy                1.34792
Agent1/ISRatio                0.999797
Agent1/ClipRate               0.220919
Agent2/ActorLoss              0.0717695
Agent2/Entropy                1.68629
Agent2/ISRatio                0.999622
Agent2/ClipRate               0.282139
Agent3/ActorLoss              0.0687272
Agent3/Entropy                1.45305
Agent3/ISRatio                0.999521
Agent3/ClipRate               0.272221
Agent4/ActorLoss              0.0842938
Agent4/Entropy                1.75777
Agent4/ISRatio                0.999242
Agent4/ClipRate               0.314672
Agent5/ActorLoss              0.0756173
Agent5/Entropy                1.66344
Agent5/ISRatio                0.999571
Agent5/ClipRate               0.286403
Eps                           0.05
Episodes                  24000
Timesteps                     9.59864e+06
SamplingTime                211.319
TrainingTime                 34.3214
EpochTime                   270.504
TotalTime                 31949.6
------------------------  ---------------
2026-04-17 18:19:18.153389 UTC | [s1_260417_18:22:08] Episode 24200 | Eval Finished
------------------------  ---------------
Train/ReturnAverage         -40
Train/ReturnStd               1.93649
Train/ReturnMedian          -40
Train/ReturnMin             -45
Train/ReturnMax             -30
Train/DiscReturnAverage     -17.4155
Train/DiscReturnStd           0.597406
Train/DiscReturnMedian      -17.3068
Train/DiscReturnMin         -21.1596
Train/DiscReturnMax         -15.0283
Train/EpiLenAverage         400
Train/EpiLenStd               0
Train/EpiLenMedian          400
Train/EpiLenMin             400
Train/EpiLenMax             400
Train/NumDeliveryAverage      0
Train/NumDeliveryStd          0
Train/NumDeliveryMedian       0
Train/NumDeliveryMin          0
Train/NumDeliveryMax          0
Train/PickRateAverage         0
Train/PickRateStd             0
Train/PickRateMedian          0
Train/PickRateMin             0
Train/PickRateMax             0
Eval/ReturnAverage          -40
Eval/ReturnStd                0
Eval/ReturnMedian           -40
Eval/ReturnMin              -40
Eval/ReturnMax              -40
Eval/DiscReturnAverage      -17.3068
Eval/DiscReturnStd            0
Eval/DiscReturnMedian       -17.3068
Eval/DiscReturnMin          -17.3068
Eval/DiscReturnMax          -17.3068
Eval/EpiLenAverage          400
Eval/EpiLenStd                0
Eval/EpiLenMedian           400
Eval/EpiLenMin              400
Eval/EpiLenMax              400
Eval/NumDeliveryAverage       0
Eval/NumDeliveryStd           0
Eval/NumDeliveryMedian        0
Eval/NumDeliveryMin           0
Eval/NumDeliveryMax           0
Eval/PickRateAverage          0
Eval/PickRateStd              0
Eval/PickRateMedian           0
Eval/PickRateMin              0
Eval/PickRateMax              0
Agent0/NMacroActions        142.19
Agent1/NMacroActions        264.41
Agent2/NMacroActions         80.595
Agent3/NMacroActions         90.31
Agent4/NMacroActions        102.57
Agent5/NMacroActions         69.335
Joint/Value                   0.336157
Joint/Advantage               0.000181662
Joint/CriticLoss              0.0162953
Joint/VfCoef                  1
Agent0/ActorLoss              0.0173176
Agent0/Entropy                1.17451
Agent0/ISRatio                0.999769
Agent0/ClipRate               0.159469
Agent1/ActorLoss              0.0173344
Agent1/Entropy                1.35776
Agent1/ISRatio                0.999934
Agent1/ClipRate               0.201798
Agent2/ActorLoss              0.0160375
Agent2/Entropy                1.73881
Agent2/ISRatio                0.999893
Agent2/ClipRate               0.250365
Agent3/ActorLoss              0.0179204
Agent3/Entropy                1.44176
Agent3/ISRatio                0.999796
Agent3/ClipRate               0.25348
Agent4/ActorLoss              0.024206
Agent4/Entropy                1.78243
Agent4/ISRatio                0.999804
Agent4/ClipRate               0.31884
Agent5/ActorLoss              0.0298525
Agent5/Entropy                1.6832
Agent5/ISRatio                0.999848
Agent5/ClipRate               0.282218
Eps                           0.05
Episodes                  24200
Timesteps                     9.67864e+06
SamplingTime                213.79
TrainingTime                 34.8983
EpochTime                   273.016
TotalTime                 32222.6
------------------------  ---------------
2026-04-17 18:23:45.503338 UTC | [s1_260417_18:22:08] Episode 24400 | Eval Finished
------------------------  ---------------
Train/ReturnAverage         -39.95
Train/ReturnStd               2.4995
Train/ReturnMedian          -40
Train/ReturnMin             -45
Train/ReturnMax             -25
Train/DiscReturnAverage     -17.4478
Train/DiscReturnStd           0.812627
Train/DiscReturnMedian      -17.3068
Train/DiscReturnMin         -21.7624
Train/DiscReturnMax         -14.3542
Train/EpiLenAverage         400
Train/EpiLenStd               0
Train/EpiLenMedian          400
Train/EpiLenMin             400
Train/EpiLenMax             400
Train/NumDeliveryAverage      0
Train/NumDeliveryStd          0
Train/NumDeliveryMedian       0
Train/NumDeliveryMin          0
Train/NumDeliveryMax          0
Train/PickRateAverage         0
Train/PickRateStd             0
Train/PickRateMedian          0
Train/PickRateMin             0
Train/PickRateMax             0
Eval/ReturnAverage          -40
Eval/ReturnStd                0
Eval/ReturnMedian           -40
Eval/ReturnMin              -40
Eval/ReturnMax              -40
Eval/DiscReturnAverage      -17.3068
Eval/DiscReturnStd            0
Eval/DiscReturnMedian       -17.3068
Eval/DiscReturnMin          -17.3068
Eval/DiscReturnMax          -17.3068
Eval/EpiLenAverage          400
Eval/EpiLenStd                0
Eval/EpiLenMedian           400
Eval/EpiLenMin              400
Eval/EpiLenMax              400
Eval/NumDeliveryAverage       0
Eval/NumDeliveryStd           0
Eval/NumDeliveryMedian        0
Eval/NumDeliveryMin           0
Eval/NumDeliveryMax           0
Eval/PickRateAverage          0
Eval/PickRateStd              0
Eval/PickRateMedian           0
Eval/PickRateMin              0
Eval/PickRateMax              0
Agent0/NMacroActions        144.87
Agent1/NMacroActions        267.365
Agent2/NMacroActions         82.255
Agent3/NMacroActions         92.61
Agent4/NMacroActions        103.82
Agent5/NMacroActions         73.645
Joint/Value                   0.339741
Joint/Advantage               0.000304025
Joint/CriticLoss              0.0200752
Joint/VfCoef                  1
Agent0/ActorLoss             -0.00078519
Agent0/Entropy                1.15984
Agent0/ISRatio                0.999887
Agent0/ClipRate               0.162732
Agent1/ActorLoss              0.00334372
Agent1/Entropy                1.38421
Agent1/ISRatio                0.999961
Agent1/ClipRate               0.257968
Agent2/ActorLoss              0.00683351
Agent2/Entropy                1.74766
Agent2/ISRatio                0.999885
Agent2/ClipRate               0.280783
Agent3/ActorLoss              0.00589128
Agent3/Entropy                1.41511
Agent3/ISRatio                1.00002
Agent3/ClipRate               0.279589
Agent4/ActorLoss             -0.00170949
Agent4/Entropy                1.783
Agent4/ISRatio                0.99984
Agent4/ClipRate               0.320461
Agent5/ActorLoss              0.0027825
Agent5/Entropy                1.68351
Agent5/ISRatio                0.999941
Agent5/ClipRate               0.29995
Eps                           0.05
Episodes                  24400
Timesteps                     9.75864e+06
SamplingTime                209.114
TrainingTime                 33.4207
EpochTime                   267.292
TotalTime                 32489.9
------------------------  ---------------
2026-04-17 18:28:12.984068 UTC | [s1_260417_18:22:08] Episode 24600 | Eval Finished
------------------------  ---------------
Train/ReturnAverage         -39.8
Train/ReturnStd               3.0348
Train/ReturnMedian          -40
Train/ReturnMin             -45
Train/ReturnMax             -15
Train/DiscReturnAverage     -17.382
Train/DiscReturnStd           0.76164
Train/DiscReturnMedian      -17.3068
Train/DiscReturnMin         -20.9409
Train/DiscReturnMax         -13.4503
Train/EpiLenAverage         400
Train/EpiLenStd               0
Train/EpiLenMedian          400
Train/EpiLenMin             400
Train/EpiLenMax             400
Train/NumDeliveryAverage      0
Train/NumDeliveryStd          0
Train/NumDeliveryMedian       0
Train/NumDeliveryMin          0
Train/NumDeliveryMax          0
Train/PickRateAverage         0
Train/PickRateStd             0
Train/PickRateMedian          0
Train/PickRateMin             0
Train/PickRateMax             0
Eval/ReturnAverage          -40
Eval/ReturnStd                0
Eval/ReturnMedian           -40
Eval/ReturnMin              -40
Eval/ReturnMax              -40
Eval/DiscReturnAverage      -17.3068
Eval/DiscReturnStd            0
Eval/DiscReturnMedian       -17.3068
Eval/DiscReturnMin          -17.3068
Eval/DiscReturnMax          -17.3068
Eval/EpiLenAverage          400
Eval/EpiLenStd                0
Eval/EpiLenMedian           400
Eval/EpiLenMin              400
Eval/EpiLenMax              400
Eval/NumDeliveryAverage       0
Eval/NumDeliveryStd           0
Eval/NumDeliveryMedian        0
Eval/NumDeliveryMin           0
Eval/NumDeliveryMax           0
Eval/PickRateAverage          0
Eval/PickRateStd              0
Eval/PickRateMedian           0
Eval/PickRateMin              0
Eval/PickRateMax              0
Agent0/NMacroActions        145.095
Agent1/NMacroActions        266.18
Agent2/NMacroActions         80.805
Agent3/NMacroActions         91.745
Agent4/NMacroActions         99.2
Agent5/NMacroActions         70.71
Joint/Value                   0.320307
Joint/Advantage              -0.000200033
Joint/CriticLoss              0.0210285
Joint/VfCoef                  1
Agent0/ActorLoss              0.0189295
Agent0/Entropy                1.14346
Agent0/ISRatio                0.99988
Agent0/ClipRate               0.174007
Agent1/ActorLoss              0.0114485
Agent1/Entropy                1.36665
Agent1/ISRatio                0.999909
Agent1/ClipRate               0.208679
Agent2/ActorLoss              0.0115965
Agent2/Entropy                1.77165
Agent2/ISRatio                0.999898
Agent2/ClipRate               0.294956
Agent3/ActorLoss              0.00462996
Agent3/Entropy                1.36426
Agent3/ISRatio                0.999838
Agent3/ClipRate               0.24687
Agent4/ActorLoss             -0.00575238
Agent4/Entropy                1.74679
Agent4/ISRatio                1.00001
Agent4/ClipRate               0.308539
Agent5/ActorLoss             -0.00115365
Agent5/Entropy                1.69541
Agent5/ISRatio                0.999911
Agent5/ClipRate               0.271761
Eps                           0.05
Episodes                  24600
Timesteps                     9.83864e+06
SamplingTime                209.673
TrainingTime                 32.9818
EpochTime                   267.42
TotalTime                 32757.3
------------------------  ---------------
2026-04-17 18:32:39.013661 UTC | [s1_260417_18:22:08] Episode 24800 | Eval Finished
------------------------  ---------------
Train/ReturnAverage         -40.1
Train/ReturnStd               2.87054
Train/ReturnMedian          -40
Train/ReturnMin             -50
Train/ReturnMax             -25
Train/DiscReturnAverage     -17.5242
Train/DiscReturnStd           0.935
Train/DiscReturnMedian      -17.3068
Train/DiscReturnMin         -23.0713
Train/DiscReturnMax         -14.8236
Train/EpiLenAverage         400
Train/EpiLenStd               0
Train/EpiLenMedian          400
Train/EpiLenMin             400
Train/EpiLenMax             400
Train/NumDeliveryAverage      0
Train/NumDeliveryStd          0
Train/NumDeliveryMedian       0
Train/NumDeliveryMin          0
Train/NumDeliveryMax          0
Train/PickRateAverage         0
Train/PickRateStd             0
Train/PickRateMedian          0
Train/PickRateMin             0
Train/PickRateMax             0
Eval/ReturnAverage          -40
Eval/ReturnStd                0
Eval/ReturnMedian           -40
Eval/ReturnMin              -40
Eval/ReturnMax              -40
Eval/DiscReturnAverage      -17.3068
Eval/DiscReturnStd            0
Eval/DiscReturnMedian       -17.3068
Eval/DiscReturnMin          -17.3068
Eval/DiscReturnMax          -17.3068
Eval/EpiLenAverage          400
Eval/EpiLenStd                0
Eval/EpiLenMedian           400
Eval/EpiLenMin              400
Eval/EpiLenMax              400
Eval/NumDeliveryAverage       0
Eval/NumDeliveryStd           0
Eval/NumDeliveryMedian        0
Eval/NumDeliveryMin           0
Eval/NumDeliveryMax           0
Eval/PickRateAverage          0
Eval/PickRateStd              0
Eval/PickRateMedian           0
Eval/PickRateMin              0
Eval/PickRateMax              0
Agent0/NMacroActions        146.66
Agent1/NMacroActions        271.83
Agent2/NMacroActions         80.415
Agent3/NMacroActions         91.215
Agent4/NMacroActions         96.85
Agent5/NMacroActions         70.725
Joint/Value                   0.324395
Joint/Advantage               3.37052e-05
Joint/CriticLoss              0.0214439
Joint/VfCoef                  1
Agent0/ActorLoss             -0.0279099
Agent0/Entropy                1.1359
Agent0/ISRatio                1.00007
Agent0/ClipRate               0.18151
Agent1/ActorLoss             -0.0219746
Agent1/Entropy                1.36683
Agent1/ISRatio                0.99999
Agent1/ClipRate               0.227457
Agent2/ActorLoss             -0.0295958
Agent2/Entropy                1.80965
Agent2/ISRatio                1.00021
Agent2/ClipRate               0.274865
Agent3/ActorLoss             -0.0291432
Agent3/Entropy                1.35724
Agent3/ISRatio                1.00013
Agent3/ClipRate               0.282254
Agent4/ActorLoss             -0.0167424
Agent4/Entropy                1.76242
Agent4/ISRatio                1.00013
Agent4/ClipRate               0.337138
Agent5/ActorLoss             -0.0188438
Agent5/Entropy                1.70074
Agent5/ISRatio                1.00003
Agent5/ClipRate               0.336822
Eps                           0.05
Episodes                  24800
Timesteps                     9.91864e+06
SamplingTime                208.995
TrainingTime                 32.3798
EpochTime                   265.972
TotalTime                 33023.3
------------------------  ---------------
2026-04-17 18:37:07.672424 UTC | [s1_260417_18:22:08] Episode 25000 | Eval Finished
------------------------  ---------------
Train/ReturnAverage         -39.925
Train/ReturnStd               2.80524
Train/ReturnMedian          -40
Train/ReturnMin             -45
Train/ReturnMax             -15
Train/DiscReturnAverage     -17.4252
Train/DiscReturnStd           0.849438
Train/DiscReturnMedian      -17.3068
Train/DiscReturnMin         -21.5234
Train/DiscReturnMax         -12.9022
Train/EpiLenAverage         400
Train/EpiLenStd               0
Train/EpiLenMedian          400
Train/EpiLenMin             400
Train/EpiLenMax             400
Train/NumDeliveryAverage      0
Train/NumDeliveryStd          0
Train/NumDeliveryMedian       0
Train/NumDeliveryMin          0
Train/NumDeliveryMax          0
Train/PickRateAverage         0
Train/PickRateStd             0
Train/PickRateMedian          0
Train/PickRateMin             0
Train/PickRateMax             0
Eval/ReturnAverage          -40
Eval/ReturnStd                0
Eval/ReturnMedian           -40
Eval/ReturnMin              -40
Eval/ReturnMax              -40
Eval/DiscReturnAverage      -17.3068
Eval/DiscReturnStd            0
Eval/DiscReturnMedian       -17.3068
Eval/DiscReturnMin          -17.3068
Eval/DiscReturnMax          -17.3068
Eval/EpiLenAverage          400
Eval/EpiLenStd                0
Eval/EpiLenMedian           400
Eval/EpiLenMin              400
Eval/EpiLenMax              400
Eval/NumDeliveryAverage       0
Eval/NumDeliveryStd           0
Eval/NumDeliveryMedian        0
Eval/NumDeliveryMin           0
Eval/NumDeliveryMax           0
Eval/PickRateAverage          0
Eval/PickRateStd              0
Eval/PickRateMedian           0
Eval/PickRateMin              0
Eval/PickRateMax              0
Agent0/NMacroActions        150.085
Agent1/NMacroActions        269.955
Agent2/NMacroActions         82.94
Agent3/NMacroActions         97.47
Agent4/NMacroActions        104.875
Agent5/NMacroActions         72.275
Joint/Value                   0.349997
Joint/Advantage              -0.000417043
Joint/CriticLoss              0.0185658
Joint/VfCoef                  1
Agent0/ActorLoss             -0.0110947
Agent0/Entropy                1.09037
Agent0/ISRatio                0.999882
Agent0/ClipRate               0.160508
Agent1/ActorLoss             -0.0130803
Agent1/Entropy                1.32754
Agent1/ISRatio                1.00009
Agent1/ClipRate               0.199886
Agent2/ActorLoss             -0.0224865
Agent2/Entropy                1.78468
Agent2/ISRatio                1.00014
Agent2/ClipRate               0.242556
Agent3/ActorLoss             -0.00934355
Agent3/Entropy                1.29409
Agent3/ISRatio                1.00005
Agent3/ClipRate               0.263602
Agent4/ActorLoss             -0.0189793
Agent4/Entropy                1.74859
Agent4/ISRatio                1.00006
Agent4/ClipRate               0.317289
Agent5/ActorLoss             -0.017434
Agent5/Entropy                1.6766
Agent5/ISRatio                1.00017
Agent5/ClipRate               0.261739
Eps                           0.05
Episodes                  25000
Timesteps                     9.99864e+06
SamplingTime                209.831
TrainingTime                 33.8878
EpochTime                   268.601
TotalTime                 33291.9
------------------------  ---------------
2026-04-17 18:41:38.875335 UTC | [s1_260417_18:22:08] Episode 25200 | Eval Finished
------------------------  ---------------
Train/ReturnAverage         -40.05
Train/ReturnStd               1.87016
Train/ReturnMedian          -40
Train/ReturnMin             -45
Train/ReturnMax             -35
Train/DiscReturnAverage     -17.4805
Train/DiscReturnStd           0.724167
Train/DiscReturnMedian      -17.3068
Train/DiscReturnMin         -21.968
Train/DiscReturnMax         -15.1891
Train/EpiLenAverage         400
Train/EpiLenStd               0
Train/EpiLenMedian          400
Train/EpiLenMin             400
Train/EpiLenMax             400
Train/NumDeliveryAverage      0
Train/NumDeliveryStd          0
Train/NumDeliveryMedian       0
Train/NumDeliveryMin          0
Train/NumDeliveryMax          0
Train/PickRateAverage         0
Train/PickRateStd             0
Train/PickRateMedian          0
Train/PickRateMin             0
Train/PickRateMax             0
Eval/ReturnAverage          -40
Eval/ReturnStd                0
Eval/ReturnMedian           -40
Eval/ReturnMin              -40
Eval/ReturnMax              -40
Eval/DiscReturnAverage      -17.3068
Eval/DiscReturnStd            0
Eval/DiscReturnMedian       -17.3068
Eval/DiscReturnMin          -17.3068
Eval/DiscReturnMax          -17.3068
Eval/EpiLenAverage          400
Eval/EpiLenStd                0
Eval/EpiLenMedian           400
Eval/EpiLenMin              400
Eval/EpiLenMax              400
Eval/NumDeliveryAverage       0
Eval/NumDeliveryStd           0
Eval/NumDeliveryMedian        0
Eval/NumDeliveryMin           0
Eval/NumDeliveryMax           0
Eval/PickRateAverage          0
Eval/PickRateStd              0
Eval/PickRateMedian           0
Eval/PickRateMin              0
Eval/PickRateMax              0
Agent0/NMacroActions        149.865
Agent1/NMacroActions        270.245
Agent2/NMacroActions         80.505
Agent3/NMacroActions         96.43
Agent4/NMacroActions        102.605
Agent5/NMacroActions         70.97
Joint/Value                   0.322574
Joint/Advantage              -0.000241564
Joint/CriticLoss              0.0188706
Joint/VfCoef                  1
Agent0/ActorLoss              0.0368925
Agent0/Entropy                1.06529
Agent0/ISRatio                0.999871
Agent0/ClipRate               0.155756
Agent1/ActorLoss              0.0426288
Agent1/Entropy                1.33628
Agent1/ISRatio                0.999911
Agent1/ClipRate               0.218909
Agent2/ActorLoss              0.040468
Agent2/Entropy                1.81224
Agent2/ISRatio                0.999729
Agent2/ClipRate               0.238455
Agent3/ActorLoss              0.0309651
Agent3/Entropy                1.28379
Agent3/ISRatio                0.999752
Agent3/ClipRate               0.220653
Agent4/ActorLoss              0.0210951
Agent4/Entropy                1.73765
Agent4/ISRatio                0.999792
Agent4/ClipRate               0.301618
Agent5/ActorLoss              0.0432897
Agent5/Entropy                1.67957
Agent5/ISRatio                0.999823
Agent5/ClipRate               0.254793
Eps                           0.05
Episodes                  25200
Timesteps                     1.00786e+07
SamplingTime                211.675
TrainingTime                 34.8473
EpochTime                   271.161
TotalTime                 33563.1
------------------------  ---------------
2026-04-17 18:46:08.281244 UTC | [s1_260417_18:22:08] Episode 25400 | Eval Finished
------------------------  ---------------
Train/ReturnAverage         -40
Train/ReturnStd               1.87083
Train/ReturnMedian          -40
Train/ReturnMin             -45
Train/ReturnMax             -35
Train/DiscReturnAverage     -17.3935
Train/DiscReturnStd           0.430432
Train/DiscReturnMedian      -17.3068
Train/DiscReturnMin         -19.397
Train/DiscReturnMax         -16.3391
Train/EpiLenAverage         400
Train/EpiLenStd               0
Train/EpiLenMedian          400
Train/EpiLenMin             400
Train/EpiLenMax             400
Train/NumDeliveryAverage      0
Train/NumDeliveryStd          0
Train/NumDeliveryMedian       0
Train/NumDeliveryMin          0
Train/NumDeliveryMax          0
Train/PickRateAverage         0
Train/PickRateStd             0
Train/PickRateMedian          0
Train/PickRateMin             0
Train/PickRateMax             0
Eval/ReturnAverage          -40
Eval/ReturnStd                0
Eval/ReturnMedian           -40
Eval/ReturnMin              -40
Eval/ReturnMax              -40
Eval/DiscReturnAverage      -17.3068
Eval/DiscReturnStd            0
Eval/DiscReturnMedian       -17.3068
Eval/DiscReturnMin          -17.3068
Eval/DiscReturnMax          -17.3068
Eval/EpiLenAverage          400
Eval/EpiLenStd                0
Eval/EpiLenMedian           400
Eval/EpiLenMin              400
Eval/EpiLenMax              400
Eval/NumDeliveryAverage       0
Eval/NumDeliveryStd           0
Eval/NumDeliveryMedian        0
Eval/NumDeliveryMin           0
Eval/NumDeliveryMax           0
Eval/PickRateAverage          0
Eval/PickRateStd              0
Eval/PickRateMedian           0
Eval/PickRateMin              0
Eval/PickRateMax              0
Agent0/NMacroActions        146.325
Agent1/NMacroActions        272.81
Agent2/NMacroActions         81.85
Agent3/NMacroActions         94.005
Agent4/NMacroActions         97.17
Agent5/NMacroActions         67.89
Joint/Value                   0.290344
Joint/Advantage               0.000499836
Joint/CriticLoss              0.0186622
Joint/VfCoef                  1
Agent0/ActorLoss              0.0780508
Agent0/Entropy                1.11257
Agent0/ISRatio                0.999712
Agent0/ClipRate               0.149061
Agent1/ActorLoss              0.0639411
Agent1/Entropy                1.35048
Agent1/ISRatio                0.999811
Agent1/ClipRate               0.193757
Agent2/ActorLoss              0.0560812
Agent2/Entropy                1.83774
Agent2/ISRatio                0.999613
Agent2/ClipRate               0.273521
Agent3/ActorLoss              0.0653659
Agent3/Entropy                1.32349
Agent3/ISRatio                0.999532
Agent3/ClipRate               0.220495
Agent4/ActorLoss              0.0728819
Agent4/Entropy                1.7486
Agent4/ISRatio                0.999491
Agent4/ClipRate               0.285797
Agent5/ActorLoss              0.0766614
Agent5/Entropy                1.70206
Agent5/ISRatio                0.999726
Agent5/ClipRate               0.264334
Eps                           0.05
Episodes                  25400
Timesteps                     1.01586e+07
SamplingTime                211.132
TrainingTime                 34.3718
EpochTime                   269.364
TotalTime                 33832.4
------------------------  ---------------
2026-04-17 18:50:35.457575 UTC | [s1_260417_18:22:08] Episode 25600 | Eval Finished
------------------------  ---------------
Train/ReturnAverage         -40
Train/ReturnStd               2.39792
Train/ReturnMedian          -40
Train/ReturnMin             -50
Train/ReturnMax             -25
Train/DiscReturnAverage     -17.5219
Train/DiscReturnStd           1.06181
Train/DiscReturnMedian      -17.3068
Train/DiscReturnMin         -25.6978
Train/DiscReturnMax         -13.8129
Train/EpiLenAverage         400
Train/EpiLenStd               0
Train/EpiLenMedian          400
Train/EpiLenMin             400
Train/EpiLenMax             400
Train/NumDeliveryAverage      0
Train/NumDeliveryStd          0
Train/NumDeliveryMedian       0
Train/NumDeliveryMin          0
Train/NumDeliveryMax          0
Train/PickRateAverage         0
Train/PickRateStd             0
Train/PickRateMedian          0
Train/PickRateMin             0
Train/PickRateMax             0
Eval/ReturnAverage          -40
Eval/ReturnStd                0
Eval/ReturnMedian           -40
Eval/ReturnMin              -40
Eval/ReturnMax              -40
Eval/DiscReturnAverage      -17.3068
Eval/DiscReturnStd            0
Eval/DiscReturnMedian       -17.3068
Eval/DiscReturnMin          -17.3068
Eval/DiscReturnMax          -17.3068
Eval/EpiLenAverage          400
Eval/EpiLenStd                0
Eval/EpiLenMedian           400
Eval/EpiLenMin              400
Eval/EpiLenMax              400
Eval/NumDeliveryAverage       0
Eval/NumDeliveryStd           0
Eval/NumDeliveryMedian        0
Eval/NumDeliveryMin           0
Eval/NumDeliveryMax           0
Eval/PickRateAverage          0
Eval/PickRateStd              0
Eval/PickRateMedian           0
Eval/PickRateMin              0
Eval/PickRateMax              0
Agent0/NMacroActions        144.93
Agent1/NMacroActions        271.16
Agent2/NMacroActions         84.935
Agent3/NMacroActions         91.31
Agent4/NMacroActions         99.91
Agent5/NMacroActions         69.655
Joint/Value                   0.26751
Joint/Advantage              -0.000338158
Joint/CriticLoss              0.0221371
Joint/VfCoef                  1
Agent0/ActorLoss              0.0219832
Agent0/Entropy                1.12853
Agent0/ISRatio                0.999891
Agent0/ClipRate               0.16395
Agent1/ActorLoss              0.0257722
Agent1/Entropy                1.37359
Agent1/ISRatio                0.99985
Agent1/ClipRate               0.215475
Agent2/ActorLoss              0.0159147
Agent2/Entropy                1.85396
Agent2/ISRatio                0.999988
Agent2/ClipRate               0.270822
Agent3/ActorLoss              0.0322799
Agent3/Entropy                1.35333
Agent3/ISRatio                0.99975
Agent3/ClipRate               0.255746
Agent4/ActorLoss              0.0110954
Agent4/Entropy                1.78598
Agent4/ISRatio                0.99975
Agent4/ClipRate               0.333347
Agent5/ActorLoss              0.0321633
Agent5/Entropy                1.73642
Agent5/ISRatio                0.999824
Agent5/ClipRate               0.258361
Eps                           0.05
Episodes                  25600
Timesteps                     1.02386e+07
SamplingTime                210.728
TrainingTime                 32.176
EpochTime                   267.134
TotalTime                 34099.6
------------------------  ---------------
2026-04-17 18:54:58.911273 UTC | [s1_260417_18:22:08] Episode 25800 | Eval Finished
------------------------  ---------------
Train/ReturnAverage         -40.1
Train/ReturnStd               2.44745
Train/ReturnMedian          -40
Train/ReturnMin             -50
Train/ReturnMax             -30
Train/DiscReturnAverage     -17.5094
Train/DiscReturnStd           0.852309
Train/DiscReturnMedian      -17.3068
Train/DiscReturnMin         -21.6475
Train/DiscReturnMax         -14.6142
Train/EpiLenAverage         400
Train/EpiLenStd               0
Train/EpiLenMedian          400
Train/EpiLenMin             400
Train/EpiLenMax             400
Train/NumDeliveryAverage      0
Train/NumDeliveryStd          0
Train/NumDeliveryMedian       0
Train/NumDeliveryMin          0
Train/NumDeliveryMax          0
Train/PickRateAverage         0
Train/PickRateStd             0
Train/PickRateMedian          0
Train/PickRateMin             0
Train/PickRateMax             0
Eval/ReturnAverage          -40
Eval/ReturnStd                0
Eval/ReturnMedian           -40
Eval/ReturnMin              -40
Eval/ReturnMax              -40
Eval/DiscReturnAverage      -17.3068
Eval/DiscReturnStd            0
Eval/DiscReturnMedian       -17.3068
Eval/DiscReturnMin          -17.3068
Eval/DiscReturnMax          -17.3068
Eval/EpiLenAverage          400
Eval/EpiLenStd                0
Eval/EpiLenMedian           400
Eval/EpiLenMin              400
Eval/EpiLenMax              400
Eval/NumDeliveryAverage       0
Eval/NumDeliveryStd           0
Eval/NumDeliveryMedian        0
Eval/NumDeliveryMin           0
Eval/NumDeliveryMax           0
Eval/PickRateAverage          0
Eval/PickRateStd              0
Eval/PickRateMedian           0
Eval/PickRateMin              0
Eval/PickRateMax              0
Agent0/NMacroActions        150.61
Agent1/NMacroActions        273.765
Agent2/NMacroActions         84.835
Agent3/NMacroActions         91.675
Agent4/NMacroActions         96.24
Agent5/NMacroActions         71.45
Joint/Value                   0.283829
Joint/Advantage              -0.000424845
Joint/CriticLoss              0.0218967
Joint/VfCoef                  1
Agent0/ActorLoss              0.0213377
Agent0/Entropy                1.10147
Agent0/ISRatio                0.999837
Agent0/ClipRate               0.180716
Agent1/ActorLoss              0.016345
Agent1/Entropy                1.38212
Agent1/ISRatio                0.999989
Agent1/ClipRate               0.215345
Agent2/ActorLoss              0.0114651
Agent2/Entropy                1.85466
Agent2/ISRatio                0.999956
Agent2/ClipRate               0.284703
Agent3/ActorLoss              0.0120764
Agent3/Entropy                1.35716
Agent3/ISRatio                0.999873
Agent3/ClipRate               0.284447
Agent4/ActorLoss              0.00732942
Agent4/Entropy                1.76586
Agent4/ISRatio                1.00002
Agent4/ClipRate               0.357012
Agent5/ActorLoss              0.0221834
Agent5/Entropy                1.73337
Agent5/ISRatio                0.999985
Agent5/ClipRate               0.288489
Eps                           0.05
Episodes                  25800
Timesteps                     1.03186e+07
SamplingTime                207.498
TrainingTime                 32.1634
EpochTime                   263.413
TotalTime                 34363
------------------------  ---------------
2026-04-17 18:59:23.409503 UTC | [s1_260417_18:22:08] Episode 26000 | Eval Finished
------------------------  ---------------
Train/ReturnAverage         -40.225
Train/ReturnStd               2.07951
Train/ReturnMedian          -40
Train/ReturnMin             -50
Train/ReturnMax             -35
Train/DiscReturnAverage     -17.5352
Train/DiscReturnStd           0.867681
Train/DiscReturnMedian      -17.3068
Train/DiscReturnMin         -22.4219
Train/DiscReturnMax         -15.1578
Train/EpiLenAverage         400
Train/EpiLenStd               0
Train/EpiLenMedian          400
Train/EpiLenMin             400
Train/EpiLenMax             400
Train/NumDeliveryAverage      0
Train/NumDeliveryStd          0
Train/NumDeliveryMedian       0
Train/NumDeliveryMin          0
Train/NumDeliveryMax          0
Train/PickRateAverage         0
Train/PickRateStd             0
Train/PickRateMedian          0
Train/PickRateMin             0
Train/PickRateMax             0
Eval/ReturnAverage          -40
Eval/ReturnStd                0
Eval/ReturnMedian           -40
Eval/ReturnMin              -40
Eval/ReturnMax              -40
Eval/DiscReturnAverage      -17.3068
Eval/DiscReturnStd            0
Eval/DiscReturnMedian       -17.3068
Eval/DiscReturnMin          -17.3068
Eval/DiscReturnMax          -17.3068
Eval/EpiLenAverage          400
Eval/EpiLenStd                0
Eval/EpiLenMedian           400
Eval/EpiLenMin              400
Eval/EpiLenMax              400
Eval/NumDeliveryAverage       0
Eval/NumDeliveryStd           0
Eval/NumDeliveryMedian        0
Eval/NumDeliveryMin           0
Eval/NumDeliveryMax           0
Eval/PickRateAverage          0
Eval/PickRateStd              0
Eval/PickRateMedian           0
Eval/PickRateMin              0
Eval/PickRateMax              0
Agent0/NMacroActions        150.92
Agent1/NMacroActions        272.935
Agent2/NMacroActions         86.73
Agent3/NMacroActions         88.13
Agent4/NMacroActions         97.915
Agent5/NMacroActions         72.635
Joint/Value                   0.25007
Joint/Advantage              -5.90002e-06
Joint/CriticLoss              0.0202976
Joint/VfCoef                  1
Agent0/ActorLoss              0.0274182
Agent0/Entropy                1.10283
Agent0/ISRatio                0.999892
Agent0/ClipRate               0.154983
Agent1/ActorLoss              0.0227849
Agent1/Entropy                1.37772
Agent1/ISRatio                0.999968
Agent1/ClipRate               0.230083
Agent2/ActorLoss              0.00997394
Agent2/Entropy                1.84223
Agent2/ISRatio                0.999951
Agent2/ClipRate               0.293984
Agent3/ActorLoss              0.00220718
Agent3/Entropy                1.39845
Agent3/ISRatio                1.0001
Agent3/ClipRate               0.271075
Agent4/ActorLoss              0.0228629
Agent4/Entropy                1.75918
Agent4/ISRatio                0.999892
Agent4/ClipRate               0.309272
Agent5/ActorLoss              0.0220884
Agent5/Entropy                1.74768
Agent5/ISRatio                1.00001
Agent5/ClipRate               0.283978
Eps                           0.05
Episodes                  26000
Timesteps                     1.03986e+07
SamplingTime                208.606
TrainingTime                 32.9698
EpochTime                   264.44
TotalTime                 34627.4
------------------------  ---------------
2026-04-17 19:03:50.349037 UTC | [s1_260417_18:22:08] Episode 26200 | Eval Finished
------------------------  ---------------
Train/ReturnAverage         -39.875
Train/ReturnStd               2.36841
Train/ReturnMedian          -40
Train/ReturnMin             -45
Train/ReturnMax             -25
Train/DiscReturnAverage     -17.4898
Train/DiscReturnStd           0.89392
Train/DiscReturnMedian      -17.3068
Train/DiscReturnMin         -22.8436
Train/DiscReturnMax         -14.2167
Train/EpiLenAverage         400
Train/EpiLenStd               0
Train/EpiLenMedian          400
Train/EpiLenMin             400
Train/EpiLenMax             400
Train/NumDeliveryAverage      0
Train/NumDeliveryStd          0
Train/NumDeliveryMedian       0
Train/NumDeliveryMin          0
Train/NumDeliveryMax          0
Train/PickRateAverage         0
Train/PickRateStd             0
Train/PickRateMedian          0
Train/PickRateMin             0
Train/PickRateMax             0
Eval/ReturnAverage          -40
Eval/ReturnStd                0
Eval/ReturnMedian           -40
Eval/ReturnMin              -40
Eval/ReturnMax              -40
Eval/DiscReturnAverage      -17.3068
Eval/DiscReturnStd            0
Eval/DiscReturnMedian       -17.3068
Eval/DiscReturnMin          -17.3068
Eval/DiscReturnMax          -17.3068
Eval/EpiLenAverage          400
Eval/EpiLenStd                0
Eval/EpiLenMedian           400
Eval/EpiLenMin              400
Eval/EpiLenMax              400
Eval/NumDeliveryAverage       0
Eval/NumDeliveryStd           0
Eval/NumDeliveryMedian        0
Eval/NumDeliveryMin           0
Eval/NumDeliveryMax           0
Eval/PickRateAverage          0
Eval/PickRateStd              0
Eval/PickRateMedian           0
Eval/PickRateMin              0
Eval/PickRateMax              0
Agent0/NMacroActions        151.24
Agent1/NMacroActions        276.34
Agent2/NMacroActions         88.44
Agent3/NMacroActions         91.29
Agent4/NMacroActions         99.27
Agent5/NMacroActions         71.57
Joint/Value                   0.26786
Joint/Advantage               7.89124e-05
Joint/CriticLoss              0.0232689
Joint/VfCoef                  1
Agent0/ActorLoss             -0.0129014
Agent0/Entropy                1.10698
Agent0/ISRatio                0.999919
Agent0/ClipRate               0.17744
Agent1/ActorLoss             -0.0030731
Agent1/Entropy                1.37449
Agent1/ISRatio                0.999998
Agent1/ClipRate               0.238001
Agent2/ActorLoss             -0.0188159
Agent2/Entropy                1.81086
Agent2/ISRatio                0.999897
Agent2/ClipRate               0.263302
Agent3/ActorLoss             -0.0132648
Agent3/Entropy                1.3645
Agent3/ISRatio                1.00009
Agent3/ClipRate               0.270635
Agent4/ActorLoss             -0.00531357
Agent4/Entropy                1.75073
Agent4/ISRatio                0.999988
Agent4/ClipRate               0.335262
Agent5/ActorLoss             -0.0150821
Agent5/Entropy                1.7454
Agent5/ISRatio                0.999959
Agent5/ClipRate               0.313576
Eps                           0.05
Episodes                  26200
Timesteps                     1.04786e+07
SamplingTime                209.955
TrainingTime                 32.8658
EpochTime                   266.879
TotalTime                 34894.3
------------------------  ---------------
2026-04-17 19:08:19.757143 UTC | [s1_260417_18:22:08] Episode 26400 | Eval Finished
------------------------  ---------------
Train/ReturnAverage         -39.825
Train/ReturnStd               2.71005
Train/ReturnMedian          -40
Train/ReturnMin             -50
Train/ReturnMax             -25
Train/DiscReturnAverage     -17.4431
Train/DiscReturnStd           0.872214
Train/DiscReturnMedian      -17.3068
Train/DiscReturnMin         -23.0453
Train/DiscReturnMax         -14.0936
Train/EpiLenAverage         400
Train/EpiLenStd               0
Train/EpiLenMedian          400
Train/EpiLenMin             400
Train/EpiLenMax             400
Train/NumDeliveryAverage      0
Train/NumDeliveryStd          0
Train/NumDeliveryMedian       0
Train/NumDeliveryMin          0
Train/NumDeliveryMax          0
Train/PickRateAverage         0
Train/PickRateStd             0
Train/PickRateMedian          0
Train/PickRateMin             0
Train/PickRateMax             0
Eval/ReturnAverage          -40
Eval/ReturnStd                0
Eval/ReturnMedian           -40
Eval/ReturnMin              -40
Eval/ReturnMax              -40
Eval/DiscReturnAverage      -17.3068
Eval/DiscReturnStd            0
Eval/DiscReturnMedian       -17.3068
Eval/DiscReturnMin          -17.3068
Eval/DiscReturnMax          -17.3068
Eval/EpiLenAverage          400
Eval/EpiLenStd                0
Eval/EpiLenMedian           400
Eval/EpiLenMin              400
Eval/EpiLenMax              400
Eval/NumDeliveryAverage       0
Eval/NumDeliveryStd           0
Eval/NumDeliveryMedian        0
Eval/NumDeliveryMin           0
Eval/NumDeliveryMax           0
Eval/PickRateAverage          0
Eval/PickRateStd              0
Eval/PickRateMedian           0
Eval/PickRateMin              0
Eval/PickRateMax              0
Agent0/NMacroActions        143.87
Agent1/NMacroActions        276.375
Agent2/NMacroActions         88.81
Agent3/NMacroActions         97.48
Agent4/NMacroActions        101.305
Agent5/NMacroActions         72.985
Joint/Value                   0.326578
Joint/Advantage               0.000262031
Joint/CriticLoss              0.0235465
Joint/VfCoef                  1
Agent0/ActorLoss              0.00782784
Agent0/Entropy                1.12381
Agent0/ISRatio                0.999872
Agent0/ClipRate               0.180686
Agent1/ActorLoss              0.0174503
Agent1/Entropy                1.36139
Agent1/ISRatio                0.999917
Agent1/ClipRate               0.22672
Agent2/ActorLoss             -0.0114937
Agent2/Entropy                1.77446
Agent2/ISRatio                1.00004
Agent2/ClipRate               0.273682
Agent3/ActorLoss             -0.0113909
Agent3/Entropy                1.30527
Agent3/ISRatio                0.999987
Agent3/ClipRate               0.25136
Agent4/ActorLoss             -0.00951394
Agent4/Entropy                1.74331
Agent4/ISRatio                0.999977
Agent4/ClipRate               0.340329
Agent5/ActorLoss              0.00667122
Agent5/Entropy                1.72705
Agent5/ISRatio                0.999909
Agent5/ClipRate               0.243264
Eps                           0.05
Episodes                  26400
Timesteps                     1.05586e+07
SamplingTime                210.462
TrainingTime                 33.9101
EpochTime                   269.346
TotalTime                 35163.6
------------------------  ---------------
2026-04-17 19:12:45.837253 UTC | [s1_260417_18:22:08] Episode 26600 | Eval Finished
------------------------  ---------------
Train/ReturnAverage         -39.975
Train/ReturnStd               2.0915
Train/ReturnMedian          -40
Train/ReturnMin             -50
Train/ReturnMax             -35
Train/DiscReturnAverage     -17.4832
Train/DiscReturnStd           0.884652
Train/DiscReturnMedian      -17.3068
Train/DiscReturnMin         -25.5354
Train/DiscReturnMax         -15.5406
Train/EpiLenAverage         400
Train/EpiLenStd               0
Train/EpiLenMedian          400
Train/EpiLenMin             400
Train/EpiLenMax             400
Train/NumDeliveryAverage      0
Train/NumDeliveryStd          0
Train/NumDeliveryMedian       0
Train/NumDeliveryMin          0
Train/NumDeliveryMax          0
Train/PickRateAverage         0
Train/PickRateStd             0
Train/PickRateMedian          0
Train/PickRateMin             0
Train/PickRateMax             0
Eval/ReturnAverage          -40
Eval/ReturnStd                0
Eval/ReturnMedian           -40
Eval/ReturnMin              -40
Eval/ReturnMax              -40
Eval/DiscReturnAverage      -17.3068
Eval/DiscReturnStd            0
Eval/DiscReturnMedian       -17.3068
Eval/DiscReturnMin          -17.3068
Eval/DiscReturnMax          -17.3068
Eval/EpiLenAverage          400
Eval/EpiLenStd                0
Eval/EpiLenMedian           400
Eval/EpiLenMin              400
Eval/EpiLenMax              400
Eval/NumDeliveryAverage       0
Eval/NumDeliveryStd           0
Eval/NumDeliveryMedian        0
Eval/NumDeliveryMin           0
Eval/NumDeliveryMax           0
Eval/PickRateAverage          0
Eval/PickRateStd              0
Eval/PickRateMedian           0
Eval/PickRateMin              0
Eval/PickRateMax              0
Agent0/NMacroActions        145.26
Agent1/NMacroActions        281.87
Agent2/NMacroActions         91.425
Agent3/NMacroActions         99.22
Agent4/NMacroActions         97.98
Agent5/NMacroActions         74.485
Joint/Value                   0.348061
Joint/Advantage               6.4534e-05
Joint/CriticLoss              0.019422
Joint/VfCoef                  1
Agent0/ActorLoss              0.0566876
Agent0/Entropy                1.13661
Agent0/ISRatio                0.999805
Agent0/ClipRate               0.172275
Agent1/ActorLoss              0.0609831
Agent1/Entropy                1.37522
Agent1/ISRatio                0.999799
Agent1/ClipRate               0.209668
Agent2/ActorLoss              0.0508466
Agent2/Entropy                1.77487
Agent2/ISRatio                0.999748
Agent2/ClipRate               0.267178
Agent3/ActorLoss              0.0426314
Agent3/Entropy                1.29931
Agent3/ISRatio                0.999673
Agent3/ClipRate               0.226261
Agent4/ActorLoss              0.0232734
Agent4/Entropy                1.7315
Agent4/ISRatio                0.999665
Agent4/ClipRate               0.322113
Agent5/ActorLoss              0.0518114
Agent5/Entropy                1.73929
Agent5/ISRatio                0.999741
Agent5/ClipRate               0.276935
Eps                           0.05
Episodes                  26600
Timesteps                     1.06386e+07
SamplingTime                208.251
TrainingTime                 33.8314
EpochTime                   266.036
TotalTime                 35429.7
------------------------  ---------------
2026-04-17 19:17:11.828953 UTC | [s1_260417_18:22:08] Episode 26800 | Eval Finished
------------------------  ---------------
Train/ReturnAverage         -39.9
Train/ReturnStd               2.05913
Train/ReturnMedian          -40
Train/ReturnMin             -45
Train/ReturnMax             -30
Train/DiscReturnAverage     -17.3995
Train/DiscReturnStd           0.593613
Train/DiscReturnMedian      -17.3068
Train/DiscReturnMin         -21.378
Train/DiscReturnMax         -15.6211
Train/EpiLenAverage         400
Train/EpiLenStd               0
Train/EpiLenMedian          400
Train/EpiLenMin             400
Train/EpiLenMax             400
Train/NumDeliveryAverage      0
Train/NumDeliveryStd          0
Train/NumDeliveryMedian       0
Train/NumDeliveryMin          0
Train/NumDeliveryMax          0
Train/PickRateAverage         0
Train/PickRateStd             0
Train/PickRateMedian          0
Train/PickRateMin             0
Train/PickRateMax             0
Eval/ReturnAverage          -40
Eval/ReturnStd                0
Eval/ReturnMedian           -40
Eval/ReturnMin              -40
Eval/ReturnMax              -40
Eval/DiscReturnAverage      -17.3068
Eval/DiscReturnStd            0
Eval/DiscReturnMedian       -17.3068
Eval/DiscReturnMin          -17.3068
Eval/DiscReturnMax          -17.3068
Eval/EpiLenAverage          400
Eval/EpiLenStd                0
Eval/EpiLenMedian           400
Eval/EpiLenMin              400
Eval/EpiLenMax              400
Eval/NumDeliveryAverage       0
Eval/NumDeliveryStd           0
Eval/NumDeliveryMedian        0
Eval/NumDeliveryMin           0
Eval/NumDeliveryMax           0
Eval/PickRateAverage          0
Eval/PickRateStd              0
Eval/PickRateMedian           0
Eval/PickRateMin              0
Eval/PickRateMax              0
Agent0/NMacroActions        141.305
Agent1/NMacroActions        275.185
Agent2/NMacroActions         90.72
Agent3/NMacroActions        100.75
Agent4/NMacroActions        105.2
Agent5/NMacroActions         73.86
Joint/Value                   0.294635
Joint/Advantage               0.000527701
Joint/CriticLoss              0.0201336
Joint/VfCoef                  1
Agent0/ActorLoss              0.0619182
Agent0/Entropy                1.14406
Agent0/ISRatio                0.999795
Agent0/ClipRate               0.171799
Agent1/ActorLoss              0.0720211
Agent1/Entropy                1.40172
Agent1/ISRatio                0.99971
Agent1/ClipRate               0.233475
Agent2/ActorLoss              0.0731813
Agent2/Entropy                1.77722
Agent2/ISRatio                0.999695
Agent2/ClipRate               0.259744
Agent3/ActorLoss              0.066869
Agent3/Entropy                1.28685
Agent3/ISRatio                0.999557
Agent3/ClipRate               0.251423
Agent4/ActorLoss              0.0700803
Agent4/Entropy                1.73792
Agent4/ISRatio                0.999624
Agent4/ClipRate               0.278496
Agent5/ActorLoss              0.0578017
Agent5/Entropy                1.74333
Agent5/ISRatio                0.999684
Agent5/ClipRate               0.264753
Eps                           0.05
Episodes                  26800
Timesteps                     1.07186e+07
SamplingTime                209.019
TrainingTime                 33.0696
EpochTime                   265.949
TotalTime                 35695.6
------------------------  ---------------
2026-04-17 19:21:38.896273 UTC | [s1_260417_18:22:08] Episode 27000 | Eval Finished
------------------------  ---------------
Train/ReturnAverage         -39.925
Train/ReturnStd               2.52376
Train/ReturnMedian          -40
Train/ReturnMin             -45
Train/ReturnMax             -15
Train/DiscReturnAverage     -17.4245
Train/DiscReturnStd           0.790248
Train/DiscReturnMedian      -17.3068
Train/DiscReturnMin         -21.7624
Train/DiscReturnMax         -12.3601
Train/EpiLenAverage         400
Train/EpiLenStd               0
Train/EpiLenMedian          400
Train/EpiLenMin             400
Train/EpiLenMax             400
Train/NumDeliveryAverage      0
Train/NumDeliveryStd          0
Train/NumDeliveryMedian       0
Train/NumDeliveryMin          0
Train/NumDeliveryMax          0
Train/PickRateAverage         0
Train/PickRateStd             0
Train/PickRateMedian          0
Train/PickRateMin             0
Train/PickRateMax             0
Eval/ReturnAverage          -40
Eval/ReturnStd                0
Eval/ReturnMedian           -40
Eval/ReturnMin              -40
Eval/ReturnMax              -40
Eval/DiscReturnAverage      -17.3068
Eval/DiscReturnStd            0
Eval/DiscReturnMedian       -17.3068
Eval/DiscReturnMin          -17.3068
Eval/DiscReturnMax          -17.3068
Eval/EpiLenAverage          400
Eval/EpiLenStd                0
Eval/EpiLenMedian           400
Eval/EpiLenMin              400
Eval/EpiLenMax              400
Eval/NumDeliveryAverage       0
Eval/NumDeliveryStd           0
Eval/NumDeliveryMedian        0
Eval/NumDeliveryMin           0
Eval/NumDeliveryMax           0
Eval/PickRateAverage          0
Eval/PickRateStd              0
Eval/PickRateMedian           0
Eval/PickRateMin              0
Eval/PickRateMax              0
Agent0/NMacroActions        138.975
Agent1/NMacroActions        274.78
Agent2/NMacroActions         89.73
Agent3/NMacroActions         97.26
Agent4/NMacroActions        107.855
Agent5/NMacroActions         73.065
Joint/Value                   0.254567
Joint/Advantage              -0.0012128
Joint/CriticLoss              0.0193223
Joint/VfCoef                  1
Agent0/ActorLoss              0.0353387
Agent0/Entropy                1.1515
Agent0/ISRatio                0.999871
Agent0/ClipRate               0.173313
Agent1/ActorLoss              0.0369374
Agent1/Entropy                1.41222
Agent1/ISRatio                0.999867
Agent1/ClipRate               0.213094
Agent2/ActorLoss              0.0280478
Agent2/Entropy                1.84912
Agent2/ISRatio                0.999806
Agent2/ClipRate               0.252096
Agent3/ActorLoss              0.0393531
Agent3/Entropy                1.26422
Agent3/ISRatio                0.999733
Agent3/ClipRate               0.235252
Agent4/ActorLoss              0.0375153
Agent4/Entropy                1.7466
Agent4/ISRatio                0.99984
Agent4/ClipRate               0.30207
Agent5/ActorLoss              0.0295551
Agent5/Entropy                1.74297
Agent5/ISRatio                0.999911
Agent5/ClipRate               0.250838
Eps                           0.05
Episodes                  27000
Timesteps                     1.07986e+07
SamplingTime                210.356
TrainingTime                 33.5141
EpochTime                   267.012
TotalTime                 35962.6
------------------------  ---------------
2026-04-17 19:26:04.480296 UTC | [s1_260417_18:22:08] Episode 27200 | Eval Finished
------------------------  ---------------
Train/ReturnAverage         -39.9
Train/ReturnStd               2.498
Train/ReturnMedian          -40
Train/ReturnMin             -45
Train/ReturnMax             -25
Train/DiscReturnAverage     -17.4345
Train/DiscReturnStd           0.791659
Train/DiscReturnMedian      -17.3068
Train/DiscReturnMin         -21.5873
Train/DiscReturnMax         -14.7404
Train/EpiLenAverage         400
Train/EpiLenStd               0
Train/EpiLenMedian          400
Train/EpiLenMin             400
Train/EpiLenMax             400
Train/NumDeliveryAverage      0
Train/NumDeliveryStd          0
Train/NumDeliveryMedian       0
Train/NumDeliveryMin          0
Train/NumDeliveryMax          0
Train/PickRateAverage         0
Train/PickRateStd             0
Train/PickRateMedian          0
Train/PickRateMin             0
Train/PickRateMax             0
Eval/ReturnAverage          -40
Eval/ReturnStd                0
Eval/ReturnMedian           -40
Eval/ReturnMin              -40
Eval/ReturnMax              -40
Eval/DiscReturnAverage      -17.3068
Eval/DiscReturnStd            0
Eval/DiscReturnMedian       -17.3068
Eval/DiscReturnMin          -17.3068
Eval/DiscReturnMax          -17.3068
Eval/EpiLenAverage          400
Eval/EpiLenStd                0
Eval/EpiLenMedian           400
Eval/EpiLenMin              400
Eval/EpiLenMax              400
Eval/NumDeliveryAverage       0
Eval/NumDeliveryStd           0
Eval/NumDeliveryMedian        0
Eval/NumDeliveryMin           0
Eval/NumDeliveryMax           0
Eval/PickRateAverage          0
Eval/PickRateStd              0
Eval/PickRateMedian           0
Eval/PickRateMin              0
Eval/PickRateMax              0
Agent0/NMacroActions        149.915
Agent1/NMacroActions        271.3
Agent2/NMacroActions         91.77
Agent3/NMacroActions        101.46
Agent4/NMacroActions        109.985
Agent5/NMacroActions         73.74
Joint/Value                   0.289995
Joint/Advantage              -0.000109984
Joint/CriticLoss              0.0237362
Joint/VfCoef                  1
Agent0/ActorLoss             -0.00376279
Agent0/Entropy                1.14821
Agent0/ISRatio                0.999914
Agent0/ClipRate               0.185439
Agent1/ActorLoss             -0.00291677
Agent1/Entropy                1.41388
Agent1/ISRatio                0.999955
Agent1/ClipRate               0.232876
Agent2/ActorLoss             -0.0193762
Agent2/Entropy                1.85346
Agent2/ISRatio                0.999884
Agent2/ClipRate               0.309303
Agent3/ActorLoss             -0.0352555
Agent3/Entropy                1.25628
Agent3/ISRatio                1.00008
Agent3/ClipRate               0.263597
Agent4/ActorLoss             -0.0223933
Agent4/Entropy                1.7469
Agent4/ISRatio                1.00013
Agent4/ClipRate               0.342704
Agent5/ActorLoss              0.00939208
Agent5/Entropy                1.74893
Agent5/ISRatio                0.999947
Agent5/ClipRate               0.270339
Eps                           0.05
Episodes                  27200
Timesteps                     1.08786e+07
SamplingTime                209.439
TrainingTime                 32.515
EpochTime                   265.543
TotalTime                 36228.2
------------------------  ---------------
2026-04-17 19:30:31.085581 UTC | [s1_260417_18:22:08] Episode 27400 | Eval Finished
------------------------  ---------------
Train/ReturnAverage         -40.125
Train/ReturnStd               2.02716
Train/ReturnMedian          -40
Train/ReturnMin             -45
Train/ReturnMax             -35
Train/DiscReturnAverage     -17.4649
Train/DiscReturnStd           0.699605
Train/DiscReturnMedian      -17.3068
Train/DiscReturnMin         -21.8984
Train/DiscReturnMax         -15.7796
Train/EpiLenAverage         400
Train/EpiLenStd               0
Train/EpiLenMedian          400
Train/EpiLenMin             400
Train/EpiLenMax             400
Train/NumDeliveryAverage      0
Train/NumDeliveryStd          0
Train/NumDeliveryMedian       0
Train/NumDeliveryMin          0
Train/NumDeliveryMax          0
Train/PickRateAverage         0
Train/PickRateStd             0
Train/PickRateMedian          0
Train/PickRateMin             0
Train/PickRateMax             0
Eval/ReturnAverage          -40
Eval/ReturnStd                0
Eval/ReturnMedian           -40
Eval/ReturnMin              -40
Eval/ReturnMax              -40
Eval/DiscReturnAverage      -17.3068
Eval/DiscReturnStd            0
Eval/DiscReturnMedian       -17.3068
Eval/DiscReturnMin          -17.3068
Eval/DiscReturnMax          -17.3068
Eval/EpiLenAverage          400
Eval/EpiLenStd                0
Eval/EpiLenMedian           400
Eval/EpiLenMin              400
Eval/EpiLenMax              400
Eval/NumDeliveryAverage       0
Eval/NumDeliveryStd           0
Eval/NumDeliveryMedian        0
Eval/NumDeliveryMin           0
Eval/NumDeliveryMax           0
Eval/PickRateAverage          0
Eval/PickRateStd              0
Eval/PickRateMedian           0
Eval/PickRateMin              0
Eval/PickRateMax              0
Agent0/NMacroActions        145.535
Agent1/NMacroActions        277.17
Agent2/NMacroActions         92.82
Agent3/NMacroActions        104.61
Agent4/NMacroActions        115.41
Agent5/NMacroActions         75.26
Joint/Value                   0.293952
Joint/Advantage               0.000443799
Joint/CriticLoss              0.0191705
Joint/VfCoef                  1
Agent0/ActorLoss              0.0436178
Agent0/Entropy                1.12955
Agent0/ISRatio                0.999845
Agent0/ClipRate               0.176701
Agent1/ActorLoss              0.0557371
Agent1/Entropy                1.40371
Agent1/ISRatio                0.999831
Agent1/ClipRate               0.209011
Agent2/ActorLoss              0.0319196
Agent2/Entropy                1.84986
Agent2/ISRatio                0.999841
Agent2/ClipRate               0.242201
Agent3/ActorLoss              0.0302659
Agent3/Entropy                1.23175
Agent3/ISRatio                0.999665
Agent3/ClipRate               0.217757
Agent4/ActorLoss              0.0468368
Agent4/Entropy                1.73579
Agent4/ISRatio                0.999559
Agent4/ClipRate               0.293248
Agent5/ActorLoss              0.0532789
Agent5/Entropy                1.72392
Agent5/ISRatio                0.999876
Agent5/ClipRate               0.232982
Eps                           0.05
Episodes                  27400
Timesteps                     1.09586e+07
SamplingTime                209.075
TrainingTime                 33.6293
EpochTime                   266.545
TotalTime                 36494.7
------------------------  ---------------
2026-04-17 19:34:56.591361 UTC | [s1_260417_18:22:08] Episode 27600 | Eval Finished
------------------------  ---------------
Train/ReturnAverage         -39.95
Train/ReturnStd               2.99958
Train/ReturnMedian          -40
Train/ReturnMin             -50
Train/ReturnMax             -15
Train/DiscReturnAverage     -17.4364
Train/DiscReturnStd           0.821362
Train/DiscReturnMedian      -17.3068
Train/DiscReturnMin         -21.4797
Train/DiscReturnMax         -12.7351
Train/EpiLenAverage         400
Train/EpiLenStd               0
Train/EpiLenMedian          400
Train/EpiLenMin             400
Train/EpiLenMax             400
Train/NumDeliveryAverage      0
Train/NumDeliveryStd          0
Train/NumDeliveryMedian       0
Train/NumDeliveryMin          0
Train/NumDeliveryMax          0
Train/PickRateAverage         0
Train/PickRateStd             0
Train/PickRateMedian          0
Train/PickRateMin             0
Train/PickRateMax             0
Eval/ReturnAverage          -40
Eval/ReturnStd                0
Eval/ReturnMedian           -40
Eval/ReturnMin              -40
Eval/ReturnMax              -40
Eval/DiscReturnAverage      -17.3068
Eval/DiscReturnStd            0
Eval/DiscReturnMedian       -17.3068
Eval/DiscReturnMin          -17.3068
Eval/DiscReturnMax          -17.3068
Eval/EpiLenAverage          400
Eval/EpiLenStd                0
Eval/EpiLenMedian           400
Eval/EpiLenMin              400
Eval/EpiLenMax              400
Eval/NumDeliveryAverage       0
Eval/NumDeliveryStd           0
Eval/NumDeliveryMedian        0
Eval/NumDeliveryMin           0
Eval/NumDeliveryMax           0
Eval/PickRateAverage          0
Eval/PickRateStd              0
Eval/PickRateMedian           0
Eval/PickRateMin              0
Eval/PickRateMax              0
Agent0/NMacroActions        151.39
Agent1/NMacroActions        273.295
Agent2/NMacroActions         94.665
Agent3/NMacroActions        108.68
Agent4/NMacroActions        116.86
Agent5/NMacroActions         79.95
Joint/Value                   0.240351
Joint/Advantage              -0.000139868
Joint/CriticLoss              0.0251941
Joint/VfCoef                  1
Agent0/ActorLoss              0.0911761
Agent0/Entropy                1.17418
Agent0/ISRatio                0.999634
Agent0/ClipRate               0.18636
Agent1/ActorLoss              0.0781193
Agent1/Entropy                1.41991
Agent1/ISRatio                0.999708
Agent1/ClipRate               0.257597
Agent2/ActorLoss              0.0869768
Agent2/Entropy                1.86064
Agent2/ISRatio                0.999652
Agent2/ClipRate               0.271645
Agent3/ActorLoss              0.0792344
Agent3/Entropy                1.27876
Agent3/ISRatio                0.999519
Agent3/ClipRate               0.239824
Agent4/ActorLoss              0.0927682
Agent4/Entropy                1.74851
Agent4/ISRatio                0.999458
Agent4/ClipRate               0.305312
Agent5/ActorLoss              0.089273
Agent5/Entropy                1.73011
Agent5/ISRatio                0.999593
Agent5/ClipRate               0.285591
Eps                           0.05
Episodes                  27600
Timesteps                     1.10386e+07
SamplingTime                208.764
TrainingTime                 32.9871
EpochTime                   265.444
TotalTime                 36760.2
------------------------  ---------------
2026-04-17 19:39:23.227683 UTC | [s1_260417_18:22:08] Episode 27800 | Eval Finished
------------------------  ---------------
Train/ReturnAverage         -39.45
Train/ReturnStd               2.48948
Train/ReturnMedian          -40
Train/ReturnMin             -45
Train/ReturnMax             -25
Train/DiscReturnAverage     -17.3324
Train/DiscReturnStd           0.872853
Train/DiscReturnMedian      -17.3068
Train/DiscReturnMin         -21.6521
Train/DiscReturnMax         -13.202
Train/EpiLenAverage         400
Train/EpiLenStd               0
Train/EpiLenMedian          400
Train/EpiLenMin             400
Train/EpiLenMax             400
Train/NumDeliveryAverage      0
Train/NumDeliveryStd          0
Train/NumDeliveryMedian       0
Train/NumDeliveryMin          0
Train/NumDeliveryMax          0
Train/PickRateAverage         0
Train/PickRateStd             0
Train/PickRateMedian          0
Train/PickRateMin             0
Train/PickRateMax             0
Eval/ReturnAverage          -40
Eval/ReturnStd                0
Eval/ReturnMedian           -40
Eval/ReturnMin              -40
Eval/ReturnMax              -40
Eval/DiscReturnAverage      -17.3068
Eval/DiscReturnStd            0
Eval/DiscReturnMedian       -17.3068
Eval/DiscReturnMin          -17.3068
Eval/DiscReturnMax          -17.3068
Eval/EpiLenAverage          400
Eval/EpiLenStd                0
Eval/EpiLenMedian           400
Eval/EpiLenMin              400
Eval/EpiLenMax              400
Eval/NumDeliveryAverage       0
Eval/NumDeliveryStd           0
Eval/NumDeliveryMedian        0
Eval/NumDeliveryMin           0
Eval/NumDeliveryMax           0
Eval/PickRateAverage          0
Eval/PickRateStd              0
Eval/PickRateMedian           0
Eval/PickRateMin              0
Eval/PickRateMax              0
Agent0/NMacroActions        145.95
Agent1/NMacroActions        273.11
Agent2/NMacroActions         96.14
Agent3/NMacroActions        103.83
Agent4/NMacroActions        121.22
Agent5/NMacroActions         81.715
Joint/Value                   0.193429
Joint/Advantage              -0.00013419
Joint/CriticLoss              0.0276281
Joint/VfCoef                  1
Agent0/ActorLoss              0.0224312
Agent0/Entropy                1.22512
Agent0/ISRatio                0.99983
Agent0/ClipRate               0.175277
Agent1/ActorLoss              0.0233577
Agent1/Entropy                1.4278
Agent1/ISRatio                0.999953
Agent1/ClipRate               0.276732
Agent2/ActorLoss              0.0463885
Agent2/Entropy                1.89758
Agent2/ISRatio                0.999841
Agent2/ClipRate               0.269937
Agent3/ActorLoss              0.0312355
Agent3/Entropy                1.27272
Agent3/ISRatio                0.999799
Agent3/ClipRate               0.269377
Agent4/ActorLoss              0.0214581
Agent4/Entropy                1.7398
Agent4/ISRatio                0.999739
Agent4/ClipRate               0.300243
Agent5/ActorLoss              0.0497953
Agent5/Entropy                1.74128
Agent5/ISRatio                0.999836
Agent5/ClipRate               0.280089
Eps                           0.05
Episodes                  27800
Timesteps                     1.11186e+07
SamplingTime                209.702
TrainingTime                 33.5619
EpochTime                   266.576
TotalTime                 37026.7
------------------------  ---------------
2026-04-17 19:43:46.713946 UTC | [s1_260417_18:22:08] Episode 28000 | Eval Finished
------------------------  ---------------
Train/ReturnAverage         -39.8
Train/ReturnStd               2.7313
Train/ReturnMedian          -40
Train/ReturnMin             -55
Train/ReturnMax             -30
Train/DiscReturnAverage     -17.4594
Train/DiscReturnStd           0.833035
Train/DiscReturnMedian      -17.3068
Train/DiscReturnMin         -20.8272
Train/DiscReturnMax         -13.1985
Train/EpiLenAverage         400
Train/EpiLenStd               0
Train/EpiLenMedian          400
Train/EpiLenMin             400
Train/EpiLenMax             400
Train/NumDeliveryAverage      0
Train/NumDeliveryStd          0
Train/NumDeliveryMedian       0
Train/NumDeliveryMin          0
Train/NumDeliveryMax          0
Train/PickRateAverage         0
Train/PickRateStd             0
Train/PickRateMedian          0
Train/PickRateMin             0
Train/PickRateMax             0
Eval/ReturnAverage          -40
Eval/ReturnStd                0
Eval/ReturnMedian           -40
Eval/ReturnMin              -40
Eval/ReturnMax              -40
Eval/DiscReturnAverage      -17.3068
Eval/DiscReturnStd            0
Eval/DiscReturnMedian       -17.3068
Eval/DiscReturnMin          -17.3068
Eval/DiscReturnMax          -17.3068
Eval/EpiLenAverage          400
Eval/EpiLenStd                0
Eval/EpiLenMedian           400
Eval/EpiLenMin              400
Eval/EpiLenMax              400
Eval/NumDeliveryAverage       0
Eval/NumDeliveryStd           0
Eval/NumDeliveryMedian        0
Eval/NumDeliveryMin           0
Eval/NumDeliveryMax           0
Eval/PickRateAverage          0
Eval/PickRateStd              0
Eval/PickRateMedian           0
Eval/PickRateMin              0
Eval/PickRateMax              0
Agent0/NMacroActions        146.71
Agent1/NMacroActions        275.075
Agent2/NMacroActions         93.185
Agent3/NMacroActions        103.075
Agent4/NMacroActions        129.005
Agent5/NMacroActions         81.425
Joint/Value                   0.224129
Joint/Advantage               7.19876e-06
Joint/CriticLoss              0.0272194
Joint/VfCoef                  1
Agent0/ActorLoss             -0.000477114
Agent0/Entropy                1.20592
Agent0/ISRatio                1.00004
Agent0/ClipRate               0.222137
Agent1/ActorLoss             -0.0203726
Agent1/Entropy                1.42676
Agent1/ISRatio                0.999993
Agent1/ClipRate               0.26911
Agent2/ActorLoss              0.00698455
Agent2/Entropy                1.9064
Agent2/ISRatio                0.999798
Agent2/ClipRate               0.321622
Agent3/ActorLoss              0.00127906
Agent3/Entropy                1.29327
Agent3/ISRatio                0.999993
Agent3/ClipRate               0.262609
Agent4/ActorLoss             -0.00708183
Agent4/Entropy                1.73573
Agent4/ISRatio                0.999923
Agent4/ClipRate               0.363425
Agent5/ActorLoss              0.0148105
Agent5/Entropy                1.74198
Agent5/ISRatio                0.999769
Agent5/ClipRate               0.308812
Eps                           0.05
Episodes                  28000
Timesteps                     1.11986e+07
SamplingTime                206.86
TrainingTime                 32.7301
EpochTime                   263.43
TotalTime                 37290.2
------------------------  ---------------
2026-04-17 19:48:12.658569 UTC | [s1_260417_18:22:08] Episode 28200 | Eval Finished
------------------------  ---------------
Train/ReturnAverage         -39.775
Train/ReturnStd               2.56405
Train/ReturnMedian          -40
Train/ReturnMin             -50
Train/ReturnMax             -25
Train/DiscReturnAverage     -17.3621
Train/DiscReturnStd           1.04853
Train/DiscReturnMedian      -17.3068
Train/DiscReturnMin         -23.651
Train/DiscReturnMax          -9.28989
Train/EpiLenAverage         400
Train/EpiLenStd               0
Train/EpiLenMedian          400
Train/EpiLenMin             400
Train/EpiLenMax             400
Train/NumDeliveryAverage      0
Train/NumDeliveryStd          0
Train/NumDeliveryMedian       0
Train/NumDeliveryMin          0
Train/NumDeliveryMax          0
Train/PickRateAverage         0
Train/PickRateStd             0
Train/PickRateMedian          0
Train/PickRateMin             0
Train/PickRateMax             0
Eval/ReturnAverage          -40
Eval/ReturnStd                0
Eval/ReturnMedian           -40
Eval/ReturnMin              -40
Eval/ReturnMax              -40
Eval/DiscReturnAverage      -17.3068
Eval/DiscReturnStd            0
Eval/DiscReturnMedian       -17.3068
Eval/DiscReturnMin          -17.3068
Eval/DiscReturnMax          -17.3068
Eval/EpiLenAverage          400
Eval/EpiLenStd                0
Eval/EpiLenMedian           400
Eval/EpiLenMin              400
Eval/EpiLenMax              400
Eval/NumDeliveryAverage       0
Eval/NumDeliveryStd           0
Eval/NumDeliveryMedian        0
Eval/NumDeliveryMin           0
Eval/NumDeliveryMax           0
Eval/PickRateAverage          0
Eval/PickRateStd              0
Eval/PickRateMedian           0
Eval/PickRateMin              0
Eval/PickRateMax              0
Agent0/NMacroActions        154.945
Agent1/NMacroActions        277.975
Agent2/NMacroActions         91.21
Agent3/NMacroActions        103.6
Agent4/NMacroActions        129.785
Agent5/NMacroActions         76.285
Joint/Value                   0.247453
Joint/Advantage               8.71069e-05
Joint/CriticLoss              0.0233112
Joint/VfCoef                  1
Agent0/ActorLoss              0.0156775
Agent0/Entropy                1.16547
Agent0/ISRatio                0.999928
Agent0/ClipRate               0.195847
Agent1/ActorLoss              0.0190478
Agent1/Entropy                1.41746
Agent1/ISRatio                0.99989
Agent1/ClipRate               0.234144
Agent2/ActorLoss              0.0088523
Agent2/Entropy                1.90884
Agent2/ISRatio                0.999868
Agent2/ClipRate               0.307004
Agent3/ActorLoss             -0.0108616
Agent3/Entropy                1.28914
Agent3/ISRatio                0.999933
Agent3/ClipRate               0.26298
Agent4/ActorLoss              0.0086771
Agent4/Entropy                1.72571
Agent4/ISRatio                0.999842
Agent4/ClipRate               0.304407
Agent5/ActorLoss              0.0130206
Agent5/Entropy                1.76926
Agent5/ISRatio                0.999992
Agent5/ClipRate               0.307302
Eps                           0.05
Episodes                  28200
Timesteps                     1.12786e+07
SamplingTime                208.914
TrainingTime                 33.6946
EpochTime                   265.902
TotalTime                 37556.1
------------------------  ---------------
2026-04-17 19:52:37.380455 UTC | [s1_260417_18:22:08] Episode 28400 | Eval Finished
------------------------  ---------------
Train/ReturnAverage         -39.375
Train/ReturnStd               3.38886
Train/ReturnMedian          -40
Train/ReturnMin             -45
Train/ReturnMax             -15
Train/DiscReturnAverage     -17.267
Train/DiscReturnStd           0.952453
Train/DiscReturnMedian      -17.3068
Train/DiscReturnMin         -21.5658
Train/DiscReturnMax         -10.8984
Train/EpiLenAverage         400
Train/EpiLenStd               0
Train/EpiLenMedian          400
Train/EpiLenMin             400
Train/EpiLenMax             400
Train/NumDeliveryAverage      0
Train/NumDeliveryStd          0
Train/NumDeliveryMedian       0
Train/NumDeliveryMin          0
Train/NumDeliveryMax          0
Train/PickRateAverage         0
Train/PickRateStd             0
Train/PickRateMedian          0
Train/PickRateMin             0
Train/PickRateMax             0
Eval/ReturnAverage          -40
Eval/ReturnStd                0
Eval/ReturnMedian           -40
Eval/ReturnMin              -40
Eval/ReturnMax              -40
Eval/DiscReturnAverage      -17.3068
Eval/DiscReturnStd            0
Eval/DiscReturnMedian       -17.3068
Eval/DiscReturnMin          -17.3068
Eval/DiscReturnMax          -17.3068
Eval/EpiLenAverage          400
Eval/EpiLenStd                0
Eval/EpiLenMedian           400
Eval/EpiLenMin              400
Eval/EpiLenMax              400
Eval/NumDeliveryAverage       0
Eval/NumDeliveryStd           0
Eval/NumDeliveryMedian        0
Eval/NumDeliveryMin           0
Eval/NumDeliveryMax           0
Eval/PickRateAverage          0
Eval/PickRateStd              0
Eval/PickRateMedian           0
Eval/PickRateMin              0
Eval/PickRateMax              0
Agent0/NMacroActions        150.585
Agent1/NMacroActions        278.275
Agent2/NMacroActions         92.065
Agent3/NMacroActions        101.96
Agent4/NMacroActions        124.1
Agent5/NMacroActions         73.735
Joint/Value                   0.265402
Joint/Advantage              -0.000776755
Joint/CriticLoss              0.0272457
Joint/VfCoef                  1
Agent0/ActorLoss              0.0170202
Agent0/Entropy                1.18168
Agent0/ISRatio                0.999907
Agent0/ClipRate               0.179843
Agent1/ActorLoss              0.0171422
Agent1/Entropy                1.39826
Agent1/ISRatio                0.999935
Agent1/ClipRate               0.254845
Agent2/ActorLoss              0.0154112
Agent2/Entropy                1.89931
Agent2/ISRatio                0.999847
Agent2/ClipRate               0.256404
Agent3/ActorLoss              0.00229322
Agent3/Entropy                1.27515
Agent3/ISRatio                1.00005
Agent3/ClipRate               0.288131
Agent4/ActorLoss              0.00390922
Agent4/Entropy                1.71192
Agent4/ISRatio                0.999962
Agent4/ClipRate               0.328359
Agent5/ActorLoss              0.0186152
Agent5/Entropy                1.7488
Agent5/ISRatio                0.999794
Agent5/ClipRate               0.294269
Eps                           0.05
Episodes                  28400
Timesteps                     1.13586e+07
SamplingTime                208.286
TrainingTime                 32.9448
EpochTime                   264.663
TotalTime                 37820.7
------------------------  ---------------
2026-04-17 19:57:07.670087 UTC | [s1_260417_18:22:08] Episode 28600 | Eval Finished
------------------------  ---------------
Train/ReturnAverage         -39.975
Train/ReturnStd               2.66915
Train/ReturnMedian          -40
Train/ReturnMin             -50
Train/ReturnMax             -25
Train/DiscReturnAverage     -17.4792
Train/DiscReturnStd           0.86275
Train/DiscReturnMedian      -17.3068
Train/DiscReturnMin         -21.4813
Train/DiscReturnMax         -14.5378
Train/EpiLenAverage         400
Train/EpiLenStd               0
Train/EpiLenMedian          400
Train/EpiLenMin             400
Train/EpiLenMax             400
Train/NumDeliveryAverage      0
Train/NumDeliveryStd          0
Train/NumDeliveryMedian       0
Train/NumDeliveryMin          0
Train/NumDeliveryMax          0
Train/PickRateAverage         0
Train/PickRateStd             0
Train/PickRateMedian          0
Train/PickRateMin             0
Train/PickRateMax             0
Eval/ReturnAverage          -40
Eval/ReturnStd                0
Eval/ReturnMedian           -40
Eval/ReturnMin              -40
Eval/ReturnMax              -40
Eval/DiscReturnAverage      -17.3068
Eval/DiscReturnStd            0
Eval/DiscReturnMedian       -17.3068
Eval/DiscReturnMin          -17.3068
Eval/DiscReturnMax          -17.3068
Eval/EpiLenAverage          400
Eval/EpiLenStd                0
Eval/EpiLenMedian           400
Eval/EpiLenMin              400
Eval/EpiLenMax              400
Eval/NumDeliveryAverage       0
Eval/NumDeliveryStd           0
Eval/NumDeliveryMedian        0
Eval/NumDeliveryMin           0
Eval/NumDeliveryMax           0
Eval/PickRateAverage          0
Eval/PickRateStd              0
Eval/PickRateMedian           0
Eval/PickRateMin              0
Eval/PickRateMax              0
Agent0/NMacroActions        150.955
Agent1/NMacroActions        277.195
Agent2/NMacroActions         94.425
Agent3/NMacroActions        104.4
Agent4/NMacroActions        130.985
Agent5/NMacroActions         79.035
Joint/Value                   0.173547
Joint/Advantage               0.000197847
Joint/CriticLoss              0.0231963
Joint/VfCoef                  1
Agent0/ActorLoss              0.0600683
Agent0/Entropy                1.19445
Agent0/ISRatio                0.999762
Agent0/ClipRate               0.175686
Agent1/ActorLoss              0.0539005
Agent1/Entropy                1.41826
Agent1/ISRatio                0.999864
Agent1/ClipRate               0.231451
Agent2/ActorLoss              0.0556801
Agent2/Entropy                1.90452
Agent2/ISRatio                0.99971
Agent2/ClipRate               0.27279
Agent3/ActorLoss              0.0597727
Agent3/Entropy                1.2688
Agent3/ISRatio                0.999565
Agent3/ClipRate               0.235154
Agent4/ActorLoss              0.0517838
Agent4/Entropy                1.72065
Agent4/ISRatio                0.999702
Agent4/ClipRate               0.27227
Agent5/ActorLoss              0.0684302
Agent5/Entropy                1.75073
Agent5/ISRatio                0.999655
Agent5/ClipRate               0.272685
Eps                           0.05
Episodes                  28600
Timesteps                     1.14386e+07
SamplingTime                211.887
TrainingTime                 34.0764
EpochTime                   270.231
TotalTime                 38091
------------------------  ---------------
2026-04-17 20:01:43.940327 UTC | [s1_260417_18:22:08] Episode 28800 | Eval Finished
------------------------  ---------------
Train/ReturnAverage         -40.35
Train/ReturnStd               2.66974
Train/ReturnMedian          -40
Train/ReturnMin             -50
Train/ReturnMax             -35
Train/DiscReturnAverage     -17.5809
Train/DiscReturnStd           1.13044
Train/DiscReturnMedian      -17.3068
Train/DiscReturnMin         -23.7026
Train/DiscReturnMax         -14.179
Train/EpiLenAverage         400
Train/EpiLenStd               0
Train/EpiLenMedian          400
Train/EpiLenMin             400
Train/EpiLenMax             400
Train/NumDeliveryAverage      0
Train/NumDeliveryStd          0
Train/NumDeliveryMedian       0
Train/NumDeliveryMin          0
Train/NumDeliveryMax          0
Train/PickRateAverage         0
Train/PickRateStd             0
Train/PickRateMedian          0
Train/PickRateMin             0
Train/PickRateMax             0
Eval/ReturnAverage          -40
Eval/ReturnStd                0
Eval/ReturnMedian           -40
Eval/ReturnMin              -40
Eval/ReturnMax              -40
Eval/DiscReturnAverage      -17.3068
Eval/DiscReturnStd            0
Eval/DiscReturnMedian       -17.3068
Eval/DiscReturnMin          -17.3068
Eval/DiscReturnMax          -17.3068
Eval/EpiLenAverage          400
Eval/EpiLenStd                0
Eval/EpiLenMedian           400
Eval/EpiLenMin              400
Eval/EpiLenMax              400
Eval/NumDeliveryAverage       0
Eval/NumDeliveryStd           0
Eval/NumDeliveryMedian        0
Eval/NumDeliveryMin           0
Eval/NumDeliveryMax           0
Eval/PickRateAverage          0
Eval/PickRateStd              0
Eval/PickRateMedian           0
Eval/PickRateMin              0
Eval/PickRateMax              0
Agent0/NMacroActions        145.725
Agent1/NMacroActions        281.56
Agent2/NMacroActions         92.545
Agent3/NMacroActions         99.865
Agent4/NMacroActions        135.63
Agent5/NMacroActions         75.105
Joint/Value                   0.129216
Joint/Advantage              -0.000150434
Joint/CriticLoss              0.0261626
Joint/VfCoef                  1
Agent0/ActorLoss              0.0571053
Agent0/Entropy                1.19648
Agent0/ISRatio                0.99977
Agent0/ClipRate               0.211147
Agent1/ActorLoss              0.0580702
Agent1/Entropy                1.42978
Agent1/ISRatio                0.999843
Agent1/ClipRate               0.250724
Agent2/ActorLoss              0.0567691
Agent2/Entropy                1.93009
Agent2/ISRatio                0.999777
Agent2/ClipRate               0.297797
Agent3/ActorLoss              0.0490552
Agent3/Entropy                1.29967
Agent3/ISRatio                0.999614
Agent3/ClipRate               0.249528
Agent4/ActorLoss              0.0492437
Agent4/Entropy                1.72688
Agent4/ISRatio                0.999906
Agent4/ClipRate               0.286015
Agent5/ActorLoss              0.0525443
Agent5/Entropy                1.77499
Agent5/ISRatio                0.999768
Agent5/ClipRate               0.290493
Eps                           0.05
Episodes                  28800
Timesteps                     1.15186e+07
SamplingTime                217.292
TrainingTime                 35.1296
EpochTime                   276.224
TotalTime                 38367.2
------------------------  ---------------
2026-04-17 20:06:10.310032 UTC | [s1_260417_18:22:08] Episode 29000 | Eval Finished
------------------------  ---------------
Train/ReturnAverage         -39.825
Train/ReturnStd               3.36814
Train/ReturnMedian          -40
Train/ReturnMin             -50
Train/ReturnMax             -20
Train/DiscReturnAverage     -17.4526
Train/DiscReturnStd           0.96142
Train/DiscReturnMedian      -17.3068
Train/DiscReturnMin         -21.6447
Train/DiscReturnMax         -12.7825
Train/EpiLenAverage         400
Train/EpiLenStd               0
Train/EpiLenMedian          400
Train/EpiLenMin             400
Train/EpiLenMax             400
Train/NumDeliveryAverage      0
Train/NumDeliveryStd          0
Train/NumDeliveryMedian       0
Train/NumDeliveryMin          0
Train/NumDeliveryMax          0
Train/PickRateAverage         0
Train/PickRateStd             0
Train/PickRateMedian          0
Train/PickRateMin             0
Train/PickRateMax             0
Eval/ReturnAverage          -40
Eval/ReturnStd                0
Eval/ReturnMedian           -40
Eval/ReturnMin              -40
Eval/ReturnMax              -40
Eval/DiscReturnAverage      -17.3068
Eval/DiscReturnStd            0
Eval/DiscReturnMedian       -17.3068
Eval/DiscReturnMin          -17.3068
Eval/DiscReturnMax          -17.3068
Eval/EpiLenAverage          400
Eval/EpiLenStd                0
Eval/EpiLenMedian           400
Eval/EpiLenMin              400
Eval/EpiLenMax              400
Eval/NumDeliveryAverage       0
Eval/NumDeliveryStd           0
Eval/NumDeliveryMedian        0
Eval/NumDeliveryMin           0
Eval/NumDeliveryMax           0
Eval/PickRateAverage          0
Eval/PickRateStd              0
Eval/PickRateMedian           0
Eval/PickRateMin              0
Eval/PickRateMax              0
Agent0/NMacroActions        151.515
Agent1/NMacroActions        280.665
Agent2/NMacroActions         95.275
Agent3/NMacroActions        105.525
Agent4/NMacroActions        134.73
Agent5/NMacroActions         79.585
Joint/Value                   0.0595794
Joint/Advantage              -0.000433419
Joint/CriticLoss              0.028135
Joint/VfCoef                  1
Agent0/ActorLoss             -0.00876374
Agent0/Entropy                1.21302
Agent0/ISRatio                1.00004
Agent0/ClipRate               0.206715
Agent1/ActorLoss             -0.0212803
Agent1/Entropy                1.41887
Agent1/ISRatio                1.00002
Agent1/ClipRate               0.24859
Agent2/ActorLoss              0.00546465
Agent2/Entropy                1.96455
Agent2/ISRatio                0.999937
Agent2/ClipRate               0.316361
Agent3/ActorLoss             -0.0150994
Agent3/Entropy                1.27401
Agent3/ISRatio                1.00005
Agent3/ClipRate               0.248909
Agent4/ActorLoss             -0.0192494
Agent4/Entropy                1.70835
Agent4/ISRatio                1.00008
Agent4/ClipRate               0.297499
Agent5/ActorLoss             -0.0288209
Agent5/Entropy                1.74255
Agent5/ISRatio                0.999981
Agent5/ClipRate               0.253045
Eps                           0.05
Episodes                  29000
Timesteps                     1.15986e+07
SamplingTime                209.581
TrainingTime                 33.4896
EpochTime                   266.311
TotalTime                 38633.5
------------------------  ---------------
2026-04-17 20:10:37.878969 UTC | [s1_260417_18:22:08] Episode 29200 | Eval Finished
------------------------  ---------------
Train/ReturnAverage         -39.825
Train/ReturnStd               2.66353
Train/ReturnMedian          -40
Train/ReturnMin             -50
Train/ReturnMax             -25
Train/DiscReturnAverage     -17.4712
Train/DiscReturnStd           1.14666
Train/DiscReturnMedian      -17.3068
Train/DiscReturnMin         -24.0404
Train/DiscReturnMax         -11.9512
Train/EpiLenAverage         400
Train/EpiLenStd               0
Train/EpiLenMedian          400
Train/EpiLenMin             400
Train/EpiLenMax             400
Train/NumDeliveryAverage      0
Train/NumDeliveryStd          0
Train/NumDeliveryMedian       0
Train/NumDeliveryMin          0
Train/NumDeliveryMax          0
Train/PickRateAverage         0
Train/PickRateStd             0
Train/PickRateMedian          0
Train/PickRateMin             0
Train/PickRateMax             0
Eval/ReturnAverage          -40
Eval/ReturnStd                0
Eval/ReturnMedian           -40
Eval/ReturnMin              -40
Eval/ReturnMax              -40
Eval/DiscReturnAverage      -17.3068
Eval/DiscReturnStd            0
Eval/DiscReturnMedian       -17.3068
Eval/DiscReturnMin          -17.3068
Eval/DiscReturnMax          -17.3068
Eval/EpiLenAverage          400
Eval/EpiLenStd                0
Eval/EpiLenMedian           400
Eval/EpiLenMin              400
Eval/EpiLenMax              400
Eval/NumDeliveryAverage       0
Eval/NumDeliveryStd           0
Eval/NumDeliveryMedian        0
Eval/NumDeliveryMin           0
Eval/NumDeliveryMax           0
Eval/PickRateAverage          0
Eval/PickRateStd              0
Eval/PickRateMedian           0
Eval/PickRateMin              0
Eval/PickRateMax              0
Agent0/NMacroActions        153.475
Agent1/NMacroActions        281.245
Agent2/NMacroActions         96.14
Agent3/NMacroActions        104.235
Agent4/NMacroActions        135.055
Agent5/NMacroActions         81.88
Joint/Value                   0.0747106
Joint/Advantage              -0.00013912
Joint/CriticLoss              0.026962
Joint/VfCoef                  1
Agent0/ActorLoss             -0.0606398
Agent0/Entropy                1.16921
Agent0/ISRatio                1.00023
Agent0/ClipRate               0.185486
Agent1/ActorLoss             -0.0490947
Agent1/Entropy                1.39769
Agent1/ISRatio                1.00015
Agent1/ClipRate               0.266149
Agent2/ActorLoss             -0.0538576
Agent2/Entropy                1.96978
Agent2/ISRatio                1.00012
Agent2/ClipRate               0.277272
Agent3/ActorLoss             -0.0844563
Agent3/Entropy                1.26218
Agent3/ISRatio                1.00037
Agent3/ClipRate               0.278659
Agent4/ActorLoss             -0.0563409
Agent4/Entropy                1.67689
Agent4/ISRatio                1.00017
Agent4/ClipRate               0.314523
Agent5/ActorLoss             -0.058498
Agent5/Entropy                1.72603
Agent5/ISRatio                1.00032
Agent5/ClipRate               0.303739
Eps                           0.05
Episodes                  29200
Timesteps                     1.16786e+07
SamplingTime                209.643
TrainingTime                 33.7375
EpochTime                   267.524
TotalTime                 38901
------------------------  ---------------
2026-04-17 20:15:05.408587 UTC | [s1_260417_18:22:08] Episode 29400 | Eval Finished
------------------------  ---------------
Train/ReturnAverage         -39.75
Train/ReturnStd               2.72718
Train/ReturnMedian          -40
Train/ReturnMin             -55
Train/ReturnMax             -25
Train/DiscReturnAverage     -17.4503
Train/DiscReturnStd           1.01599
Train/DiscReturnMedian      -17.3068
Train/DiscReturnMin         -23.8378
Train/DiscReturnMax         -14.2889
Train/EpiLenAverage         400
Train/EpiLenStd               0
Train/EpiLenMedian          400
Train/EpiLenMin             400
Train/EpiLenMax             400
Train/NumDeliveryAverage      0
Train/NumDeliveryStd          0
Train/NumDeliveryMedian       0
Train/NumDeliveryMin          0
Train/NumDeliveryMax          0
Train/PickRateAverage         0
Train/PickRateStd             0
Train/PickRateMedian          0
Train/PickRateMin             0
Train/PickRateMax             0
Eval/ReturnAverage          -40
Eval/ReturnStd                0
Eval/ReturnMedian           -40
Eval/ReturnMin              -40
Eval/ReturnMax              -40
Eval/DiscReturnAverage      -17.3068
Eval/DiscReturnStd            0
Eval/DiscReturnMedian       -17.3068
Eval/DiscReturnMin          -17.3068
Eval/DiscReturnMax          -17.3068
Eval/EpiLenAverage          400
Eval/EpiLenStd                0
Eval/EpiLenMedian           400
Eval/EpiLenMin              400
Eval/EpiLenMax              400
Eval/NumDeliveryAverage       0
Eval/NumDeliveryStd           0
Eval/NumDeliveryMedian        0
Eval/NumDeliveryMin           0
Eval/NumDeliveryMax           0
Eval/PickRateAverage          0
Eval/PickRateStd              0
Eval/PickRateMedian           0
Eval/PickRateMin              0
Eval/PickRateMax              0
Agent0/NMacroActions        151.76
Agent1/NMacroActions        281.305
Agent2/NMacroActions         94.515
Agent3/NMacroActions        109.405
Agent4/NMacroActions        135.105
Agent5/NMacroActions         78.745
Joint/Value                   0.168349
Joint/Advantage              -0.000234051
Joint/CriticLoss              0.0269308
Joint/VfCoef                  1
Agent0/ActorLoss             -0.0648079
Agent0/Entropy                1.13542
Agent0/ISRatio                1.00019
Agent0/ClipRate               0.196445
Agent1/ActorLoss             -0.0682239
Agent1/Entropy                1.35494
Agent1/ISRatio                1.00019
Agent1/ClipRate               0.262944
Agent2/ActorLoss             -0.0691929
Agent2/Entropy                1.9534
Agent2/ISRatio                1.00015
Agent2/ClipRate               0.300375
Agent3/ActorLoss             -0.0657115
Agent3/Entropy                1.17999
Agent3/ISRatio                1.00035
Agent3/ClipRate               0.259487
Agent4/ActorLoss             -0.0629012
Agent4/Entropy                1.65015
Agent4/ISRatio                1.00022
Agent4/ClipRate               0.31042
Agent5/ActorLoss             -0.0907001
Agent5/Entropy                1.64365
Agent5/ISRatio                1.00021
Agent5/ClipRate               0.295795
Eps                           0.05
Episodes                  29400
Timesteps                     1.17586e+07
SamplingTime                210.027
TrainingTime                 34.1851
EpochTime                   267.466
TotalTime                 39168.5
------------------------  ---------------
2026-04-17 20:19:29.184675 UTC | [s1_260417_18:22:08] Episode 29600 | Eval Finished
------------------------  ---------------
Train/ReturnAverage         -40.05
Train/ReturnStd               2.54902
Train/ReturnMedian          -40
Train/ReturnMin             -50
Train/ReturnMax             -25
Train/DiscReturnAverage     -17.5164
Train/DiscReturnStd           0.976567
Train/DiscReturnMedian      -17.3068
Train/DiscReturnMin         -23.2204
Train/DiscReturnMax         -14.5183
Train/EpiLenAverage         400
Train/EpiLenStd               0
Train/EpiLenMedian          400
Train/EpiLenMin             400
Train/EpiLenMax             400
Train/NumDeliveryAverage      0
Train/NumDeliveryStd          0
Train/NumDeliveryMedian       0
Train/NumDeliveryMin          0
Train/NumDeliveryMax          0
Train/PickRateAverage         0
Train/PickRateStd             0
Train/PickRateMedian          0
Train/PickRateMin             0
Train/PickRateMax             0
Eval/ReturnAverage          -40
Eval/ReturnStd                0
Eval/ReturnMedian           -40
Eval/ReturnMin              -40
Eval/ReturnMax              -40
Eval/DiscReturnAverage      -17.3068
Eval/DiscReturnStd            0
Eval/DiscReturnMedian       -17.3068
Eval/DiscReturnMin          -17.3068
Eval/DiscReturnMax          -17.3068
Eval/EpiLenAverage          400
Eval/EpiLenStd                0
Eval/EpiLenMedian           400
Eval/EpiLenMin              400
Eval/EpiLenMax              400
Eval/NumDeliveryAverage       0
Eval/NumDeliveryStd           0
Eval/NumDeliveryMedian        0
Eval/NumDeliveryMin           0
Eval/NumDeliveryMax           0
Eval/PickRateAverage          0
Eval/PickRateStd              0
Eval/PickRateMedian           0
Eval/PickRateMin              0
Eval/PickRateMax              0
Agent0/NMacroActions        154.685
Agent1/NMacroActions        281.59
Agent2/NMacroActions         99.45
Agent3/NMacroActions        115.56
Agent4/NMacroActions        137.445
Agent5/NMacroActions         85.93
Joint/Value                   0.25638
Joint/Advantage               0.000890107
Joint/CriticLoss              0.022957
Joint/VfCoef                  1
Agent0/ActorLoss              0.0139089
Agent0/Entropy                1.14104
Agent0/ISRatio                0.999884
Agent0/ClipRate               0.171061
Agent1/ActorLoss              0.00822184
Agent1/Entropy                1.33093
Agent1/ISRatio                0.999929
Agent1/ClipRate               0.193184
Agent2/ActorLoss              0.00472801
Agent2/Entropy                1.92185
Agent2/ISRatio                0.999958
Agent2/ClipRate               0.252253
Agent3/ActorLoss              0.00110985
Agent3/Entropy                1.16695
Agent3/ISRatio                0.999878
Agent3/ClipRate               0.232207
Agent4/ActorLoss              0.0148907
Agent4/Entropy                1.63089
Agent4/ISRatio                0.999963
Agent4/ClipRate               0.276669
Agent5/ActorLoss              0.00960335
Agent5/Entropy                1.62995
Agent5/ISRatio                0.999937
Agent5/ClipRate               0.280884
Eps                           0.05
Episodes                  29600
Timesteps                     1.18386e+07
SamplingTime                207.006
TrainingTime                 33.7011
EpochTime                   263.712
TotalTime                 39432.2
------------------------  ---------------
2026-04-17 20:24:03.033719 UTC | [s1_260417_18:22:08] Episode 29800 | Eval Finished
------------------------  ---------------
Train/ReturnAverage         -40
Train/ReturnStd               2.69258
Train/ReturnMedian          -40
Train/ReturnMin             -50
Train/ReturnMax             -20
Train/DiscReturnAverage     -17.4338
Train/DiscReturnStd           0.777651
Train/DiscReturnMedian      -17.3068
Train/DiscReturnMin         -21.3801
Train/DiscReturnMax         -14.5106
Train/EpiLenAverage         400
Train/EpiLenStd               0
Train/EpiLenMedian          400
Train/EpiLenMin             400
Train/EpiLenMax             400
Train/NumDeliveryAverage      0
Train/NumDeliveryStd          0
Train/NumDeliveryMedian       0
Train/NumDeliveryMin          0
Train/NumDeliveryMax          0
Train/PickRateAverage         0
Train/PickRateStd             0
Train/PickRateMedian          0
Train/PickRateMin             0
Train/PickRateMax             0
Eval/ReturnAverage          -40
Eval/ReturnStd                0
Eval/ReturnMedian           -40
Eval/ReturnMin              -40
Eval/ReturnMax              -40
Eval/DiscReturnAverage      -17.3068
Eval/DiscReturnStd            0
Eval/DiscReturnMedian       -17.3068
Eval/DiscReturnMin          -17.3068
Eval/DiscReturnMax          -17.3068
Eval/EpiLenAverage          400
Eval/EpiLenStd                0
Eval/EpiLenMedian           400
Eval/EpiLenMin              400
Eval/EpiLenMax              400
Eval/NumDeliveryAverage       0
Eval/NumDeliveryStd           0
Eval/NumDeliveryMedian        0
Eval/NumDeliveryMin           0
Eval/NumDeliveryMax           0
Eval/PickRateAverage          0
Eval/PickRateStd              0
Eval/PickRateMedian           0
Eval/PickRateMin              0
Eval/PickRateMax              0
Agent0/NMacroActions        161.025
Agent1/NMacroActions        279.62
Agent2/NMacroActions        102.25
Agent3/NMacroActions        114.825
Agent4/NMacroActions        139.97
Agent5/NMacroActions         85.685
Joint/Value                   0.302607
Joint/Advantage              -4.32447e-05
Joint/CriticLoss              0.0232957
Joint/VfCoef                  1
Agent0/ActorLoss              0.066638
Agent0/Entropy                1.13311
Agent0/ISRatio                0.999715
Agent0/ClipRate               0.178394
Agent1/ActorLoss              0.0588466
Agent1/Entropy                1.33325
Agent1/ISRatio                0.99974
Agent1/ClipRate               0.217591
Agent2/ActorLoss              0.0561581
Agent2/Entropy                1.9258
Agent2/ISRatio                0.999798
Agent2/ClipRate               0.257146
Agent3/ActorLoss              0.0442911
Agent3/Entropy                1.16067
Agent3/ISRatio                0.999713
Agent3/ClipRate               0.227316
Agent4/ActorLoss              0.0697046
Agent4/Entropy                1.66595
Agent4/ISRatio                0.999583
Agent4/ClipRate               0.287845
Agent5/ActorLoss              0.0555015
Agent5/Entropy                1.63783
Agent5/ISRatio                0.999799
Agent5/ClipRate               0.256225
Eps                           0.05
Episodes                  29800
Timesteps                     1.19186e+07
SamplingTime                215.185
TrainingTime                 34.7102
EpochTime                   273.805
TotalTime                 39706
------------------------  ---------------
2026-04-17 20:28:27.127336 UTC | [s1_260417_18:22:08] Episode 30000 | Eval Finished
------------------------  ---------------
Train/ReturnAverage         -39.925
Train/ReturnStd               2.97815
Train/ReturnMedian          -40
Train/ReturnMin             -50
Train/ReturnMax             -25
Train/DiscReturnAverage     -17.4679
Train/DiscReturnStd           0.996643
Train/DiscReturnMedian      -17.3068
Train/DiscReturnMin         -22.0698
Train/DiscReturnMax         -13.2277
Train/EpiLenAverage         400
Train/EpiLenStd               0
Train/EpiLenMedian          400
Train/EpiLenMin             400
Train/EpiLenMax             400
Train/NumDeliveryAverage      0
Train/NumDeliveryStd          0
Train/NumDeliveryMedian       0
Train/NumDeliveryMin          0
Train/NumDeliveryMax          0
Train/PickRateAverage         0
Train/PickRateStd             0
Train/PickRateMedian          0
Train/PickRateMin             0
Train/PickRateMax             0
Eval/ReturnAverage          -40
Eval/ReturnStd                0
Eval/ReturnMedian           -40
Eval/ReturnMin              -40
Eval/ReturnMax              -40
Eval/DiscReturnAverage      -17.3068
Eval/DiscReturnStd            0
Eval/DiscReturnMedian       -17.3068
Eval/DiscReturnMin          -17.3068
Eval/DiscReturnMax          -17.3068
Eval/EpiLenAverage          400
Eval/EpiLenStd                0
Eval/EpiLenMedian           400
Eval/EpiLenMin              400
Eval/EpiLenMax              400
Eval/NumDeliveryAverage       0
Eval/NumDeliveryStd           0
Eval/NumDeliveryMedian        0
Eval/NumDeliveryMin           0
Eval/NumDeliveryMax           0
Eval/PickRateAverage          0
Eval/PickRateStd              0
Eval/PickRateMedian           0
Eval/PickRateMin              0
Eval/PickRateMax              0
Agent0/NMacroActions        160.03
Agent1/NMacroActions        281.115
Agent2/NMacroActions         97.79
Agent3/NMacroActions        113.77
Agent4/NMacroActions        144.625
Agent5/NMacroActions         85.375
Joint/Value                   0.276962
Joint/Advantage              -1.62656e-05
Joint/CriticLoss              0.0258299
Joint/VfCoef                  1
Agent0/ActorLoss              0.047617
Agent0/Entropy                1.16114
Agent0/ISRatio                0.99984
Agent0/ClipRate               0.190081
Agent1/ActorLoss              0.0387503
Agent1/Entropy                1.32832
Agent1/ISRatio                0.999861
Agent1/ClipRate               0.244554
Agent2/ActorLoss              0.0532031
Agent2/Entropy                1.92995
Agent2/ISRatio                0.999738
Agent2/ClipRate               0.308259
Agent3/ActorLoss              0.0344899
Agent3/Entropy                1.18489
Agent3/ISRatio                0.999702
Agent3/ClipRate               0.222392
Agent4/ActorLoss              0.0494284
Agent4/Entropy                1.68432
Agent4/ISRatio                0.999735
Agent4/ClipRate               0.302274
Agent5/ActorLoss              0.0428465
Agent5/Entropy                1.69182
Agent5/ISRatio                0.999895
Agent5/ClipRate               0.297823
Eps                           0.05
Episodes                  30000
Timesteps                     1.19986e+07
SamplingTime                206.881
TrainingTime                 33.8056
EpochTime                   264.049
TotalTime                 39970.1
------------------------  ---------------
2026-04-17 20:32:56.471078 UTC | [s1_260417_18:22:08] Episode 30200 | Eval Finished
------------------------  ---------------
Train/ReturnAverage         -39.65
Train/ReturnStd               3.72525
Train/ReturnMedian          -40
Train/ReturnMin             -45
Train/ReturnMax              -5
Train/DiscReturnAverage     -17.476
Train/DiscReturnStd           1.24653
Train/DiscReturnMedian      -17.3068
Train/DiscReturnMin         -21.8131
Train/DiscReturnMax          -6.96535
Train/EpiLenAverage         400
Train/EpiLenStd               0
Train/EpiLenMedian          400
Train/EpiLenMin             400
Train/EpiLenMax             400
Train/NumDeliveryAverage      0
Train/NumDeliveryStd          0
Train/NumDeliveryMedian       0
Train/NumDeliveryMin          0
Train/NumDeliveryMax          0
Train/PickRateAverage         0
Train/PickRateStd             0
Train/PickRateMedian          0
Train/PickRateMin             0
Train/PickRateMax             0
Eval/ReturnAverage          -40
Eval/ReturnStd                0
Eval/ReturnMedian           -40
Eval/ReturnMin              -40
Eval/ReturnMax              -40
Eval/DiscReturnAverage      -17.3068
Eval/DiscReturnStd            0
Eval/DiscReturnMedian       -17.3068
Eval/DiscReturnMin          -17.3068
Eval/DiscReturnMax          -17.3068
Eval/EpiLenAverage          400
Eval/EpiLenStd                0
Eval/EpiLenMedian           400
Eval/EpiLenMin              400
Eval/EpiLenMax              400
Eval/NumDeliveryAverage       0
Eval/NumDeliveryStd           0
Eval/NumDeliveryMedian        0
Eval/NumDeliveryMin           0
Eval/NumDeliveryMax           0
Eval/PickRateAverage          0
Eval/PickRateStd              0
Eval/PickRateMedian           0
Eval/PickRateMin              0
Eval/PickRateMax              0
Agent0/NMacroActions        154.45
Agent1/NMacroActions        281.44
Agent2/NMacroActions        100.86
Agent3/NMacroActions        112.045
Agent4/NMacroActions        144.325
Agent5/NMacroActions         81.76
Joint/Value                   0.221205
Joint/Advantage              -0.000550126
Joint/CriticLoss              0.0347507
Joint/VfCoef                  1
Agent0/ActorLoss              0.0310388
Agent0/Entropy                1.13269
Agent0/ISRatio                0.999715
Agent0/ClipRate               0.217807
Agent1/ActorLoss              0.0171691
Agent1/Entropy                1.33754
Agent1/ISRatio                0.999914
Agent1/ClipRate               0.262174
Agent2/ActorLoss              0.0150188
Agent2/Entropy                1.93221
Agent2/ISRatio                0.999874
Agent2/ClipRate               0.32505
Agent3/ActorLoss              0.0275347
Agent3/Entropy                1.19758
Agent3/ISRatio                0.999729
Agent3/ClipRate               0.264787
Agent4/ActorLoss              0.0233087
Agent4/Entropy                1.70856
Agent4/ISRatio                1.00002
Agent4/ClipRate               0.325477
Agent5/ActorLoss              0.00305613
Agent5/Entropy                1.70268
Agent5/ISRatio                0.999794
Agent5/ClipRate               0.332476
Eps                           0.05
Episodes                  30200
Timesteps                     1.20786e+07
SamplingTime                209.565
TrainingTime                 34.2055
EpochTime                   269.281
TotalTime                 40239.3
------------------------  ---------------
2026-04-17 20:37:19.031926 UTC | [s1_260417_18:22:08] Episode 30400 | Eval Finished
------------------------  ---------------
Train/ReturnAverage         -39.725
Train/ReturnStd               4.06809
Train/ReturnMedian          -40
Train/ReturnMin             -55
Train/ReturnMax             -15
Train/DiscReturnAverage     -17.5243
Train/DiscReturnStd           1.26053
Train/DiscReturnMedian      -17.3068
Train/DiscReturnMin         -23.583
Train/DiscReturnMax         -12.4788
Train/EpiLenAverage         400
Train/EpiLenStd               0
Train/EpiLenMedian          400
Train/EpiLenMin             400
Train/EpiLenMax             400
Train/NumDeliveryAverage      0
Train/NumDeliveryStd          0
Train/NumDeliveryMedian       0
Train/NumDeliveryMin          0
Train/NumDeliveryMax          0
Train/PickRateAverage         0
Train/PickRateStd             0
Train/PickRateMedian          0
Train/PickRateMin             0
Train/PickRateMax             0
Eval/ReturnAverage          -40
Eval/ReturnStd                0
Eval/ReturnMedian           -40
Eval/ReturnMin              -40
Eval/ReturnMax              -40
Eval/DiscReturnAverage      -17.3068
Eval/DiscReturnStd            0
Eval/DiscReturnMedian       -17.3068
Eval/DiscReturnMin          -17.3068
Eval/DiscReturnMax          -17.3068
Eval/EpiLenAverage          400
Eval/EpiLenStd                0
Eval/EpiLenMedian           400
Eval/EpiLenMin              400
Eval/EpiLenMax              400
Eval/NumDeliveryAverage       0
Eval/NumDeliveryStd           0
Eval/NumDeliveryMedian        0
Eval/NumDeliveryMin           0
Eval/NumDeliveryMax           0
Eval/PickRateAverage          0
Eval/PickRateStd              0
Eval/PickRateMedian           0
Eval/PickRateMin              0
Eval/PickRateMax              0
Agent0/NMacroActions        150.335
Agent1/NMacroActions        277.365
Agent2/NMacroActions        100.315
Agent3/NMacroActions        112.745
Agent4/NMacroActions        142.67
Agent5/NMacroActions         85.41
Joint/Value                   0.161968
Joint/Advantage              -0.000256613
Joint/CriticLoss              0.0376521
Joint/VfCoef                  1
Agent0/ActorLoss              0.00859114
Agent0/Entropy                1.14834
Agent0/ISRatio                0.999889
Agent0/ClipRate               0.199058
Agent1/ActorLoss             -0.0144125
Agent1/Entropy                1.3312
Agent1/ISRatio                1.00001
Agent1/ClipRate               0.277831
Agent2/ActorLoss             -0.00616193
Agent2/Entropy                1.92762
Agent2/ISRatio                0.999968
Agent2/ClipRate               0.325403
Agent3/ActorLoss             -0.00502336
Agent3/Entropy                1.18382
Agent3/ISRatio                1.00019
Agent3/ClipRate               0.259578
Agent4/ActorLoss             -0.00807757
Agent4/Entropy                1.71977
Agent4/ISRatio                0.99999
Agent4/ClipRate               0.323789
Agent5/ActorLoss              0.00296454
Agent5/Entropy                1.68777
Agent5/ISRatio                1.00004
Agent5/ClipRate               0.288249
Eps                           0.05
Episodes                  30400
Timesteps                     1.21586e+07
SamplingTime                205.813
TrainingTime                 33.6005
EpochTime                   262.515
TotalTime                 40501.9
------------------------  ---------------
2026-04-17 20:41:43.414911 UTC | [s1_260417_18:22:08] Episode 30600 | Eval Finished
------------------------  ---------------
Train/ReturnAverage         -39.975
Train/ReturnStd               2.93673
Train/ReturnMedian          -40
Train/ReturnMin             -50
Train/ReturnMax             -25
Train/DiscReturnAverage     -17.5103
Train/DiscReturnStd           1.00241
Train/DiscReturnMedian      -17.3068
Train/DiscReturnMin         -23.8269
Train/DiscReturnMax         -15.0458
Train/EpiLenAverage         400
Train/EpiLenStd               0
Train/EpiLenMedian          400
Train/EpiLenMin             400
Train/EpiLenMax             400
Train/NumDeliveryAverage      0
Train/NumDeliveryStd          0
Train/NumDeliveryMedian       0
Train/NumDeliveryMin          0
Train/NumDeliveryMax          0
Train/PickRateAverage         0
Train/PickRateStd             0
Train/PickRateMedian          0
Train/PickRateMin             0
Train/PickRateMax             0
Eval/ReturnAverage          -40
Eval/ReturnStd                0
Eval/ReturnMedian           -40
Eval/ReturnMin              -40
Eval/ReturnMax              -40
Eval/DiscReturnAverage      -17.3068
Eval/DiscReturnStd            0
Eval/DiscReturnMedian       -17.3068
Eval/DiscReturnMin          -17.3068
Eval/DiscReturnMax          -17.3068
Eval/EpiLenAverage          400
Eval/EpiLenStd                0
Eval/EpiLenMedian           400
Eval/EpiLenMin              400
Eval/EpiLenMax              400
Eval/NumDeliveryAverage       0
Eval/NumDeliveryStd           0
Eval/NumDeliveryMedian        0
Eval/NumDeliveryMin           0
Eval/NumDeliveryMax           0
Eval/PickRateAverage          0
Eval/PickRateStd              0
Eval/PickRateMedian           0
Eval/PickRateMin              0
Eval/PickRateMax              0
Agent0/NMacroActions        157.915
Agent1/NMacroActions        280.19
Agent2/NMacroActions        104.215
Agent3/NMacroActions        114.025
Agent4/NMacroActions        142.125
Agent5/NMacroActions         87.295
Joint/Value                   0.241308
Joint/Advantage               0.000340067
Joint/CriticLoss              0.027329
Joint/VfCoef                  1
Agent0/ActorLoss              0.0129807
Agent0/Entropy                1.10446
Agent0/ISRatio                0.999871
Agent0/ClipRate               0.190396
Agent1/ActorLoss              0.0180344
Agent1/Entropy                1.3097
Agent1/ISRatio                0.999906
Agent1/ClipRate               0.214084
Agent2/ActorLoss              0.0171049
Agent2/Entropy                1.89694
Agent2/ISRatio                0.999886
Agent2/ClipRate               0.289344
Agent3/ActorLoss              0.0225599
Agent3/Entropy                1.1752
Agent3/ISRatio                0.999933
Agent3/ClipRate               0.244802
Agent4/ActorLoss              0.0205611
Agent4/Entropy                1.6942
Agent4/ISRatio                0.999962
Agent4/ClipRate               0.266732
Agent5/ActorLoss              0.0277234
Agent5/Entropy                1.62156
Agent5/ISRatio                0.99979
Agent5/ClipRate               0.258978
Eps                           0.05
Episodes                  30600
Timesteps                     1.22386e+07
SamplingTime                207.596
TrainingTime                 33.6973
EpochTime                   264.34
TotalTime                 40766.2
------------------------  ---------------
2026-04-17 20:46:07.044525 UTC | [s1_260417_18:22:08] Episode 30800 | Eval Finished
------------------------  ---------------
Train/ReturnAverage         -39.8
Train/ReturnStd               3.15595
Train/ReturnMedian          -40
Train/ReturnMin             -50
Train/ReturnMax             -20
Train/DiscReturnAverage     -17.4319
Train/DiscReturnStd           0.906804
Train/DiscReturnMedian      -17.3068
Train/DiscReturnMin         -21.378
Train/DiscReturnMax         -13.8226
Train/EpiLenAverage         400
Train/EpiLenStd               0
Train/EpiLenMedian          400
Train/EpiLenMin             400
Train/EpiLenMax             400
Train/NumDeliveryAverage      0
Train/NumDeliveryStd          0
Train/NumDeliveryMedian       0
Train/NumDeliveryMin          0
Train/NumDeliveryMax          0
Train/PickRateAverage         0
Train/PickRateStd             0
Train/PickRateMedian          0
Train/PickRateMin             0
Train/PickRateMax             0
Eval/ReturnAverage          -40
Eval/ReturnStd                0
Eval/ReturnMedian           -40
Eval/ReturnMin              -40
Eval/ReturnMax              -40
Eval/DiscReturnAverage      -17.3068
Eval/DiscReturnStd            0
Eval/DiscReturnMedian       -17.3068
Eval/DiscReturnMin          -17.3068
Eval/DiscReturnMax          -17.3068
Eval/EpiLenAverage          400
Eval/EpiLenStd                0
Eval/EpiLenMedian           400
Eval/EpiLenMin              400
Eval/EpiLenMax              400
Eval/NumDeliveryAverage       0
Eval/NumDeliveryStd           0
Eval/NumDeliveryMedian        0
Eval/NumDeliveryMin           0
Eval/NumDeliveryMax           0
Eval/PickRateAverage          0
Eval/PickRateStd              0
Eval/PickRateMedian           0
Eval/PickRateMin              0
Eval/PickRateMax              0
Agent0/NMacroActions        158.02
Agent1/NMacroActions        281.795
Agent2/NMacroActions        107.975
Agent3/NMacroActions        119.125
Agent4/NMacroActions        137.515
Agent5/NMacroActions         84.515
Joint/Value                   0.254637
Joint/Advantage              -0.000182489
Joint/CriticLoss              0.0275612
Joint/VfCoef                  1
Agent0/ActorLoss              0.00192526
Agent0/Entropy                1.10077
Agent0/ISRatio                0.999899
Agent0/ClipRate               0.163835
Agent1/ActorLoss              0.00221011
Agent1/Entropy                1.32869
Agent1/ISRatio                0.999942
Agent1/ClipRate               0.232795
Agent2/ActorLoss              0.00556327
Agent2/Entropy                1.8655
Agent2/ISRatio                0.99998
Agent2/ClipRate               0.293374
Agent3/ActorLoss             -0.00611995
Agent3/Entropy                1.16606
Agent3/ISRatio                1.00003
Agent3/ClipRate               0.217377
Agent4/ActorLoss              0.011493
Agent4/Entropy                1.71079
Agent4/ISRatio                0.999817
Agent4/ClipRate               0.298505
Agent5/ActorLoss              0.0255714
Agent5/Entropy                1.65808
Agent5/ISRatio                0.999927
Agent5/ClipRate               0.262465
Eps                           0.05
Episodes                  30800
Timesteps                     1.23186e+07
SamplingTime                206.951
TrainingTime                 33.3244
EpochTime                   263.586
TotalTime                 41029.8
------------------------  ---------------
2026-04-17 20:50:31.066513 UTC | [s1_260417_18:22:08] Episode 31000 | Eval Finished
------------------------  ---------------
Train/ReturnAverage         -39.95
Train/ReturnStd               2.99958
Train/ReturnMedian          -40
Train/ReturnMin             -50
Train/ReturnMax             -25
Train/DiscReturnAverage     -17.5287
Train/DiscReturnStd           1.04094
Train/DiscReturnMedian      -17.3068
Train/DiscReturnMin         -23.2134
Train/DiscReturnMax         -14.2361
Train/EpiLenAverage         400
Train/EpiLenStd               0
Train/EpiLenMedian          400
Train/EpiLenMin             400
Train/EpiLenMax             400
Train/NumDeliveryAverage      0
Train/NumDeliveryStd          0
Train/NumDeliveryMedian       0
Train/NumDeliveryMin          0
Train/NumDeliveryMax          0
Train/PickRateAverage         0
Train/PickRateStd             0
Train/PickRateMedian          0
Train/PickRateMin             0
Train/PickRateMax             0
Eval/ReturnAverage          -40
Eval/ReturnStd                0
Eval/ReturnMedian           -40
Eval/ReturnMin              -40
Eval/ReturnMax              -40
Eval/DiscReturnAverage      -17.3068
Eval/DiscReturnStd            0
Eval/DiscReturnMedian       -17.3068
Eval/DiscReturnMin          -17.3068
Eval/DiscReturnMax          -17.3068
Eval/EpiLenAverage          400
Eval/EpiLenStd                0
Eval/EpiLenMedian           400
Eval/EpiLenMin              400
Eval/EpiLenMax              400
Eval/NumDeliveryAverage       0
Eval/NumDeliveryStd           0
Eval/NumDeliveryMedian        0
Eval/NumDeliveryMin           0
Eval/NumDeliveryMax           0
Eval/PickRateAverage          0
Eval/PickRateStd              0
Eval/PickRateMedian           0
Eval/PickRateMin              0
Eval/PickRateMax              0
Agent0/NMacroActions        160.365
Agent1/NMacroActions        281.14
Agent2/NMacroActions        107.67
Agent3/NMacroActions        114.12
Agent4/NMacroActions        138.495
Agent5/NMacroActions         89.705
Joint/Value                   0.265648
Joint/Advantage               8.60683e-06
Joint/CriticLoss              0.0253666
Joint/VfCoef                  1
Agent0/ActorLoss             -0.021109
Agent0/Entropy                1.11447
Agent0/ISRatio                1.00009
Agent0/ClipRate               0.173684
Agent1/ActorLoss             -0.0336352
Agent1/Entropy                1.30415
Agent1/ISRatio                1.00011
Agent1/ClipRate               0.211471
Agent2/ActorLoss             -0.0332673
Agent2/Entropy                1.85858
Agent2/ISRatio                1.00014
Agent2/ClipRate               0.275317
Agent3/ActorLoss             -0.038415
Agent3/Entropy                1.1634
Agent3/ISRatio                1.00003
Agent3/ClipRate               0.23104
Agent4/ActorLoss             -0.0449965
Agent4/Entropy                1.69681
Agent4/ISRatio                1.00011
Agent4/ClipRate               0.257002
Agent5/ActorLoss             -0.0367408
Agent5/Entropy                1.61532
Agent5/ISRatio                1.00013
Agent5/ClipRate               0.246704
Eps                           0.05
Episodes                  31000
Timesteps                     1.23986e+07
SamplingTime                206.446
TrainingTime                 34.1651
EpochTime                   263.961
TotalTime                 41293.7
------------------------  ---------------
2026-04-17 20:54:57.005754 UTC | [s1_260417_18:22:08] Episode 31200 | Eval Finished
------------------------  ---------------
Train/ReturnAverage         -40
Train/ReturnStd               2.69258
Train/ReturnMedian          -40
Train/ReturnMin             -50
Train/ReturnMax             -25
Train/DiscReturnAverage     -17.4876
Train/DiscReturnStd           0.983278
Train/DiscReturnMedian      -17.3068
Train/DiscReturnMin         -23.5555
Train/DiscReturnMax         -14.6058
Train/EpiLenAverage         400
Train/EpiLenStd               0
Train/EpiLenMedian          400
Train/EpiLenMin             400
Train/EpiLenMax             400
Train/NumDeliveryAverage      0
Train/NumDeliveryStd          0
Train/NumDeliveryMedian       0
Train/NumDeliveryMin          0
Train/NumDeliveryMax          0
Train/PickRateAverage         0
Train/PickRateStd             0
Train/PickRateMedian          0
Train/PickRateMin             0
Train/PickRateMax             0
Eval/ReturnAverage          -40
Eval/ReturnStd                0
Eval/ReturnMedian           -40
Eval/ReturnMin              -40
Eval/ReturnMax              -40
Eval/DiscReturnAverage      -17.3068
Eval/DiscReturnStd            0
Eval/DiscReturnMedian       -17.3068
Eval/DiscReturnMin          -17.3068
Eval/DiscReturnMax          -17.3068
Eval/EpiLenAverage          400
Eval/EpiLenStd                0
Eval/EpiLenMedian           400
Eval/EpiLenMin              400
Eval/EpiLenMax              400
Eval/NumDeliveryAverage       0
Eval/NumDeliveryStd           0
Eval/NumDeliveryMedian        0
Eval/NumDeliveryMin           0
Eval/NumDeliveryMax           0
Eval/PickRateAverage          0
Eval/PickRateStd              0
Eval/PickRateMedian           0
Eval/PickRateMin              0
Eval/PickRateMax              0
Agent0/NMacroActions        153.935
Agent1/NMacroActions        284.815
Agent2/NMacroActions        112.535
Agent3/NMacroActions        118.98
Agent4/NMacroActions        142.49
Agent5/NMacroActions         87.295
Joint/Value                   0.330868
Joint/Advantage               0.000281129
Joint/CriticLoss              0.0247675
Joint/VfCoef                  1
Agent0/ActorLoss             -0.00375632
Agent0/Entropy                1.11077
Agent0/ISRatio                0.999996
Agent0/ClipRate               0.169804
Agent1/ActorLoss             -0.0100319
Agent1/Entropy                1.3025
Agent1/ISRatio                1.00004
Agent1/ClipRate               0.210282
Agent2/ActorLoss             -0.0309829
Agent2/Entropy                1.81507
Agent2/ISRatio                1.00002
Agent2/ClipRate               0.290604
Agent3/ActorLoss             -0.0350245
Agent3/Entropy                1.11462
Agent3/ISRatio                1.00006
Agent3/ClipRate               0.22175
Agent4/ActorLoss             -0.0280353
Agent4/Entropy                1.66482
Agent4/ISRatio                1.00012
Agent4/ClipRate               0.303721
Agent5/ActorLoss             -0.0287276
Agent5/Entropy                1.57079
Agent5/ISRatio                0.999963
Agent5/ClipRate               0.269559
Eps                           0.05
Episodes                  31200
Timesteps                     1.24786e+07
SamplingTime                209.258
TrainingTime                 33.3646
EpochTime                   265.879
TotalTime                 41559.6
------------------------  ---------------
2026-04-17 20:59:19.244203 UTC | [s1_260417_18:22:08] Episode 31400 | Eval Finished
------------------------  ---------------
Train/ReturnAverage         -40.2
Train/ReturnStd               2.95127
Train/ReturnMedian          -40
Train/ReturnMin             -50
Train/ReturnMax             -30
Train/DiscReturnAverage     -17.5629
Train/DiscReturnStd           1.15229
Train/DiscReturnMedian      -17.3068
Train/DiscReturnMin         -23.6798
Train/DiscReturnMax         -13.6525
Train/EpiLenAverage         400
Train/EpiLenStd               0
Train/EpiLenMedian          400
Train/EpiLenMin             400
Train/EpiLenMax             400
Train/NumDeliveryAverage      0
Train/NumDeliveryStd          0
Train/NumDeliveryMedian       0
Train/NumDeliveryMin          0
Train/NumDeliveryMax          0
Train/PickRateAverage         0
Train/PickRateStd             0
Train/PickRateMedian          0
Train/PickRateMin             0
Train/PickRateMax             0
Eval/ReturnAverage          -40
Eval/ReturnStd                0
Eval/ReturnMedian           -40
Eval/ReturnMin              -40
Eval/ReturnMax              -40
Eval/DiscReturnAverage      -17.3068
Eval/DiscReturnStd            0
Eval/DiscReturnMedian       -17.3068
Eval/DiscReturnMin          -17.3068
Eval/DiscReturnMax          -17.3068
Eval/EpiLenAverage          400
Eval/EpiLenStd                0
Eval/EpiLenMedian           400
Eval/EpiLenMin              400
Eval/EpiLenMax              400
Eval/NumDeliveryAverage       0
Eval/NumDeliveryStd           0
Eval/NumDeliveryMedian        0
Eval/NumDeliveryMin           0
Eval/NumDeliveryMax           0
Eval/PickRateAverage          0
Eval/PickRateStd              0
Eval/PickRateMedian           0
Eval/PickRateMin              0
Eval/PickRateMax              0
Agent0/NMacroActions        158.935
Agent1/NMacroActions        284.15
Agent2/NMacroActions        116.02
Agent3/NMacroActions        124.5
Agent4/NMacroActions        147.575
Agent5/NMacroActions         91.15
Joint/Value                   0.352118
Joint/Advantage               0.000336386
Joint/CriticLoss              0.0276786
Joint/VfCoef                  1
Agent0/ActorLoss              0.0221724
Agent0/Entropy                1.10209
Agent0/ISRatio                0.999814
Agent0/ClipRate               0.161486
Agent1/ActorLoss              0.0409022
Agent1/Entropy                1.27798
Agent1/ISRatio                0.999891
Agent1/ClipRate               0.267258
Agent2/ActorLoss              0.0289846
Agent2/Entropy                1.76126
Agent2/ISRatio                0.999882
Agent2/ClipRate               0.245602
Agent3/ActorLoss              0.0220775
Agent3/Entropy                1.0928
Agent3/ISRatio                0.99981
Agent3/ClipRate               0.220324
Agent4/ActorLoss              0.0280002
Agent4/Entropy                1.66938
Agent4/ISRatio                0.999874
Agent4/ClipRate               0.246673
Agent5/ActorLoss              0.0506389
Agent5/Entropy                1.58082
Agent5/ISRatio                0.999931
Agent5/ClipRate               0.263563
Eps                           0.05
Episodes                  31400
Timesteps                     1.25586e+07
SamplingTime                205.361
TrainingTime                 34.0105
EpochTime                   262.179
TotalTime                 41821.8
------------------------  ---------------
2026-04-17 21:03:44.606556 UTC | [s1_260417_18:22:08] Episode 31600 | Eval Finished
------------------------  ---------------
Train/ReturnAverage         -39.475
Train/ReturnStd               3.85349
Train/ReturnMedian          -40
Train/ReturnMin             -50
Train/ReturnMax              -5
Train/DiscReturnAverage     -17.4081
Train/DiscReturnStd           1.23094
Train/DiscReturnMedian      -17.3068
Train/DiscReturnMin         -21.6437
Train/DiscReturnMax          -8.55212
Train/EpiLenAverage         400
Train/EpiLenStd               0
Train/EpiLenMedian          400
Train/EpiLenMin             400
Train/EpiLenMax             400
Train/NumDeliveryAverage      0
Train/NumDeliveryStd          0
Train/NumDeliveryMedian       0
Train/NumDeliveryMin          0
Train/NumDeliveryMax          0
Train/PickRateAverage         0
Train/PickRateStd             0
Train/PickRateMedian          0
Train/PickRateMin             0
Train/PickRateMax             0
Eval/ReturnAverage          -40
Eval/ReturnStd                0
Eval/ReturnMedian           -40
Eval/ReturnMin              -40
Eval/ReturnMax              -40
Eval/DiscReturnAverage      -17.3068
Eval/DiscReturnStd            0
Eval/DiscReturnMedian       -17.3068
Eval/DiscReturnMin          -17.3068
Eval/DiscReturnMax          -17.3068
Eval/EpiLenAverage          400
Eval/EpiLenStd                0
Eval/EpiLenMedian           400
Eval/EpiLenMin              400
Eval/EpiLenMax              400
Eval/NumDeliveryAverage       0
Eval/NumDeliveryStd           0
Eval/NumDeliveryMedian        0
Eval/NumDeliveryMin           0
Eval/NumDeliveryMax           0
Eval/PickRateAverage          0
Eval/PickRateStd              0
Eval/PickRateMedian           0
Eval/PickRateMin              0
Eval/PickRateMax              0
Agent0/NMacroActions        162.85
Agent1/NMacroActions        283.65
Agent2/NMacroActions        116.555
Agent3/NMacroActions        119.9
Agent4/NMacroActions        145.93
Agent5/NMacroActions         92.565
Joint/Value                   0.334086
Joint/Advantage              -0.00136241
Joint/CriticLoss              0.0362322
Joint/VfCoef                  1
Agent0/ActorLoss             -0.0281249
Agent0/Entropy                1.10616
Agent0/ISRatio                1.00006
Agent0/ClipRate               0.191044
Agent1/ActorLoss             -0.0204423
Agent1/Entropy                1.27573
Agent1/ISRatio                0.999997
Agent1/ClipRate               0.250209
Agent2/ActorLoss             -0.0128642
Agent2/Entropy                1.73791
Agent2/ISRatio                0.999957
Agent2/ClipRate               0.260807
Agent3/ActorLoss             -0.0215068
Agent3/Entropy                1.08852
Agent3/ISRatio                1.00001
Agent3/ClipRate               0.213979
Agent4/ActorLoss             -0.0372141
Agent4/Entropy                1.6518
Agent4/ISRatio                1.0001
Agent4/ClipRate               0.304702
Agent5/ActorLoss             -0.0186517
Agent5/Entropy                1.57815
Agent5/ISRatio                0.999867
Agent5/ClipRate               0.281784
Eps                           0.05
Episodes                  31600
Timesteps                     1.26386e+07
SamplingTime                207.817
TrainingTime                 34.4957
EpochTime                   265.305
TotalTime                 42087.1
------------------------  ---------------
2026-04-17 21:08:14.393249 UTC | [s1_260417_18:22:08] Episode 31800 | Eval Finished
------------------------  ---------------
Train/ReturnAverage         -39.8
Train/ReturnStd               3.34813
Train/ReturnMedian          -40
Train/ReturnMin             -50
Train/ReturnMax             -25
Train/DiscReturnAverage     -17.4663
Train/DiscReturnStd           1.10232
Train/DiscReturnMedian      -17.3068
Train/DiscReturnMin         -22.015
Train/DiscReturnMax         -13.5367
Train/EpiLenAverage         400
Train/EpiLenStd               0
Train/EpiLenMedian          400
Train/EpiLenMin             400
Train/EpiLenMax             400
Train/NumDeliveryAverage      0
Train/NumDeliveryStd          0
Train/NumDeliveryMedian       0
Train/NumDeliveryMin          0
Train/NumDeliveryMax          0
Train/PickRateAverage         0
Train/PickRateStd             0
Train/PickRateMedian          0
Train/PickRateMin             0
Train/PickRateMax             0
Eval/ReturnAverage          -40
Eval/ReturnStd                0
Eval/ReturnMedian           -40
Eval/ReturnMin              -40
Eval/ReturnMax              -40
Eval/DiscReturnAverage      -17.3068
Eval/DiscReturnStd            0
Eval/DiscReturnMedian       -17.3068
Eval/DiscReturnMin          -17.3068
Eval/DiscReturnMax          -17.3068
Eval/EpiLenAverage          400
Eval/EpiLenStd                0
Eval/EpiLenMedian           400
Eval/EpiLenMin              400
Eval/EpiLenMax              400
Eval/NumDeliveryAverage       0
Eval/NumDeliveryStd           0
Eval/NumDeliveryMedian        0
Eval/NumDeliveryMin           0
Eval/NumDeliveryMax           0
Eval/PickRateAverage          0
Eval/PickRateStd              0
Eval/PickRateMedian           0
Eval/PickRateMin              0
Eval/PickRateMax              0
Agent0/NMacroActions        166.67
Agent1/NMacroActions        283.15
Agent2/NMacroActions        118.435
Agent3/NMacroActions        122.405
Agent4/NMacroActions        151.435
Agent5/NMacroActions         93.015
Joint/Value                   0.394055
Joint/Advantage               0.000541698
Joint/CriticLoss              0.0332736
Joint/VfCoef                  1
Agent0/ActorLoss              0.0401183
Agent0/Entropy                1.08446
Agent0/ISRatio                0.999934
Agent0/ClipRate               0.155833
Agent1/ActorLoss              0.0208358
Agent1/Entropy                1.25942
Agent1/ISRatio                0.999893
Agent1/ClipRate               0.215179
Agent2/ActorLoss              0.00674791
Agent2/Entropy                1.7317
Agent2/ISRatio                0.999764
Agent2/ClipRate               0.245398
Agent3/ActorLoss              0.00613151
Agent3/Entropy                1.05767
Agent3/ISRatio                0.999982
Agent3/ClipRate               0.213553
Agent4/ActorLoss              0.0140056
Agent4/Entropy                1.6168
Agent4/ISRatio                0.999972
Agent4/ClipRate               0.288242
Agent5/ActorLoss              0.0297388
Agent5/Entropy                1.53406
Agent5/ISRatio                0.999891
Agent5/ClipRate               0.26361
Eps                           0.05
Episodes                  31800
Timesteps                     1.27186e+07
SamplingTime                210.414
TrainingTime                 35.5669
EpochTime                   269.719
TotalTime                 42356.8
------------------------  ---------------
2026-04-17 21:12:38.817715 UTC | [s1_260417_18:22:08] Episode 32000 | Eval Finished
------------------------  ---------------
Train/ReturnAverage         -39.775
Train/ReturnStd               3.17402
Train/ReturnMedian          -40
Train/ReturnMin             -50
Train/ReturnMax             -25
Train/DiscReturnAverage     -17.4478
Train/DiscReturnStd           0.778584
Train/DiscReturnMedian      -17.3068
Train/DiscReturnMin         -22.1702
Train/DiscReturnMax         -14.4596
Train/EpiLenAverage         400
Train/EpiLenStd               0
Train/EpiLenMedian          400
Train/EpiLenMin             400
Train/EpiLenMax             400
Train/NumDeliveryAverage      0
Train/NumDeliveryStd          0
Train/NumDeliveryMedian       0
Train/NumDeliveryMin          0
Train/NumDeliveryMax          0
Train/PickRateAverage         0
Train/PickRateStd             0
Train/PickRateMedian          0
Train/PickRateMin             0
Train/PickRateMax             0
Eval/ReturnAverage          -40
Eval/ReturnStd                0
Eval/ReturnMedian           -40
Eval/ReturnMin              -40
Eval/ReturnMax              -40
Eval/DiscReturnAverage      -17.3068
Eval/DiscReturnStd            0
Eval/DiscReturnMedian       -17.3068
Eval/DiscReturnMin          -17.3068
Eval/DiscReturnMax          -17.3068
Eval/EpiLenAverage          400
Eval/EpiLenStd                0
Eval/EpiLenMedian           400
Eval/EpiLenMin              400
Eval/EpiLenMax              400
Eval/NumDeliveryAverage       0
Eval/NumDeliveryStd           0
Eval/NumDeliveryMedian        0
Eval/NumDeliveryMin           0
Eval/NumDeliveryMax           0
Eval/PickRateAverage          0
Eval/PickRateStd              0
Eval/PickRateMedian           0
Eval/PickRateMin              0
Eval/PickRateMax              0
Agent0/NMacroActions        162.175
Agent1/NMacroActions        289.62
Agent2/NMacroActions        117.89
Agent3/NMacroActions        128.975
Agent4/NMacroActions        140.14
Agent5/NMacroActions         94.085
Joint/Value                   0.339378
Joint/Advantage               0.00108947
Joint/CriticLoss              0.0319765
Joint/VfCoef                  1
Agent0/ActorLoss              0.0406191
Agent0/Entropy                1.08573
Agent0/ISRatio                0.999819
Agent0/ClipRate               0.162494
Agent1/ActorLoss              0.0329635
Agent1/Entropy                1.26572
Agent1/ISRatio                0.999963
Agent1/ClipRate               0.214685
Agent2/ActorLoss              0.0377435
Agent2/Entropy                1.73906
Agent2/ISRatio                0.999946
Agent2/ClipRate               0.240323
Agent3/ActorLoss              0.0086285
Agent3/Entropy                1.06909
Agent3/ISRatio                0.999944
Agent3/ClipRate               0.21108
Agent4/ActorLoss              0.0307383
Agent4/Entropy                1.61883
Agent4/ISRatio                0.999885
Agent4/ClipRate               0.263069
Agent5/ActorLoss              0.0178371
Agent5/Entropy                1.53531
Agent5/ISRatio                1
Agent5/ClipRate               0.252326
Eps                           0.05
Episodes                  32000
Timesteps                     1.27986e+07
SamplingTime                207.218
TrainingTime                 33.8716
EpochTime                   264.353
TotalTime                 42621.2
------------------------  ---------------
2026-04-17 21:16:58.057481 UTC | [s1_260417_18:22:08] Episode 32200 | Eval Finished
------------------------  ---------------
Train/ReturnAverage         -40.025
Train/ReturnStd               2.76123
Train/ReturnMedian          -40
Train/ReturnMin             -50
Train/ReturnMax             -25
Train/DiscReturnAverage     -17.4423
Train/DiscReturnStd           1.00929
Train/DiscReturnMedian      -17.3068
Train/DiscReturnMin         -21.4355
Train/DiscReturnMax         -13.4472
Train/EpiLenAverage         400
Train/EpiLenStd               0
Train/EpiLenMedian          400
Train/EpiLenMin             400
Train/EpiLenMax             400
Train/NumDeliveryAverage      0
Train/NumDeliveryStd          0
Train/NumDeliveryMedian       0
Train/NumDeliveryMin          0
Train/NumDeliveryMax          0
Train/PickRateAverage         0
Train/PickRateStd             0
Train/PickRateMedian          0
Train/PickRateMin             0
Train/PickRateMax             0
Eval/ReturnAverage          -40
Eval/ReturnStd                0
Eval/ReturnMedian           -40
Eval/ReturnMin              -40
Eval/ReturnMax              -40
Eval/DiscReturnAverage      -17.3068
Eval/DiscReturnStd            0
Eval/DiscReturnMedian       -17.3068
Eval/DiscReturnMin          -17.3068
Eval/DiscReturnMax          -17.3068
Eval/EpiLenAverage          400
Eval/EpiLenStd                0
Eval/EpiLenMedian           400
Eval/EpiLenMin              400
Eval/EpiLenMax              400
Eval/NumDeliveryAverage       0
Eval/NumDeliveryStd           0
Eval/NumDeliveryMedian        0
Eval/NumDeliveryMin           0
Eval/NumDeliveryMax           0
Eval/PickRateAverage          0
Eval/PickRateStd              0
Eval/PickRateMedian           0
Eval/PickRateMin              0
Eval/PickRateMax              0
Agent0/NMacroActions        165.28
Agent1/NMacroActions        283.11
Agent2/NMacroActions        118.96
Agent3/NMacroActions        119.56
Agent4/NMacroActions        146.685
Agent5/NMacroActions         93.025
Joint/Value                   0.280597
Joint/Advantage              -0.000377568
Joint/CriticLoss              0.0277788
Joint/VfCoef                  1
Agent0/ActorLoss              0.0071131
Agent0/Entropy                1.10611
Agent0/ISRatio                0.999934
Agent0/ClipRate               0.186108
Agent1/ActorLoss              0.0136721
Agent1/Entropy                1.25912
Agent1/ISRatio                0.999903
Agent1/ClipRate               0.204458
Agent2/ActorLoss              0.0201612
Agent2/Entropy                1.72497
Agent2/ISRatio                0.999948
Agent2/ClipRate               0.25311
Agent3/ActorLoss              0.0219611
Agent3/Entropy                1.09205
Agent3/ISRatio                1.00001
Agent3/ClipRate               0.205778
Agent4/ActorLoss              0.020838
Agent4/Entropy                1.62271
Agent4/ISRatio                0.999825
Agent4/ClipRate               0.280284
Agent5/ActorLoss              0.0131151
Agent5/Entropy                1.50813
Agent5/ISRatio                0.999915
Agent5/ClipRate               0.219162
Eps                           0.05
Episodes                  32200
Timesteps                     1.28786e+07
SamplingTime                203.78
TrainingTime                 32.3802
EpochTime                   259.172
TotalTime                 42880.4
------------------------  ---------------
2026-04-17 21:21:21.466307 UTC | [s1_260417_18:22:08] Episode 32400 | Eval Finished
------------------------  ---------------
Train/ReturnAverage         -39.75
Train/ReturnStd               3.79967
Train/ReturnMedian          -40
Train/ReturnMin             -45
Train/ReturnMax              -5
Train/DiscReturnAverage     -17.4962
Train/DiscReturnStd           1.2282
Train/DiscReturnMedian      -17.3068
Train/DiscReturnMin         -22.6221
Train/DiscReturnMax          -8.67962
Train/EpiLenAverage         400
Train/EpiLenStd               0
Train/EpiLenMedian          400
Train/EpiLenMin             400
Train/EpiLenMax             400
Train/NumDeliveryAverage      0
Train/NumDeliveryStd          0
Train/NumDeliveryMedian       0
Train/NumDeliveryMin          0
Train/NumDeliveryMax          0
Train/PickRateAverage         0
Train/PickRateStd             0
Train/PickRateMedian          0
Train/PickRateMin             0
Train/PickRateMax             0
Eval/ReturnAverage          -40
Eval/ReturnStd                0
Eval/ReturnMedian           -40
Eval/ReturnMin              -40
Eval/ReturnMax              -40
Eval/DiscReturnAverage      -17.3068
Eval/DiscReturnStd            0
Eval/DiscReturnMedian       -17.3068
Eval/DiscReturnMin          -17.3068
Eval/DiscReturnMax          -17.3068
Eval/EpiLenAverage          400
Eval/EpiLenStd                0
Eval/EpiLenMedian           400
Eval/EpiLenMin              400
Eval/EpiLenMax              400
Eval/NumDeliveryAverage       0
Eval/NumDeliveryStd           0
Eval/NumDeliveryMedian        0
Eval/NumDeliveryMin           0
Eval/NumDeliveryMax           0
Eval/PickRateAverage          0
Eval/PickRateStd              0
Eval/PickRateMedian           0
Eval/PickRateMin              0
Eval/PickRateMax              0
Agent0/NMacroActions        163.285
Agent1/NMacroActions        281.155
Agent2/NMacroActions        122.1
Agent3/NMacroActions        123.24
Agent4/NMacroActions        150.25
Agent5/NMacroActions        107.675
Joint/Value                   0.357135
Joint/Advantage              -0.000567437
Joint/CriticLoss              0.0297647
Joint/VfCoef                  1
Agent0/ActorLoss             -0.0173201
Agent0/Entropy                1.10468
Agent0/ISRatio                1.00002
Agent0/ClipRate               0.167622
Agent1/ActorLoss             -0.0338643
Agent1/Entropy                1.23718
Agent1/ISRatio                1.00007
Agent1/ClipRate               0.214702
Agent2/ActorLoss             -0.0311194
Agent2/Entropy                1.71118
Agent2/ISRatio                1.00003
Agent2/ClipRate               0.265981
Agent3/ActorLoss             -0.0332665
Agent3/Entropy                1.05045
Agent3/ISRatio                1.00004
Agent3/ClipRate               0.203489
Agent4/ActorLoss             -0.0230963
Agent4/Entropy                1.61368
Agent4/ISRatio                1.00003
Agent4/ClipRate               0.263571
Agent5/ActorLoss             -0.0212216
Agent5/Entropy                1.46028
Agent5/ISRatio                1.00001
Agent5/ClipRate               0.232351
Eps                           0.05
Episodes                  32400
Timesteps                     1.29586e+07
SamplingTime                206.723
TrainingTime                 33.2271
EpochTime                   263.347
TotalTime                 43143.7
------------------------  ---------------
2026-04-17 21:25:45.746637 UTC | [s1_260417_18:22:08] Episode 32600 | Eval Finished
------------------------  ---------------
Train/ReturnAverage         -39.95
Train/ReturnStd               3.0818
Train/ReturnMedian          -40
Train/ReturnMin             -50
Train/ReturnMax             -25
Train/DiscReturnAverage     -17.5156
Train/DiscReturnStd           0.938739
Train/DiscReturnMedian      -17.3068
Train/DiscReturnMin         -21.5658
Train/DiscReturnMax         -14.4724
Train/EpiLenAverage         400
Train/EpiLenStd               0
Train/EpiLenMedian          400
Train/EpiLenMin             400
Train/EpiLenMax             400
Train/NumDeliveryAverage      0
Train/NumDeliveryStd          0
Train/NumDeliveryMedian       0
Train/NumDeliveryMin          0
Train/NumDeliveryMax          0
Train/PickRateAverage         0
Train/PickRateStd             0
Train/PickRateMedian          0
Train/PickRateMin             0
Train/PickRateMax             0
Eval/ReturnAverage          -40
Eval/ReturnStd                0
Eval/ReturnMedian           -40
Eval/ReturnMin              -40
Eval/ReturnMax              -40
Eval/DiscReturnAverage      -17.3068
Eval/DiscReturnStd            0
Eval/DiscReturnMedian       -17.3068
Eval/DiscReturnMin          -17.3068
Eval/DiscReturnMax          -17.3068
Eval/EpiLenAverage          400
Eval/EpiLenStd                0
Eval/EpiLenMedian           400
Eval/EpiLenMin              400
Eval/EpiLenMax              400
Eval/NumDeliveryAverage       0
Eval/NumDeliveryStd           0
Eval/NumDeliveryMedian        0
Eval/NumDeliveryMin           0
Eval/NumDeliveryMax           0
Eval/PickRateAverage          0
Eval/PickRateStd              0
Eval/PickRateMedian           0
Eval/PickRateMin              0
Eval/PickRateMax              0
Agent0/NMacroActions        167.025
Agent1/NMacroActions        278.305
Agent2/NMacroActions        126.795
Agent3/NMacroActions        121.735
Agent4/NMacroActions        151.98
Agent5/NMacroActions         98.805
Joint/Value                   0.395325
Joint/Advantage               0.000572047
Joint/CriticLoss              0.0306111
Joint/VfCoef                  1
Agent0/ActorLoss              0.00841274
Agent0/Entropy                1.08984
Agent0/ISRatio                0.999994
Agent0/ClipRate               0.160363
Agent1/ActorLoss              0.00416154
Agent1/Entropy                1.21324
Agent1/ISRatio                0.999932
Agent1/ClipRate               0.213024
Agent2/ActorLoss              0.00446228
Agent2/Entropy                1.66127
Agent2/ISRatio                0.999911
Agent2/ClipRate               0.2464
Agent3/ActorLoss             -0.00439957
Agent3/Entropy                1.02906
Agent3/ISRatio                1.00004
Agent3/ClipRate               0.198595
Agent4/ActorLoss             -0.00316095
Agent4/Entropy                1.59103
Agent4/ISRatio                0.999914
Agent4/ClipRate               0.256208
Agent5/ActorLoss              0.0190119
Agent5/Entropy                1.47018
Agent5/ISRatio                0.999929
Agent5/ClipRate               0.223106
Eps                           0.05
Episodes                  32600
Timesteps                     1.30386e+07
SamplingTime                207.486
TrainingTime                 33.6285
EpochTime                   264.218
TotalTime                 43407.9
------------------------  ---------------
2026-04-17 21:30:10.419881 UTC | [s1_260417_18:22:08] Episode 32800 | Eval Finished
------------------------  ---------------
Train/ReturnAverage         -39.55
Train/ReturnStd               4.66878
Train/ReturnMedian          -40
Train/ReturnMin             -50
Train/ReturnMax             -15
Train/DiscReturnAverage     -17.3925
Train/DiscReturnStd           1.38476
Train/DiscReturnMedian      -17.3068
Train/DiscReturnMin         -24.9942
Train/DiscReturnMax          -9.92111
Train/EpiLenAverage         400
Train/EpiLenStd               0
Train/EpiLenMedian          400
Train/EpiLenMin             400
Train/EpiLenMax             400
Train/NumDeliveryAverage      0
Train/NumDeliveryStd          0
Train/NumDeliveryMedian       0
Train/NumDeliveryMin          0
Train/NumDeliveryMax          0
Train/PickRateAverage         0
Train/PickRateStd             0
Train/PickRateMedian          0
Train/PickRateMin             0
Train/PickRateMax             0
Eval/ReturnAverage          -40
Eval/ReturnStd                0
Eval/ReturnMedian           -40
Eval/ReturnMin              -40
Eval/ReturnMax              -40
Eval/DiscReturnAverage      -17.3068
Eval/DiscReturnStd            0
Eval/DiscReturnMedian       -17.3068
Eval/DiscReturnMin          -17.3068
Eval/DiscReturnMax          -17.3068
Eval/EpiLenAverage          400
Eval/EpiLenStd                0
Eval/EpiLenMedian           400
Eval/EpiLenMin              400
Eval/EpiLenMax              400
Eval/NumDeliveryAverage       0
Eval/NumDeliveryStd           0
Eval/NumDeliveryMedian        0
Eval/NumDeliveryMin           0
Eval/NumDeliveryMax           0
Eval/PickRateAverage          0
Eval/PickRateStd              0
Eval/PickRateMedian           0
Eval/PickRateMin              0
Eval/PickRateMax              0
Agent0/NMacroActions        157.715
Agent1/NMacroActions        280.66
Agent2/NMacroActions        126.97
Agent3/NMacroActions        127.24
Agent4/NMacroActions        151.135
Agent5/NMacroActions        101.935
Joint/Value                   0.404344
Joint/Advantage               0.000190132
Joint/CriticLoss              0.0411286
Joint/VfCoef                  1
Agent0/ActorLoss             -0.00264378
Agent0/Entropy                1.11763
Agent0/ISRatio                0.999875
Agent0/ClipRate               0.164219
Agent1/ActorLoss             -0.00732326
Agent1/Entropy                1.21767
Agent1/ISRatio                0.999959
Agent1/ClipRate               0.249324
Agent2/ActorLoss             -0.0154104
Agent2/Entropy                1.66503
Agent2/ISRatio                0.999889
Agent2/ClipRate               0.277488
Agent3/ActorLoss             -0.0247092
Agent3/Entropy                1.02575
Agent3/ISRatio                1.00003
Agent3/ClipRate               0.231486
Agent4/ActorLoss             -0.0113531
Agent4/Entropy                1.55184
Agent4/ISRatio                1.00004
Agent4/ClipRate               0.282153
Agent5/ActorLoss             -0.000246291
Agent5/Entropy                1.43801
Agent5/ISRatio                0.999904
Agent5/ClipRate               0.244005
Eps                           0.05
Episodes                  32800
Timesteps                     1.31186e+07
SamplingTime                207.146
TrainingTime                 34.0623
EpochTime                   264.611
TotalTime                 43672.5
------------------------  ---------------
2026-04-17 21:34:37.462123 UTC | [s1_260417_18:22:08] Episode 33000 | Eval Finished
------------------------  ---------------
Train/ReturnAverage         -39.8
Train/ReturnStd               4.32551
Train/ReturnMedian          -40
Train/ReturnMin             -55
Train/ReturnMax             -10
Train/DiscReturnAverage     -17.5292
Train/DiscReturnStd           1.20224
Train/DiscReturnMedian      -17.3068
Train/DiscReturnMin         -23.2667
Train/DiscReturnMax         -11.0573
Train/EpiLenAverage         400
Train/EpiLenStd               0
Train/EpiLenMedian          400
Train/EpiLenMin             400
Train/EpiLenMax             400
Train/NumDeliveryAverage      0
Train/NumDeliveryStd          0
Train/NumDeliveryMedian       0
Train/NumDeliveryMin          0
Train/NumDeliveryMax          0
Train/PickRateAverage         0
Train/PickRateStd             0
Train/PickRateMedian          0
Train/PickRateMin             0
Train/PickRateMax             0
Eval/ReturnAverage          -40
Eval/ReturnStd                0
Eval/ReturnMedian           -40
Eval/ReturnMin              -40
Eval/ReturnMax              -40
Eval/DiscReturnAverage      -17.3068
Eval/DiscReturnStd            0
Eval/DiscReturnMedian       -17.3068
Eval/DiscReturnMin          -17.3068
Eval/DiscReturnMax          -17.3068
Eval/EpiLenAverage          400
Eval/EpiLenStd                0
Eval/EpiLenMedian           400
Eval/EpiLenMin              400
Eval/EpiLenMax              400
Eval/NumDeliveryAverage       0
Eval/NumDeliveryStd           0
Eval/NumDeliveryMedian        0
Eval/NumDeliveryMin           0
Eval/NumDeliveryMax           0
Eval/PickRateAverage          0
Eval/PickRateStd              0
Eval/PickRateMedian           0
Eval/PickRateMin              0
Eval/PickRateMax              0
Agent0/NMacroActions        164.855
Agent1/NMacroActions        283.65
Agent2/NMacroActions        122.9
Agent3/NMacroActions        133.385
Agent4/NMacroActions        147.5
Agent5/NMacroActions        101.455
Joint/Value                   0.385379
Joint/Advantage              -0.000497773
Joint/CriticLoss              0.0347546
Joint/VfCoef                  1
Agent0/ActorLoss              0.0191407
Agent0/Entropy                1.12498
Agent0/ISRatio                0.999992
Agent0/ClipRate               0.165396
Agent1/ActorLoss              0.00650028
Agent1/Entropy                1.20918
Agent1/ISRatio                0.99994
Agent1/ClipRate               0.221981
Agent2/ActorLoss              0.0276066
Agent2/Entropy                1.67443
Agent2/ISRatio                0.999959
Agent2/ClipRate               0.244289
Agent3/ActorLoss              0.00479446
Agent3/Entropy                1.0176
Agent3/ISRatio                0.999967
Agent3/ClipRate               0.183172
Agent4/ActorLoss              0.00438296
Agent4/Entropy                1.53593
Agent4/ISRatio                0.999968
Agent4/ClipRate               0.260657
Agent5/ActorLoss              0.0137708
Agent5/Entropy                1.42636
Agent5/ISRatio                0.999878
Agent5/ClipRate               0.214984
Eps                           0.05
Episodes                  33000
Timesteps                     1.31986e+07
SamplingTime                211.337
TrainingTime                 32.6409
EpochTime                   266.981
TotalTime                 43939.5
------------------------  ---------------
2026-04-17 21:39:06.766425 UTC | [s1_260417_18:22:08] Episode 33200 | Eval Finished
------------------------  ---------------
Train/ReturnAverage         -39.925
Train/ReturnStd               2.71466
Train/ReturnMedian          -40
Train/ReturnMin             -50
Train/ReturnMax             -30
Train/DiscReturnAverage     -17.4885
Train/DiscReturnStd           0.951086
Train/DiscReturnMedian      -17.3068
Train/DiscReturnMin         -21.9854
Train/DiscReturnMax         -14.538
Train/EpiLenAverage         400
Train/EpiLenStd               0
Train/EpiLenMedian          400
Train/EpiLenMin             400
Train/EpiLenMax             400
Train/NumDeliveryAverage      0
Train/NumDeliveryStd          0
Train/NumDeliveryMedian       0
Train/NumDeliveryMin          0
Train/NumDeliveryMax          0
Train/PickRateAverage         0
Train/PickRateStd             0
Train/PickRateMedian          0
Train/PickRateMin             0
Train/PickRateMax             0
Eval/ReturnAverage          -40
Eval/ReturnStd                0
Eval/ReturnMedian           -40
Eval/ReturnMin              -40
Eval/ReturnMax              -40
Eval/DiscReturnAverage      -17.3068
Eval/DiscReturnStd            0
Eval/DiscReturnMedian       -17.3068
Eval/DiscReturnMin          -17.3068
Eval/DiscReturnMax          -17.3068
Eval/EpiLenAverage          400
Eval/EpiLenStd                0
Eval/EpiLenMedian           400
Eval/EpiLenMin              400
Eval/EpiLenMax              400
Eval/NumDeliveryAverage       0
Eval/NumDeliveryStd           0
Eval/NumDeliveryMedian        0
Eval/NumDeliveryMin           0
Eval/NumDeliveryMax           0
Eval/PickRateAverage          0
Eval/PickRateStd              0
Eval/PickRateMedian           0
Eval/PickRateMin              0
Eval/PickRateMax              0
Agent0/NMacroActions        162.73
Agent1/NMacroActions        284.465
Agent2/NMacroActions        123.895
Agent3/NMacroActions        129.58
Agent4/NMacroActions        148.98
Agent5/NMacroActions        103.415
Joint/Value                   0.367854
Joint/Advantage               0.000478777
Joint/CriticLoss              0.0298326
Joint/VfCoef                  1
Agent0/ActorLoss              0.0709412
Agent0/Entropy                1.12642
Agent0/ISRatio                0.999746
Agent0/ClipRate               0.17342
Agent1/ActorLoss              0.0485746
Agent1/Entropy                1.20963
Agent1/ISRatio                0.999837
Agent1/ClipRate               0.218928
Agent2/ActorLoss              0.0491012
Agent2/Entropy                1.6846
Agent2/ISRatio                0.999767
Agent2/ClipRate               0.259321
Agent3/ActorLoss              0.0323915
Agent3/Entropy                1.01582
Agent3/ISRatio                0.999859
Agent3/ClipRate               0.216105
Agent4/ActorLoss              0.0536752
Agent4/Entropy                1.53005
Agent4/ISRatio                0.999838
Agent4/ClipRate               0.259554
Agent5/ActorLoss              0.0562827
Agent5/Entropy                1.42866
Agent5/ISRatio                0.999929
Agent5/ClipRate               0.217016
Eps                           0.05
Episodes                  33200
Timesteps                     1.32786e+07
SamplingTime                211.189
TrainingTime                 34.1105
EpochTime                   269.24
TotalTime                 44208.7
------------------------  ---------------
2026-04-17 21:43:35.801411 UTC | [s1_260417_18:22:08] Episode 33400 | Eval Finished
------------------------  ---------------
Train/ReturnAverage         -39.875
Train/ReturnStd               3.37037
Train/ReturnMedian          -40
Train/ReturnMin             -50
Train/ReturnMax             -20
Train/DiscReturnAverage     -17.5384
Train/DiscReturnStd           1.06594
Train/DiscReturnMedian      -17.3068
Train/DiscReturnMin         -21.9686
Train/DiscReturnMax         -13.1926
Train/EpiLenAverage         400
Train/EpiLenStd               0
Train/EpiLenMedian          400
Train/EpiLenMin             400
Train/EpiLenMax             400
Train/NumDeliveryAverage      0
Train/NumDeliveryStd          0
Train/NumDeliveryMedian       0
Train/NumDeliveryMin          0
Train/NumDeliveryMax          0
Train/PickRateAverage         0
Train/PickRateStd             0
Train/PickRateMedian          0
Train/PickRateMin             0
Train/PickRateMax             0
Eval/ReturnAverage          -40
Eval/ReturnStd                0
Eval/ReturnMedian           -40
Eval/ReturnMin              -40
Eval/ReturnMax              -40
Eval/DiscReturnAverage      -17.3068
Eval/DiscReturnStd            0
Eval/DiscReturnMedian       -17.3068
Eval/DiscReturnMin          -17.3068
Eval/DiscReturnMax          -17.3068
Eval/EpiLenAverage          400
Eval/EpiLenStd                0
Eval/EpiLenMedian           400
Eval/EpiLenMin              400
Eval/EpiLenMax              400
Eval/NumDeliveryAverage       0
Eval/NumDeliveryStd           0
Eval/NumDeliveryMedian        0
Eval/NumDeliveryMin           0
Eval/NumDeliveryMax           0
Eval/PickRateAverage          0
Eval/PickRateStd              0
Eval/PickRateMedian           0
Eval/PickRateMin              0
Eval/PickRateMax              0
Agent0/NMacroActions        160.125
Agent1/NMacroActions        282.705
Agent2/NMacroActions        127.715
Agent3/NMacroActions        128.27
Agent4/NMacroActions        154.45
Agent5/NMacroActions         99.12
Joint/Value                   0.347426
Joint/Advantage               0.000101489
Joint/CriticLoss              0.035587
Joint/VfCoef                  1
Agent0/ActorLoss              0.0377893
Agent0/Entropy                1.09673
Agent0/ISRatio                0.999829
Agent0/ClipRate               0.178464
Agent1/ActorLoss              0.0315617
Agent1/Entropy                1.21946
Agent1/ISRatio                0.999895
Agent1/ClipRate               0.219498
Agent2/ActorLoss              0.0232446
Agent2/Entropy                1.69097
Agent2/ISRatio                0.999897
Agent2/ClipRate               0.28116
Agent3/ActorLoss              0.0529686
Agent3/Entropy                1.03141
Agent3/ISRatio                0.999721
Agent3/ClipRate               0.187682
Agent4/ActorLoss              0.0447452
Agent4/Entropy                1.53062
Agent4/ISRatio                0.999765
Agent4/ClipRate               0.272036
Agent5/ActorLoss              0.0656546
Agent5/Entropy                1.47562
Agent5/ISRatio                0.999738
Agent5/ClipRate               0.237331
Eps                           0.05
Episodes                  33400
Timesteps                     1.33586e+07
SamplingTime                208.299
TrainingTime                 35.7952
EpochTime                   268.986
TotalTime                 44477.7
------------------------  ---------------
2026-04-17 21:48:03.087699 UTC | [s1_260417_18:22:08] Episode 33600 | Eval Finished
------------------------  ---------------
Train/ReturnAverage         -39.9
Train/ReturnStd               2.73679
Train/ReturnMedian          -40
Train/ReturnMin             -50
Train/ReturnMax             -25
Train/DiscReturnAverage     -17.5267
Train/DiscReturnStd           0.962803
Train/DiscReturnMedian      -17.3068
Train/DiscReturnMin         -21.4813
Train/DiscReturnMax         -13.8399
Train/EpiLenAverage         400
Train/EpiLenStd               0
Train/EpiLenMedian          400
Train/EpiLenMin             400
Train/EpiLenMax             400
Train/NumDeliveryAverage      0
Train/NumDeliveryStd          0
Train/NumDeliveryMedian       0
Train/NumDeliveryMin          0
Train/NumDeliveryMax          0
Train/PickRateAverage         0
Train/PickRateStd             0
Train/PickRateMedian          0
Train/PickRateMin             0
Train/PickRateMax             0
Eval/ReturnAverage          -40
Eval/ReturnStd                0
Eval/ReturnMedian           -40
Eval/ReturnMin              -40
Eval/ReturnMax              -40
Eval/DiscReturnAverage      -17.3068
Eval/DiscReturnStd            0
Eval/DiscReturnMedian       -17.3068
Eval/DiscReturnMin          -17.3068
Eval/DiscReturnMax          -17.3068
Eval/EpiLenAverage          400
Eval/EpiLenStd                0
Eval/EpiLenMedian           400
Eval/EpiLenMin              400
Eval/EpiLenMax              400
Eval/NumDeliveryAverage       0
Eval/NumDeliveryStd           0
Eval/NumDeliveryMedian        0
Eval/NumDeliveryMin           0
Eval/NumDeliveryMax           0
Eval/PickRateAverage          0
Eval/PickRateStd              0
Eval/PickRateMedian           0
Eval/PickRateMin              0
Eval/PickRateMax              0
Agent0/NMacroActions        164.455
Agent1/NMacroActions        281.41
Agent2/NMacroActions        129.895
Agent3/NMacroActions        132.26
Agent4/NMacroActions        155.235
Agent5/NMacroActions        104.68
Joint/Value                   0.324606
Joint/Advantage              -0.000322568
Joint/CriticLoss              0.0335101
Joint/VfCoef                  1
Agent0/ActorLoss              0.0692745
Agent0/Entropy                1.14132
Agent0/ISRatio                0.999766
Agent0/ClipRate               0.176606
Agent1/ActorLoss              0.0407099
Agent1/Entropy                1.20833
Agent1/ISRatio                0.999903
Agent1/ClipRate               0.23692
Agent2/ActorLoss              0.0571642
Agent2/Entropy                1.66427
Agent2/ISRatio                0.999777
Agent2/ClipRate               0.239549
Agent3/ActorLoss              0.0390814
Agent3/Entropy                1.01778
Agent3/ISRatio                0.999691
Agent3/ClipRate               0.207616
Agent4/ActorLoss              0.0534829
Agent4/Entropy                1.54463
Agent4/ISRatio                0.999757
Agent4/ClipRate               0.265517
Agent5/ActorLoss              0.0466455
Agent5/Entropy                1.46274
Agent5/ISRatio                0.999853
Agent5/ClipRate               0.212043
Eps                           0.05
Episodes                  33600
Timesteps                     1.34386e+07
SamplingTime                208.274
TrainingTime                 35.1149
EpochTime                   267.217
TotalTime                 44744.9
------------------------  ---------------
2026-04-17 21:52:30.356167 UTC | [s1_260417_18:22:08] Episode 33800 | Eval Finished
------------------------  ---------------
Train/ReturnAverage         -39.425
Train/ReturnStd               5.1278
Train/ReturnMedian          -40
Train/ReturnMin             -60
Train/ReturnMax              -5
Train/DiscReturnAverage     -17.4526
Train/DiscReturnStd           1.62594
Train/DiscReturnMedian      -17.3068
Train/DiscReturnMin         -24.2595
Train/DiscReturnMax          -8.8006
Train/EpiLenAverage         400
Train/EpiLenStd               0
Train/EpiLenMedian          400
Train/EpiLenMin             400
Train/EpiLenMax             400
Train/NumDeliveryAverage      0
Train/NumDeliveryStd          0
Train/NumDeliveryMedian       0
Train/NumDeliveryMin          0
Train/NumDeliveryMax          0
Train/PickRateAverage         0
Train/PickRateStd             0
Train/PickRateMedian          0
Train/PickRateMin             0
Train/PickRateMax             0
Eval/ReturnAverage          -40
Eval/ReturnStd                0
Eval/ReturnMedian           -40
Eval/ReturnMin              -40
Eval/ReturnMax              -40
Eval/DiscReturnAverage      -17.3068
Eval/DiscReturnStd            0
Eval/DiscReturnMedian       -17.3068
Eval/DiscReturnMin          -17.3068
Eval/DiscReturnMax          -17.3068
Eval/EpiLenAverage          400
Eval/EpiLenStd                0
Eval/EpiLenMedian           400
Eval/EpiLenMin              400
Eval/EpiLenMax              400
Eval/NumDeliveryAverage       0
Eval/NumDeliveryStd           0
Eval/NumDeliveryMedian        0
Eval/NumDeliveryMin           0
Eval/NumDeliveryMax           0
Eval/PickRateAverage          0
Eval/PickRateStd              0
Eval/PickRateMedian           0
Eval/PickRateMin              0
Eval/PickRateMax              0
Agent0/NMacroActions        160.305
Agent1/NMacroActions        282.33
Agent2/NMacroActions        129.955
Agent3/NMacroActions        126.12
Agent4/NMacroActions        163.565
Agent5/NMacroActions        102.82
Joint/Value                   0.419611
Joint/Advantage               0.00103529
Joint/CriticLoss              0.0449302
Joint/VfCoef                  1
Agent0/ActorLoss             -0.0135959
Agent0/Entropy                1.12454
Agent0/ISRatio                0.999847
Agent0/ClipRate               0.188337
Agent1/ActorLoss             -0.0305405
Agent1/Entropy                1.19485
Agent1/ISRatio                1.00002
Agent1/ClipRate               0.239595
Agent2/ActorLoss             -0.018351
Agent2/Entropy                1.66573
Agent2/ISRatio                0.999996
Agent2/ClipRate               0.289628
Agent3/ActorLoss             -0.0434813
Agent3/Entropy                1.03833
Agent3/ISRatio                1.00015
Agent3/ClipRate               0.222142
Agent4/ActorLoss             -0.0166818
Agent4/Entropy                1.56617
Agent4/ISRatio                1.00001
Agent4/ClipRate               0.318706
Agent5/ActorLoss             -0.0246772
Agent5/Entropy                1.45008
Agent5/ISRatio                0.999923
Agent5/ClipRate               0.260688
Eps                           0.05
Episodes                  33800
Timesteps                     1.35186e+07
SamplingTime                209.437
TrainingTime                 34.5286
EpochTime                   267.204
TotalTime                 45012.2
------------------------  ---------------
2026-04-17 21:56:51.568706 UTC | [s1_260417_18:22:08] Episode 34000 | Eval Finished
------------------------  ---------------
Train/ReturnAverage         -39.775
Train/ReturnStd               3.01237
Train/ReturnMedian          -40
Train/ReturnMin             -50
Train/ReturnMax             -15
Train/DiscReturnAverage     -17.4439
Train/DiscReturnStd           1.07372
Train/DiscReturnMedian      -17.3068
Train/DiscReturnMin         -22.1249
Train/DiscReturnMax         -12.1702
Train/EpiLenAverage         400
Train/EpiLenStd               0
Train/EpiLenMedian          400
Train/EpiLenMin             400
Train/EpiLenMax             400
Train/NumDeliveryAverage      0
Train/NumDeliveryStd          0
Train/NumDeliveryMedian       0
Train/NumDeliveryMin          0
Train/NumDeliveryMax          0
Train/PickRateAverage         0
Train/PickRateStd             0
Train/PickRateMedian          0
Train/PickRateMin             0
Train/PickRateMax             0
Eval/ReturnAverage          -40
Eval/ReturnStd                0
Eval/ReturnMedian           -40
Eval/ReturnMin              -40
Eval/ReturnMax              -40
Eval/DiscReturnAverage      -17.3068
Eval/DiscReturnStd            0
Eval/DiscReturnMedian       -17.3068
Eval/DiscReturnMin          -17.3068
Eval/DiscReturnMax          -17.3068
Eval/EpiLenAverage          400
Eval/EpiLenStd                0
Eval/EpiLenMedian           400
Eval/EpiLenMin              400
Eval/EpiLenMax              400
Eval/NumDeliveryAverage       0
Eval/NumDeliveryStd           0
Eval/NumDeliveryMedian        0
Eval/NumDeliveryMin           0
Eval/NumDeliveryMax           0
Eval/PickRateAverage          0
Eval/PickRateStd              0
Eval/PickRateMedian           0
Eval/PickRateMin              0
Eval/PickRateMax              0
Agent0/NMacroActions        156.715
Agent1/NMacroActions        286.93
Agent2/NMacroActions        129.115
Agent3/NMacroActions        129.11
Agent4/NMacroActions        159.905
Agent5/NMacroActions        103.9
Joint/Value                   0.527715
Joint/Advantage              -0.000679023
Joint/CriticLoss              0.0280968
Joint/VfCoef                  1
Agent0/ActorLoss              0.0451661
Agent0/Entropy                1.17633
Agent0/ISRatio                0.999868
Agent0/ClipRate               0.175012
Agent1/ActorLoss              0.0314782
Agent1/Entropy                1.18824
Agent1/ISRatio                0.999925
Agent1/ClipRate               0.191117
Agent2/ActorLoss              0.0174466
Agent2/Entropy                1.67207
Agent2/ISRatio                0.999919
Agent2/ClipRate               0.226505
Agent3/ActorLoss              0.029439
Agent3/Entropy                1.04586
Agent3/ISRatio                0.999862
Agent3/ClipRate               0.18979
Agent4/ActorLoss              0.0358441
Agent4/Entropy                1.5435
Agent4/ISRatio                0.999856
Agent4/ClipRate               0.237362
Agent5/ActorLoss              0.0422038
Agent5/Entropy                1.45188
Agent5/ISRatio                0.999961
Agent5/ClipRate               0.201513
Eps                           0.05
Episodes                  34000
Timesteps                     1.35986e+07
SamplingTime                203.82
TrainingTime                 34.399
EpochTime                   261.147
TotalTime                 45273.3
------------------------  ---------------
2026-04-17 22:01:15.606001 UTC | [s1_260417_18:22:08] Episode 34200 | Eval Finished
------------------------  ---------------
Train/ReturnAverage         -39.975
Train/ReturnStd               3.29763
Train/ReturnMedian          -40
Train/ReturnMin             -50
Train/ReturnMax             -25
Train/DiscReturnAverage     -17.5506
Train/DiscReturnStd           1.03009
Train/DiscReturnMedian      -17.3068
Train/DiscReturnMin         -21.5446
Train/DiscReturnMax         -13.2654
Train/EpiLenAverage         400
Train/EpiLenStd               0
Train/EpiLenMedian          400
Train/EpiLenMin             400
Train/EpiLenMax             400
Train/NumDeliveryAverage      0
Train/NumDeliveryStd          0
Train/NumDeliveryMedian       0
Train/NumDeliveryMin          0
Train/NumDeliveryMax          0
Train/PickRateAverage         0
Train/PickRateStd             0
Train/PickRateMedian          0
Train/PickRateMin             0
Train/PickRateMax             0
Eval/ReturnAverage          -40
Eval/ReturnStd                0
Eval/ReturnMedian           -40
Eval/ReturnMin              -40
Eval/ReturnMax              -40
Eval/DiscReturnAverage      -17.3068
Eval/DiscReturnStd            0
Eval/DiscReturnMedian       -17.3068
Eval/DiscReturnMin          -17.3068
Eval/DiscReturnMax          -17.3068
Eval/EpiLenAverage          400
Eval/EpiLenStd                0
Eval/EpiLenMedian           400
Eval/EpiLenMin              400
Eval/EpiLenMax              400
Eval/NumDeliveryAverage       0
Eval/NumDeliveryStd           0
Eval/NumDeliveryMedian        0
Eval/NumDeliveryMin           0
Eval/NumDeliveryMax           0
Eval/PickRateAverage          0
Eval/PickRateStd              0
Eval/PickRateMedian           0
Eval/PickRateMin              0
Eval/PickRateMax              0
Agent0/NMacroActions        156.55
Agent1/NMacroActions        283.325
Agent2/NMacroActions        133.15
Agent3/NMacroActions        122.475
Agent4/NMacroActions        155.49
Agent5/NMacroActions        102.44
Joint/Value                   0.48415
Joint/Advantage              -0.000435041
Joint/CriticLoss              0.0348067
Joint/VfCoef                  1
Agent0/ActorLoss              0.106682
Agent0/Entropy                1.15366
Agent0/ISRatio                0.999761
Agent0/ClipRate               0.173735
Agent1/ActorLoss              0.0978449
Agent1/Entropy                1.21232
Agent1/ISRatio                0.999742
Agent1/ClipRate               0.220711
Agent2/ActorLoss              0.0657114
Agent2/Entropy                1.65361
Agent2/ISRatio                0.999794
Agent2/ClipRate               0.236225
Agent3/ActorLoss              0.0961171
Agent3/Entropy                1.09019
Agent3/ISRatio                0.999684
Agent3/ClipRate               0.233768
Agent4/ActorLoss              0.106896
Agent4/Entropy                1.56806
Agent4/ISRatio                0.9997
Agent4/ClipRate               0.247072
Agent5/ActorLoss              0.121062
Agent5/Entropy                1.48652
Agent5/ISRatio                0.99974
Agent5/ClipRate               0.236972
Eps                           0.05
Episodes                  34200
Timesteps                     1.36786e+07
SamplingTime                207.939
TrainingTime                 32.975
EpochTime                   263.977
TotalTime                 45537.3
------------------------  ---------------
2026-04-17 22:05:38.933124 UTC | [s1_260417_18:22:08] Episode 34400 | Eval Finished
------------------------  ---------------
Train/ReturnAverage         -39.675
Train/ReturnStd               2.83185
Train/ReturnMedian          -40
Train/ReturnMin             -45
Train/ReturnMax             -25
Train/DiscReturnAverage     -17.5076
Train/DiscReturnStd           1.03644
Train/DiscReturnMedian      -17.3068
Train/DiscReturnMin         -22.0863
Train/DiscReturnMax         -14.2829
Train/EpiLenAverage         400
Train/EpiLenStd               0
Train/EpiLenMedian          400
Train/EpiLenMin             400
Train/EpiLenMax             400
Train/NumDeliveryAverage      0
Train/NumDeliveryStd          0
Train/NumDeliveryMedian       0
Train/NumDeliveryMin          0
Train/NumDeliveryMax          0
Train/PickRateAverage         0
Train/PickRateStd             0
Train/PickRateMedian          0
Train/PickRateMin             0
Train/PickRateMax             0
Eval/ReturnAverage          -40
Eval/ReturnStd                0
Eval/ReturnMedian           -40
Eval/ReturnMin              -40
Eval/ReturnMax              -40
Eval/DiscReturnAverage      -17.3068
Eval/DiscReturnStd            0
Eval/DiscReturnMedian       -17.3068
Eval/DiscReturnMin          -17.3068
Eval/DiscReturnMax          -17.3068
Eval/EpiLenAverage          400
Eval/EpiLenStd                0
Eval/EpiLenMedian           400
Eval/EpiLenMin              400
Eval/EpiLenMax              400
Eval/NumDeliveryAverage       0
Eval/NumDeliveryStd           0
Eval/NumDeliveryMedian        0
Eval/NumDeliveryMin           0
Eval/NumDeliveryMax           0
Eval/PickRateAverage          0
Eval/PickRateStd              0
Eval/PickRateMedian           0
Eval/PickRateMin              0
Eval/PickRateMax              0
Agent0/NMacroActions        155.085
Agent1/NMacroActions        287.37
Agent2/NMacroActions        131.205
Agent3/NMacroActions        120.355
Agent4/NMacroActions        154.87
Agent5/NMacroActions        103.495
Joint/Value                   0.433454
Joint/Advantage               0.00042665
Joint/CriticLoss              0.0329914
Joint/VfCoef                  1
Agent0/ActorLoss              0.0769636
Agent0/Entropy                1.18074
Agent0/ISRatio                0.999761
Agent0/ClipRate               0.182792
Agent1/ActorLoss              0.0534346
Agent1/Entropy                1.25126
Agent1/ISRatio                0.999832
Agent1/ClipRate               0.204554
Agent2/ActorLoss              0.0546647
Agent2/Entropy                1.64798
Agent2/ISRatio                0.999802
Agent2/ClipRate               0.248022
Agent3/ActorLoss              0.0517886
Agent3/Entropy                1.11184
Agent3/ISRatio                0.999829
Agent3/ClipRate               0.231321
Agent4/ActorLoss              0.0442177
Agent4/Entropy                1.57446
Agent4/ISRatio                0.999829
Agent4/ClipRate               0.237564
Agent5/ActorLoss              0.0591176
Agent5/Entropy                1.49625
Agent5/ISRatio                0.999831
Agent5/ClipRate               0.224805
Eps                           0.05
Episodes                  34400
Timesteps                     1.37586e+07
SamplingTime                205.942
TrainingTime                 34.333
EpochTime                   263.257
TotalTime                 45800.5
------------------------  ---------------
2026-04-17 22:10:03.317940 UTC | [s1_260417_18:22:08] Episode 34600 | Eval Finished
------------------------  ---------------
Train/ReturnAverage         -39.35
Train/ReturnStd               3.51105
Train/ReturnMedian          -40
Train/ReturnMin             -50
Train/ReturnMax             -20
Train/DiscReturnAverage     -17.3892
Train/DiscReturnStd           1.02435
Train/DiscReturnMedian      -17.3068
Train/DiscReturnMin         -22.2099
Train/DiscReturnMax         -13.1849
Train/EpiLenAverage         400
Train/EpiLenStd               0
Train/EpiLenMedian          400
Train/EpiLenMin             400
Train/EpiLenMax             400
Train/NumDeliveryAverage      0
Train/NumDeliveryStd          0
Train/NumDeliveryMedian       0
Train/NumDeliveryMin          0
Train/NumDeliveryMax          0
Train/PickRateAverage         0
Train/PickRateStd             0
Train/PickRateMedian          0
Train/PickRateMin             0
Train/PickRateMax             0
Eval/ReturnAverage          -40
Eval/ReturnStd                0
Eval/ReturnMedian           -40
Eval/ReturnMin              -40
Eval/ReturnMax              -40
Eval/DiscReturnAverage      -17.3068
Eval/DiscReturnStd            0
Eval/DiscReturnMedian       -17.3068
Eval/DiscReturnMin          -17.3068
Eval/DiscReturnMax          -17.3068
Eval/EpiLenAverage          400
Eval/EpiLenStd                0
Eval/EpiLenMedian           400
Eval/EpiLenMin              400
Eval/EpiLenMax              400
Eval/NumDeliveryAverage       0
Eval/NumDeliveryStd           0
Eval/NumDeliveryMedian        0
Eval/NumDeliveryMin           0
Eval/NumDeliveryMax           0
Eval/PickRateAverage          0
Eval/PickRateStd              0
Eval/PickRateMedian           0
Eval/PickRateMin              0
Eval/PickRateMax              0
Agent0/NMacroActions        155.855
Agent1/NMacroActions        289.065
Agent2/NMacroActions        135.63
Agent3/NMacroActions        119.475
Agent4/NMacroActions        153.74
Agent5/NMacroActions        102.9
Joint/Value                   0.36943
Joint/Advantage              -0.000972638
Joint/CriticLoss              0.0356192
Joint/VfCoef                  1
Agent0/ActorLoss              0.045863
Agent0/Entropy                1.22754
Agent0/ISRatio                0.999892
Agent0/ClipRate               0.196876
Agent1/ActorLoss              0.0320547
Agent1/Entropy                1.25239
Agent1/ISRatio                0.999861
Agent1/ClipRate               0.197122
Agent2/ActorLoss              0.0423463
Agent2/Entropy                1.6363
Agent2/ISRatio                0.999976
Agent2/ClipRate               0.237928
Agent3/ActorLoss              0.0175388
Agent3/Entropy                1.12619
Agent3/ISRatio                0.999775
Agent3/ClipRate               0.20289
Agent4/ActorLoss              0.0334459
Agent4/Entropy                1.59791
Agent4/ISRatio                0.999786
Agent4/ClipRate               0.28297
Agent5/ActorLoss              0.0496411
Agent5/Entropy                1.53705
Agent5/ISRatio                0.999827
Agent5/ClipRate               0.225433
Eps                           0.05
Episodes                  34600
Timesteps                     1.38386e+07
SamplingTime                206.495
TrainingTime                 34.7375
EpochTime                   264.321
TotalTime                 46064.9
------------------------  ---------------
2026-04-17 22:14:29.121568 UTC | [s1_260417_18:22:08] Episode 34800 | Eval Finished
------------------------  ---------------
Train/ReturnAverage         -39.975
Train/ReturnStd               2.66915
Train/ReturnMedian          -40
Train/ReturnMin             -50
Train/ReturnMax             -25
Train/DiscReturnAverage     -17.5512
Train/DiscReturnStd           1.10295
Train/DiscReturnMedian      -17.3068
Train/DiscReturnMin         -22.6213
Train/DiscReturnMax         -14.17
Train/EpiLenAverage         400
Train/EpiLenStd               0
Train/EpiLenMedian          400
Train/EpiLenMin             400
Train/EpiLenMax             400
Train/NumDeliveryAverage      0
Train/NumDeliveryStd          0
Train/NumDeliveryMedian       0
Train/NumDeliveryMin          0
Train/NumDeliveryMax          0
Train/PickRateAverage         0
Train/PickRateStd             0
Train/PickRateMedian          0
Train/PickRateMin             0
Train/PickRateMax             0
Eval/ReturnAverage          -40
Eval/ReturnStd                0
Eval/ReturnMedian           -40
Eval/ReturnMin              -40
Eval/ReturnMax              -40
Eval/DiscReturnAverage      -17.3068
Eval/DiscReturnStd            0
Eval/DiscReturnMedian       -17.3068
Eval/DiscReturnMin          -17.3068
Eval/DiscReturnMax          -17.3068
Eval/EpiLenAverage          400
Eval/EpiLenStd                0
Eval/EpiLenMedian           400
Eval/EpiLenMin              400
Eval/EpiLenMax              400
Eval/NumDeliveryAverage       0
Eval/NumDeliveryStd           0
Eval/NumDeliveryMedian        0
Eval/NumDeliveryMin           0
Eval/NumDeliveryMax           0
Eval/PickRateAverage          0
Eval/PickRateStd              0
Eval/PickRateMedian           0
Eval/PickRateMin              0
Eval/PickRateMax              0
Agent0/NMacroActions        156.835
Agent1/NMacroActions        287.485
Agent2/NMacroActions        130.225
Agent3/NMacroActions        121.49
Agent4/NMacroActions        155.575
Agent5/NMacroActions        103.73
Joint/Value                   0.279597
Joint/Advantage               0.000147197
Joint/CriticLoss              0.03204
Joint/VfCoef                  1
Agent0/ActorLoss              0.0254674
Agent0/Entropy                1.21615
Agent0/ISRatio                0.999855
Agent0/ClipRate               0.19207
Agent1/ActorLoss              0.0218129
Agent1/Entropy                1.24256
Agent1/ISRatio                0.999903
Agent1/ClipRate               0.208341
Agent2/ActorLoss              0.0412175
Agent2/Entropy                1.66769
Agent2/ISRatio                0.999924
Agent2/ClipRate               0.216035
Agent3/ActorLoss              0.0180514
Agent3/Entropy                1.08703
Agent3/ISRatio                0.999784
Agent3/ClipRate               0.204896
Agent4/ActorLoss              0.0266329
Agent4/Entropy                1.5592
Agent4/ISRatio                0.999797
Agent4/ClipRate               0.259685
Agent5/ActorLoss              0.0316267
Agent5/Entropy                1.5544
Agent5/ISRatio                0.999967
Agent5/ClipRate               0.228572
Eps                           0.05
Episodes                  34800
Timesteps                     1.39186e+07
SamplingTime                208.029
TrainingTime                 34.2134
EpochTime                   265.743
TotalTime                 46330.6
------------------------  ---------------
2026-04-17 22:18:52.259884 UTC | [s1_260417_18:22:08] Episode 35000 | Eval Finished
------------------------  ---------------
Train/ReturnAverage         -39.95
Train/ReturnStd               2.4995
Train/ReturnMedian          -40
Train/ReturnMin             -45
Train/ReturnMax             -25
Train/DiscReturnAverage     -17.4531
Train/DiscReturnStd           0.823323
Train/DiscReturnMedian      -17.3068
Train/DiscReturnMin         -21.5023
Train/DiscReturnMax         -14.7009
Train/EpiLenAverage         400
Train/EpiLenStd               0
Train/EpiLenMedian          400
Train/EpiLenMin             400
Train/EpiLenMax             400
Train/NumDeliveryAverage      0
Train/NumDeliveryStd          0
Train/NumDeliveryMedian       0
Train/NumDeliveryMin          0
Train/NumDeliveryMax          0
Train/PickRateAverage         0
Train/PickRateStd             0
Train/PickRateMedian          0
Train/PickRateMin             0
Train/PickRateMax             0
Eval/ReturnAverage          -40
Eval/ReturnStd                0
Eval/ReturnMedian           -40
Eval/ReturnMin              -40
Eval/ReturnMax              -40
Eval/DiscReturnAverage      -17.3068
Eval/DiscReturnStd            0
Eval/DiscReturnMedian       -17.3068
Eval/DiscReturnMin          -17.3068
Eval/DiscReturnMax          -17.3068
Eval/EpiLenAverage          400
Eval/EpiLenStd                0
Eval/EpiLenMedian           400
Eval/EpiLenMin              400
Eval/EpiLenMax              400
Eval/NumDeliveryAverage       0
Eval/NumDeliveryStd           0
Eval/NumDeliveryMedian        0
Eval/NumDeliveryMin           0
Eval/NumDeliveryMax           0
Eval/PickRateAverage          0
Eval/PickRateStd              0
Eval/PickRateMedian           0
Eval/PickRateMin              0
Eval/PickRateMax              0
Agent0/NMacroActions        154.37
Agent1/NMacroActions        288.225
Agent2/NMacroActions        132.405
Agent3/NMacroActions        124.92
Agent4/NMacroActions        157.375
Agent5/NMacroActions        102.17
Joint/Value                   0.340447
Joint/Advantage               0.000200948
Joint/CriticLoss              0.0249865
Joint/VfCoef                  1
Agent0/ActorLoss              0.0107753
Agent0/Entropy                1.25551
Agent0/ISRatio                0.999882
Agent0/ClipRate               0.168571
Agent1/ActorLoss              0.00814479
Agent1/Entropy                1.24812
Agent1/ISRatio                0.999941
Agent1/ClipRate               0.196203
Agent2/ActorLoss              0.0216425
Agent2/Entropy                1.65929
Agent2/ISRatio                0.999911
Agent2/ClipRate               0.219459
Agent3/ActorLoss             -0.00700947
Agent3/Entropy                1.093
Agent3/ISRatio                0.99997
Agent3/ClipRate               0.165528
Agent4/ActorLoss              0.0200172
Agent4/Entropy                1.54268
Agent4/ISRatio                0.999961
Agent4/ClipRate               0.233645
Agent5/ActorLoss              0.0286564
Agent5/Entropy                1.58445
Agent5/ISRatio                0.999866
Agent5/ClipRate               0.242483
Eps                           0.05
Episodes                  35000
Timesteps                     1.39986e+07
SamplingTime                205.97
TrainingTime                 34.1049
EpochTime                   263.075
TotalTime                 46593.7
------------------------  ---------------
2026-04-17 22:23:16.252150 UTC | [s1_260417_18:22:08] Episode 35200 | Eval Finished
------------------------  ---------------
Train/ReturnAverage         -39.675
Train/ReturnStd               3.93946
Train/ReturnMedian          -40
Train/ReturnMin             -50
Train/ReturnMax             -15
Train/DiscReturnAverage     -17.4466
Train/DiscReturnStd           1.2511
Train/DiscReturnMedian      -17.3068
Train/DiscReturnMin         -24.0101
Train/DiscReturnMax         -11.3858
Train/EpiLenAverage         400
Train/EpiLenStd               0
Train/EpiLenMedian          400
Train/EpiLenMin             400
Train/EpiLenMax             400
Train/NumDeliveryAverage      0
Train/NumDeliveryStd          0
Train/NumDeliveryMedian       0
Train/NumDeliveryMin          0
Train/NumDeliveryMax          0
Train/PickRateAverage         0
Train/PickRateStd             0
Train/PickRateMedian          0
Train/PickRateMin             0
Train/PickRateMax             0
Eval/ReturnAverage          -40
Eval/ReturnStd                0
Eval/ReturnMedian           -40
Eval/ReturnMin              -40
Eval/ReturnMax              -40
Eval/DiscReturnAverage      -17.3068
Eval/DiscReturnStd            0
Eval/DiscReturnMedian       -17.3068
Eval/DiscReturnMin          -17.3068
Eval/DiscReturnMax          -17.3068
Eval/EpiLenAverage          400
Eval/EpiLenStd                0
Eval/EpiLenMedian           400
Eval/EpiLenMin              400
Eval/EpiLenMax              400
Eval/NumDeliveryAverage       0
Eval/NumDeliveryStd           0
Eval/NumDeliveryMedian        0
Eval/NumDeliveryMin           0
Eval/NumDeliveryMax           0
Eval/PickRateAverage          0
Eval/PickRateStd              0
Eval/PickRateMedian           0
Eval/PickRateMin              0
Eval/PickRateMax              0
Agent0/NMacroActions        155.88
Agent1/NMacroActions        287.09
Agent2/NMacroActions        131.235
Agent3/NMacroActions        132.44
Agent4/NMacroActions        160.845
Agent5/NMacroActions        103.32
Joint/Value                   0.36309
Joint/Advantage              -0.00034207
Joint/CriticLoss              0.0338537
Joint/VfCoef                  1
Agent0/ActorLoss              0.0370892
Agent0/Entropy                1.26628
Agent0/ISRatio                0.999863
Agent0/ClipRate               0.190114
Agent1/ActorLoss              0.0113034
Agent1/Entropy                1.24065
Agent1/ISRatio                0.99986
Agent1/ClipRate               0.200912
Agent2/ActorLoss              0.0289975
Agent2/Entropy                1.67935
Agent2/ISRatio                0.999816
Agent2/ClipRate               0.262389
Agent3/ActorLoss              0.0284336
Agent3/Entropy                1.08496
Agent3/ISRatio                0.999954
Agent3/ClipRate               0.216757
Agent4/ActorLoss              0.0225088
Agent4/Entropy                1.55543
Agent4/ISRatio                0.999844
Agent4/ClipRate               0.284842
Agent5/ActorLoss              0.0542478
Agent5/Entropy                1.5718
Agent5/ISRatio                0.999856
Agent5/ClipRate               0.222948
Eps                           0.05
Episodes                  35200
Timesteps                     1.40786e+07
SamplingTime                206.402
TrainingTime                 33.9505
EpochTime                   263.947
TotalTime                 46857.6
------------------------  ---------------
2026-04-17 22:27:42.837883 UTC | [s1_260417_18:22:08] Episode 35400 | Eval Finished
------------------------  ---------------
Train/ReturnAverage         -39.35
Train/ReturnStd               3.01289
Train/ReturnMedian          -40
Train/ReturnMin             -45
Train/ReturnMax             -20
Train/DiscReturnAverage     -17.2884
Train/DiscReturnStd           0.868157
Train/DiscReturnMedian      -17.3068
Train/DiscReturnMin         -21.0831
Train/DiscReturnMax         -12.3305
Train/EpiLenAverage         400
Train/EpiLenStd               0
Train/EpiLenMedian          400
Train/EpiLenMin             400
Train/EpiLenMax             400
Train/NumDeliveryAverage      0
Train/NumDeliveryStd          0
Train/NumDeliveryMedian       0
Train/NumDeliveryMin          0
Train/NumDeliveryMax          0
Train/PickRateAverage         0
Train/PickRateStd             0
Train/PickRateMedian          0
Train/PickRateMin             0
Train/PickRateMax             0
Eval/ReturnAverage          -40
Eval/ReturnStd                0
Eval/ReturnMedian           -40
Eval/ReturnMin              -40
Eval/ReturnMax              -40
Eval/DiscReturnAverage      -17.3068
Eval/DiscReturnStd            0
Eval/DiscReturnMedian       -17.3068
Eval/DiscReturnMin          -17.3068
Eval/DiscReturnMax          -17.3068
Eval/EpiLenAverage          400
Eval/EpiLenStd                0
Eval/EpiLenMedian           400
Eval/EpiLenMin              400
Eval/EpiLenMax              400
Eval/NumDeliveryAverage       0
Eval/NumDeliveryStd           0
Eval/NumDeliveryMedian        0
Eval/NumDeliveryMin           0
Eval/NumDeliveryMax           0
Eval/PickRateAverage          0
Eval/PickRateStd              0
Eval/PickRateMedian           0
Eval/PickRateMin              0
Eval/PickRateMax              0
Agent0/NMacroActions        152.015
Agent1/NMacroActions        287.47
Agent2/NMacroActions        136.49
Agent3/NMacroActions        126.895
Agent4/NMacroActions        155.76
Agent5/NMacroActions        102.005
Joint/Value                   0.425212
Joint/Advantage               0.000353162
Joint/CriticLoss              0.0369992
Joint/VfCoef                  1
Agent0/ActorLoss             -0.0187391
Agent0/Entropy                1.25029
Agent0/ISRatio                0.999954
Agent0/ClipRate               0.202451
Agent1/ActorLoss             -0.0185171
Agent1/Entropy                1.24639
Agent1/ISRatio                1.00005
Agent1/ClipRate               0.249884
Agent2/ActorLoss             -0.0145525
Agent2/Entropy                1.64483
Agent2/ISRatio                1.00005
Agent2/ClipRate               0.256517
Agent3/ActorLoss             -0.00594084
Agent3/Entropy                1.11093
Agent3/ISRatio                0.999964
Agent3/ClipRate               0.210609
Agent4/ActorLoss             -0.0245458
Agent4/Entropy                1.52579
Agent4/ISRatio                0.999967
Agent4/ClipRate               0.294388
Agent5/ActorLoss             -0.00089008
Agent5/Entropy                1.55855
Agent5/ISRatio                0.999971
Agent5/ClipRate               0.20815
Eps                           0.05
Episodes                  35400
Timesteps                     1.41586e+07
SamplingTime                208.918
TrainingTime                 34.0128
EpochTime                   266.522
TotalTime                 47124.1
------------------------  ---------------
